model,selected_on_validation,threshold,n,positives,TP,FP,FN,TN,precision,recall,FPR,F1,AP,AUC
raw_full_lr,False,0.9750310217893824,122,3,0,1,3,118,0.0,0.0,0.0084033613445378,0.0,0.2314814814814814,0.9131652661064428
raw_matched_lr,False,0.9816964006191397,122,3,0,1,3,118,0.0,0.0,0.0084033613445378,0.0,0.1810966810966811,0.8879551820728291
raw_full_rf,False,0.4127792834390646,122,3,3,11,0,108,0.2142857142857142,1.0,0.0924369747899159,0.3529411764705882,0.4833333333333333,0.9523809523809524
raw_matched_rf,False,0.5287362420443699,122,3,3,10,0,109,0.2307692307692307,1.0,0.0840336134453781,0.375,0.5074074074074074,0.96078431372549
ridge_residual_lr,True,0.9648626157167328,122,3,0,0,3,119,0.0,0.0,0.0,0.0,0.2621212121212121,0.9299719887955182
ridge_augmented_lr,False,0.8740092028342296,122,3,0,2,3,117,0.0,0.0,0.0168067226890756,0.0,0.3010335917312661,0.876750700280112
ridge_augmented_rf,False,0.5677342806727657,122,3,2,7,1,112,0.2222222222222222,0.6666666666666666,0.0588235294117647,0.3333333333333333,0.3666666666666667,0.9551820728291316
extra_residual_lr,False,0.8467769779002614,122,3,0,2,3,117,0.0,0.0,0.0168067226890756,0.0,0.2296050203026947,0.8683473389355741
extra_augmented_lr,False,0.8731548436618402,122,3,0,1,3,118,0.0,0.0,0.0084033613445378,0.0,0.2986111111111111,0.8599439775910365
extra_augmented_rf,False,0.4316996528347386,122,3,2,9,1,110,0.1818181818181818,0.6666666666666666,0.0756302521008403,0.2857142857142857,0.4601449275362319,0.9271708683473388
ridge_unsupervised_top3,False,18.427027731275235,122,3,0,0,3,119,0.0,0.0,0.0,0.0,0.1095117845117845,0.6330532212885154
extra_unsupervised_top3,False,19.27406902749721,122,3,0,0,3,119,0.0,0.0,0.0,0.0,0.0555821371610845,0.6190476190476191
