Injection_Time,Filling_Time,Plasticizing_Time,Cycle_Time,Clamp_Close_Time,Cushion_Position,Plasticizing_Position,Clamp_Open_Position,Max_Injection_Speed,Max_Screw_RPM,Average_Screw_RPM,Max_Injection_Pressure,Max_Switch_Over_Pressure,Max_Back_Pressure,Average_Back_Pressure,Barrel_Temperature_1,Barrel_Temperature_2,Barrel_Temperature_3,Barrel_Temperature_4,Barrel_Temperature_5,Barrel_Temperature_6,Hopper_Temperature,Mold_Temperature_3,Mold_Temperature_4,label,prediction,score,category,pattern_row
1.2778881427639106,1.0884423010556434,-0.2816916370241243,0.36104749346610326,0.978580361513066,-0.7111644212715653,1.4716080594590133,0.0,-0.37363140406856615,0.8948528614473485,-0.13202164084538018,0.6352098982042783,1.256517846341055,-1.2685314782559842,-1.2960369510559453,-0.392505381545769,-1.598067666144733,2.183349812517176,-1.0264522274911068,-1.5305699654423388,1.3792866238268513,-0.9747332447501422,1.2376965969602847,1.3871048330551345,1,1,0.8013788145959428,TP,57
1.6791231457990747,1.4913973266059182,-0.42893304924863257,1.3778566394610936,0.978580361513066,-0.7111644212715653,1.4716080594590133,0.0,-0.9577081563414782,-1.641030040707891,-0.13202164084538018,0.6352098982042783,0.623042399398512,-0.5648281469662223,-0.5337734380587921,-1.0654248379979097,0.3449574316137456,-1.9414955460935717,0.6316022484226123,0.3158922709251282,-1.352970421883273,-0.7732950980447828,1.2376965969602847,1.3871048330551345,1,1,0.5443122772939077,TP,50
1.2778881427639106,1.4913973266059182,-0.42893304924863257,1.3778566394610936,0.978580361513066,-0.7111644212715653,1.4716080594590133,0.0,-0.9577081563414782,0.8948528614473485,-0.13202164084538018,-0.40997544119473406,-0.01048137862261042,-0.740752302019579,-0.5337734380587921,1.177731291099114,-1.3205531603132479,0.279582480052895,1.141769862296529,0.3158922709251282,-1.352970421883273,-1.075448476063022,1.309230796107309,1.3871048330551345,1,1,0.5281163008714507,TP,51
1.2778881427639106,1.0884423010556434,-0.5761838232109475,1.8862612124585887,0.978580361513066,-0.7111644212715653,1.4716080594590133,0.0,-0.9577081563414782,0.049553186478838565,-0.13202164084538018,-0.40997544119473406,0.3062805103879508,-0.740752302019579,-0.5337734380587921,1.177731291099114,0.06735821439464394,-0.0377282136292905,1.0142571512985166,0.008132912368788797,-0.8975710862039038,-0.06828079477502394,1.309230796107309,1.3871048330551345,0,1,0.7346434723372521,FP,42
0.8766531397287465,1.0884423010556434,-0.5271002318901759,0.36104749346610326,0.978580361513066,-0.7111644212715653,1.4716080594590133,0.0,-0.7630183812301254,0.049553186478838565,-1.2905901162753592,0.6352098982042783,0.623042399398512,-1.620386499439033,-1.2960369510559453,-0.16817607749758343,-0.7653547258750445,0.5968931737350806,-0.7713878822011261,0.6236046719961829,1.834616475323175,-0.47114940410614314,1.2376965969602847,1.3871048330551345,0,1,0.7346186378573766,FP,66
1.2778881427639106,1.4913973266059182,-0.5271002318901759,0.36104749346610326,0.978580361513066,-0.7111644212715653,1.4716080594590133,0.0,-1.152397931452831,0.049553186478838565,-1.2905901162753592,0.6352098982042783,0.9397559573304937,-1.2685314782559842,-0.9148979250737528,-0.392505381545769,0.06735821439464394,-0.0377282136292905,-1.154003861783075,-1.2228106068859994,0.4685574366511583,-0.571864635419023,1.2376965969602847,1.3871048330551345,0,1,0.7333595932791714,FP,28
0.47545640056951544,0.6854680606359991,-0.33076586660708923,0.36104749346610326,0.978580361513066,-0.7111644212715653,1.592428553832081,0.0,-0.5683211791799189,-0.7957303657393812,-1.2905901162753592,-1.4550013077009483,-0.01048137862261042,-1.620386499439033,-1.6771614380709061,0.0561532265506022,-0.7653547258750445,1.2314177314706196,0.3765379031326314,0.008132912368788797,1.3792866238268513,-1.176163707375902,1.309230796107309,1.4368695410664942,0,1,0.6631055936957148,FP,35
0.8766531397287465,1.0884423010556434,-0.47801664056940424,0.36104749346610326,0.978580361513066,-0.7111644212715653,1.4716080594590133,0.0,-0.7630183812301254,-0.7957303657393812,-0.13202164084538018,-0.40997544119473406,-0.01048137862261042,-1.620386499439033,-1.6771614380709061,-0.6168346855939546,0.06735821439464394,0.914107037788434,-1.281555496075043,-0.29962644618755063,0.923887288147482,-0.9747332447501422,1.309230796107309,1.3871048330551345,0,1,0.6179535072404945,FP,75
1.2778881427639106,1.0884423010556434,-0.3798494579278609,0.36104749346610326,0.978580361513066,-0.7111644212715653,1.532018306645547,0.0,-0.7630183812301254,0.049553186478838565,-0.13202164084538018,0.6352098982042783,1.256517846341055,-0.9166764570729355,-0.9148979250737528,0.7290726830027427,0.3449574316137456,-0.355038907311476,-1.281555496075043,-1.8383293239986782,0.4685574366511583,-0.7732950980447828,1.309230796107309,1.3871048330551345,0,1,0.6007128398761593,FP,76
0.47545640056951544,0.6854680606359991,-0.6252674145317192,1.3778566394610936,0.978580361513066,-0.7111644212715653,1.4716080594590133,0.0,-0.37363140406856615,0.049553186478838565,-0.13202164084538018,-1.4550013077009483,-0.9606703834971348,-1.2685314782559842,-0.9148979250737528,-1.2897541420460952,-0.21015629143684125,0.279582480052895,1.9070407447543825,1.239076431623577,0.923887288147482,-1.780462779332781,1.0946281986662358,1.2875735186304924,0,1,0.5806413664345194,FP,14
0.8766531397287465,0.6854680606359991,-0.5271002318901759,0.36104749346610326,0.978580361513066,-0.7111644212715653,1.592428553832081,0.0,-0.7630183812301254,-0.7957303657393812,-0.13202164084538018,-0.40997544119473406,-0.01048137862261042,-1.2685314782559842,-1.2960369510559453,-0.16817607749758343,-0.48775550865594286,0.5968931737350806,0.6316022484226123,0.3158922709251282,-1.352970421883273,-0.8740180134372624,1.2376965969602847,1.3871048330551345,0,1,0.5144719105317118,FP,72
