target,extra,ridge
Average_Back_Pressure,0.757581816085322,0.9452876160478648
Average_Screw_RPM,0.13877661618848613,0.8206537518241755
Barrel_Temperature_1,-0.026273917473336676,-0.06444062267816845
Barrel_Temperature_2,-0.04259623849765388,-0.18755797725392503
Barrel_Temperature_3,0.004853972477885927,-0.14056513763127665
Barrel_Temperature_4,0.24810730827686506,0.1854707645783217
Barrel_Temperature_5,-0.05291698463643993,-0.3111999412094302
Barrel_Temperature_6,-0.06580815096980867,-0.16815965951384534
Clamp_Close_Time,0.5628422112541074,0.5274389915142939
Cushion_Position,0.5508423028036564,0.6515056078668585
Cycle_Time,0.5300642030612749,0.48681775692107815
Filling_Time,0.755148458144222,0.9605754096590386
Hopper_Temperature,0.7378803048614179,0.261038028008602
Injection_Time,0.7679572528682158,0.95145411872292
Max_Back_Pressure,0.9347805476833412,0.9605554502339299
Max_Injection_Pressure,0.4070831800185792,0.6773890265930125
Max_Injection_Speed,0.555874697763931,0.9770088010910198
Max_Screw_RPM,0.033473263937655824,0.0539393041839041
Max_Switch_Over_Pressure,0.4653946890215407,0.7732300449387095
Mold_Temperature_3,0.9727237147986693,0.952160673564567
Mold_Temperature_4,0.9865472265310125,0.9879586755202441
Plasticizing_Position,0.9648747734222513,0.9390788937046266
Plasticizing_Time,0.1296886590093096,0.6074662189100379
