pattern_row,pattern_id,normal_count,defect_count,total_count,representative_label,conflicting,pattern_type,source_ids,source_rows,representative_source_id,representative_source_row
0,CN7_L_000000,1,0,1,0,False,normal_only,[0],[0],0,0
1,CN7_L_000001,2,0,2,0,False,normal_only,"[1, 2]","[1, 2]",1,1
2,CN7_L_000002,2,0,2,0,False,normal_only,"[3, 4]","[3, 4]",3,3
3,CN7_L_000003,2,0,2,0,False,normal_only,"[5, 6]","[5, 6]",5,5
4,CN7_L_000004,2,0,2,0,False,normal_only,"[7, 8]","[7, 8]",7,7
5,CN7_L_000005,2,0,2,0,False,normal_only,"[9, 10]","[9, 10]",9,9
6,CN7_L_000006,2,0,2,0,False,normal_only,"[11, 12]","[11, 12]",11,11
7,CN7_L_000007,2,0,2,0,False,normal_only,"[13, 14]","[13, 14]",13,13
8,CN7_L_000008,2,0,2,0,False,normal_only,"[15, 16]","[15, 16]",15,15
9,CN7_L_000009,2,0,2,0,False,normal_only,"[17, 18]","[17, 18]",17,17
10,CN7_L_000010,2,0,2,0,False,normal_only,"[19, 20]","[19, 20]",19,19
11,CN7_L_000011,2,0,2,0,False,normal_only,"[21, 22]","[21, 22]",21,21
12,CN7_L_000012,2,0,2,0,False,normal_only,"[23, 24]","[23, 24]",23,23
13,CN7_L_000013,2,0,2,0,False,normal_only,"[25, 26]","[25, 26]",25,25
14,CN7_L_000014,2,0,2,0,False,normal_only,"[27, 28]","[27, 28]",27,27
15,CN7_L_000015,2,0,2,0,False,normal_only,"[29, 30]","[29, 30]",29,29
16,CN7_L_000016,2,0,2,0,False,normal_only,"[31, 32]","[31, 32]",31,31
17,CN7_L_000017,2,0,2,0,False,normal_only,"[33, 34]","[33, 34]",33,33
18,CN7_L_000018,2,0,2,0,False,normal_only,"[35, 36]","[35, 36]",35,35
19,CN7_L_000019,2,0,2,0,False,normal_only,"[37, 38]","[37, 38]",37,37
20,CN7_L_000020,2,0,2,0,False,normal_only,"[39, 40]","[39, 40]",39,39
21,CN7_L_000021,2,0,2,0,False,normal_only,"[41, 42]","[41, 42]",41,41
22,CN7_L_000022,2,0,2,0,False,normal_only,"[43, 44]","[43, 44]",43,43
23,CN7_L_000023,2,0,2,0,False,normal_only,"[45, 46]","[45, 46]",45,45
24,CN7_L_000024,1,1,2,1,True,conflicting,"[47, 48]","[47, 48]",47,47
25,CN7_L_000025,2,0,2,0,False,normal_only,"[49, 50]","[49, 50]",49,49
26,CN7_L_000026,2,0,2,0,False,normal_only,"[51, 52]","[51, 52]",51,51
27,CN7_L_000027,2,0,2,0,False,normal_only,"[53, 54]","[53, 54]",53,53
28,CN7_L_000028,2,0,2,0,False,normal_only,"[55, 56]","[55, 56]",55,55
29,CN7_L_000029,2,0,2,0,False,normal_only,"[57, 58]","[57, 58]",57,57
30,CN7_L_000030,2,0,2,0,False,normal_only,"[59, 60]","[59, 60]",59,59
31,CN7_L_000031,2,0,2,0,False,normal_only,"[61, 62]","[61, 62]",61,61
32,CN7_L_000032,2,0,2,0,False,normal_only,"[63, 64]","[63, 64]",63,63
33,CN7_L_000033,2,0,2,0,False,normal_only,"[65, 66]","[65, 66]",65,65
34,CN7_L_000034,2,0,2,0,False,normal_only,"[67, 68]","[67, 68]",67,67
35,CN7_L_000035,2,0,2,0,False,normal_only,"[69, 70]","[69, 70]",69,69
36,CN7_L_000036,2,0,2,0,False,normal_only,"[71, 72]","[71, 72]",71,71
37,CN7_L_000037,2,0,2,0,False,normal_only,"[73, 74]","[73, 74]",73,73
38,CN7_L_000038,2,0,2,0,False,normal_only,"[75, 76]","[75, 76]",75,75
39,CN7_L_000039,2,0,2,0,False,normal_only,"[77, 78]","[77, 78]",77,77
40,CN7_L_000040,1,1,2,1,True,conflicting,"[79, 80]","[79, 80]",80,80
41,CN7_L_000041,2,0,2,0,False,normal_only,"[81, 82]","[81, 82]",81,81
42,CN7_L_000042,2,0,2,0,False,normal_only,"[83, 84]","[83, 84]",83,83
43,CN7_L_000043,2,0,2,0,False,normal_only,"[85, 86]","[85, 86]",85,85
44,CN7_L_000044,2,0,2,0,False,normal_only,"[87, 88]","[87, 88]",87,87
45,CN7_L_000045,2,0,2,0,False,normal_only,"[89, 90]","[89, 90]",89,89
46,CN7_L_000046,2,0,2,0,False,normal_only,"[91, 92]","[91, 92]",91,91
47,CN7_L_000047,2,0,2,0,False,normal_only,"[93, 94]","[93, 94]",93,93
48,CN7_L_000048,1,1,2,1,True,conflicting,"[95, 96]","[95, 96]",95,95
49,CN7_L_000049,2,0,2,0,False,normal_only,"[97, 98]","[97, 98]",97,97
50,CN7_L_000050,1,1,2,1,True,conflicting,"[99, 100]","[99, 100]",99,99
51,CN7_L_000051,1,1,2,1,True,conflicting,"[101, 102]","[101, 102]",101,101
52,CN7_L_000052,1,1,2,1,True,conflicting,"[103, 104]","[103, 104]",103,103
53,CN7_L_000053,1,1,2,1,True,conflicting,"[105, 106]","[105, 106]",105,105
54,CN7_L_000054,1,1,2,1,True,conflicting,"[107, 108]","[107, 108]",107,107
55,CN7_L_000055,1,1,2,1,True,conflicting,"[109, 110]","[109, 110]",109,109
56,CN7_L_000056,1,1,2,1,True,conflicting,"[111, 112]","[111, 112]",111,111
57,CN7_L_000057,1,1,2,1,True,conflicting,"[113, 114]","[113, 114]",113,113
58,CN7_L_000058,0,2,2,1,False,defect_only,"[115, 116]","[115, 116]",115,115
59,CN7_L_000059,0,2,2,1,False,defect_only,"[117, 118]","[117, 118]",117,117
60,CN7_L_000060,0,2,2,1,False,defect_only,"[119, 120]","[119, 120]",119,119
61,CN7_L_000061,2,0,2,0,False,normal_only,"[121, 122]","[121, 122]",121,121
62,CN7_L_000062,2,0,2,0,False,normal_only,"[123, 124]","[123, 124]",123,123
63,CN7_L_000063,2,0,2,0,False,normal_only,"[125, 126]","[125, 126]",125,125
64,CN7_L_000064,2,0,2,0,False,normal_only,"[127, 128]","[127, 128]",127,127
65,CN7_L_000065,2,0,2,0,False,normal_only,"[129, 130]","[129, 130]",129,129
66,CN7_L_000066,2,0,2,0,False,normal_only,"[131, 132]","[131, 132]",131,131
67,CN7_L_000067,2,0,2,0,False,normal_only,"[133, 134]","[133, 134]",133,133
68,CN7_L_000068,2,0,2,0,False,normal_only,"[135, 136]","[135, 136]",135,135
69,CN7_L_000069,2,0,2,0,False,normal_only,"[137, 138]","[137, 138]",137,137
70,CN7_L_000070,2,0,2,0,False,normal_only,"[139, 140]","[139, 140]",139,139
71,CN7_L_000071,2,0,2,0,False,normal_only,"[141, 142]","[141, 142]",141,141
72,CN7_L_000072,2,0,2,0,False,normal_only,"[143, 144]","[143, 144]",143,143
73,CN7_L_000073,2,0,2,0,False,normal_only,"[145, 146]","[145, 146]",145,145
74,CN7_L_000074,2,0,2,0,False,normal_only,"[147, 148]","[147, 148]",147,147
75,CN7_L_000075,2,0,2,0,False,normal_only,"[149, 150]","[149, 150]",149,149
76,CN7_L_000076,2,0,2,0,False,normal_only,"[151, 152]","[151, 152]",151,151
77,CN7_L_000077,2,0,2,0,False,normal_only,"[153, 154]","[153, 154]",153,153
78,CN7_L_000078,2,0,2,0,False,normal_only,"[155, 156]","[155, 156]",155,155
79,CN7_L_000079,2,0,2,0,False,normal_only,"[157, 158]","[157, 158]",157,157
80,CN7_L_000080,2,0,2,0,False,normal_only,"[159, 160]","[159, 160]",159,159
81,CN7_L_000081,2,0,2,0,False,normal_only,"[161, 162]","[161, 162]",161,161
82,CN7_L_000082,2,0,2,0,False,normal_only,"[163, 164]","[163, 164]",163,163
83,CN7_L_000083,2,0,2,0,False,normal_only,"[165, 166]","[165, 166]",165,165
84,CN7_L_000084,2,0,2,0,False,normal_only,"[167, 168]","[167, 168]",167,167
85,CN7_L_000085,2,0,2,0,False,normal_only,"[169, 170]","[169, 170]",169,169
86,CN7_L_000086,2,0,2,0,False,normal_only,"[171, 172]","[171, 172]",171,171
87,CN7_L_000087,2,0,2,0,False,normal_only,"[173, 174]","[173, 174]",173,173
88,CN7_L_000088,2,0,2,0,False,normal_only,"[175, 176]","[175, 176]",175,175
89,CN7_L_000089,2,0,2,0,False,normal_only,"[177, 178]","[177, 178]",177,177
90,CN7_L_000090,2,0,2,0,False,normal_only,"[179, 180]","[179, 180]",179,179
91,CN7_L_000091,2,0,2,0,False,normal_only,"[181, 182]","[181, 182]",181,181
92,CN7_L_000092,2,0,2,0,False,normal_only,"[183, 184]","[183, 184]",183,183
93,CN7_L_000093,2,0,2,0,False,normal_only,"[185, 186]","[185, 186]",185,185
94,CN7_L_000094,2,0,2,0,False,normal_only,"[187, 188]","[187, 188]",187,187
95,CN7_L_000095,2,0,2,0,False,normal_only,"[189, 190]","[189, 190]",189,189
96,CN7_L_000096,2,0,2,0,False,normal_only,"[191, 192]","[191, 192]",191,191
97,CN7_L_000097,2,0,2,0,False,normal_only,"[193, 194]","[193, 194]",193,193
98,CN7_L_000098,2,0,2,0,False,normal_only,"[195, 196]","[195, 196]",195,195
99,CN7_L_000099,2,0,2,0,False,normal_only,"[197, 198]","[197, 198]",197,197
100,CN7_L_000100,2,0,2,0,False,normal_only,"[199, 200]","[199, 200]",199,199
101,CN7_L_000101,2,0,2,0,False,normal_only,"[201, 202]","[201, 202]",201,201
102,CN7_L_000102,2,0,2,0,False,normal_only,"[203, 204]","[203, 204]",203,203
103,CN7_L_000103,2,0,2,0,False,normal_only,"[205, 206]","[205, 206]",205,205
104,CN7_L_000104,2,0,2,0,False,normal_only,"[207, 208]","[207, 208]",207,207
105,CN7_L_000105,2,0,2,0,False,normal_only,"[209, 210]","[209, 210]",209,209
106,CN7_L_000106,2,0,2,0,False,normal_only,"[211, 212]","[211, 212]",211,211
107,CN7_L_000107,2,0,2,0,False,normal_only,"[213, 214]","[213, 214]",213,213
108,CN7_L_000108,2,0,2,0,False,normal_only,"[215, 216]","[215, 216]",215,215
109,CN7_L_000109,2,0,2,0,False,normal_only,"[217, 218]","[217, 218]",217,217
110,CN7_L_000110,2,0,2,0,False,normal_only,"[219, 220]","[219, 220]",219,219
111,CN7_L_000111,2,0,2,0,False,normal_only,"[221, 222]","[221, 222]",221,221
112,CN7_L_000112,2,0,2,0,False,normal_only,"[223, 224]","[223, 224]",223,223
113,CN7_L_000113,2,0,2,0,False,normal_only,"[225, 226]","[225, 226]",225,225
114,CN7_L_000114,2,0,2,0,False,normal_only,"[227, 228]","[227, 228]",227,227
115,CN7_L_000115,2,0,2,0,False,normal_only,"[229, 230]","[229, 230]",229,229
116,CN7_L_000116,2,0,2,0,False,normal_only,"[231, 232]","[231, 232]",231,231
117,CN7_L_000117,2,0,2,0,False,normal_only,"[233, 234]","[233, 234]",233,233
118,CN7_L_000118,2,0,2,0,False,normal_only,"[235, 236]","[235, 236]",235,235
119,CN7_L_000119,2,0,2,0,False,normal_only,"[237, 238]","[237, 238]",237,237
120,CN7_L_000120,2,0,2,0,False,normal_only,"[239, 240]","[239, 240]",239,239
121,CN7_L_000121,2,0,2,0,False,normal_only,"[241, 242]","[241, 242]",241,241
122,CN7_L_000122,2,0,2,0,False,normal_only,"[243, 244]","[243, 244]",243,243
123,CN7_L_000123,2,0,2,0,False,normal_only,"[245, 246]","[245, 246]",245,245
124,CN7_L_000124,2,0,2,0,False,normal_only,"[247, 248]","[247, 248]",247,247
125,CN7_L_000125,2,0,2,0,False,normal_only,"[249, 250]","[249, 250]",249,249
126,CN7_L_000126,2,0,2,0,False,normal_only,"[251, 252]","[251, 252]",251,251
127,CN7_L_000127,2,0,2,0,False,normal_only,"[253, 254]","[253, 254]",253,253
128,CN7_L_000128,2,0,2,0,False,normal_only,"[255, 256]","[255, 256]",255,255
129,CN7_L_000129,2,0,2,0,False,normal_only,"[257, 258]","[257, 258]",257,257
130,CN7_L_000130,2,0,2,0,False,normal_only,"[259, 260]","[259, 260]",259,259
131,CN7_L_000131,2,0,2,0,False,normal_only,"[261, 262]","[261, 262]",261,261
132,CN7_L_000132,2,0,2,0,False,normal_only,"[263, 264]","[263, 264]",263,263
133,CN7_L_000133,2,0,2,0,False,normal_only,"[265, 266]","[265, 266]",265,265
134,CN7_L_000134,2,0,2,0,False,normal_only,"[267, 268]","[267, 268]",267,267
135,CN7_L_000135,2,0,2,0,False,normal_only,"[269, 270]","[269, 270]",269,269
136,CN7_L_000136,2,0,2,0,False,normal_only,"[271, 272]","[271, 272]",271,271
137,CN7_L_000137,2,0,2,0,False,normal_only,"[273, 274]","[273, 274]",273,273
138,CN7_L_000138,2,0,2,0,False,normal_only,"[275, 276]","[275, 276]",275,275
139,CN7_L_000139,2,0,2,0,False,normal_only,"[277, 278]","[277, 278]",277,277
140,CN7_L_000140,2,0,2,0,False,normal_only,"[279, 280]","[279, 280]",279,279
141,CN7_L_000141,2,0,2,0,False,normal_only,"[281, 282]","[281, 282]",281,281
142,CN7_L_000142,2,0,2,0,False,normal_only,"[283, 284]","[283, 284]",283,283
143,CN7_L_000143,2,0,2,0,False,normal_only,"[285, 286]","[285, 286]",285,285
144,CN7_L_000144,2,0,2,0,False,normal_only,"[287, 288]","[287, 288]",287,287
145,CN7_L_000145,2,0,2,0,False,normal_only,"[289, 290]","[289, 290]",289,289
146,CN7_L_000146,2,0,2,0,False,normal_only,"[291, 292]","[291, 292]",291,291
147,CN7_L_000147,2,0,2,0,False,normal_only,"[293, 294]","[293, 294]",293,293
148,CN7_L_000148,2,0,2,0,False,normal_only,"[295, 299]","[295, 299]",295,295
149,CN7_L_000149,2,0,2,0,False,normal_only,"[296, 297]","[296, 297]",296,296
150,CN7_L_000150,2,0,2,0,False,normal_only,"[298, 300]","[298, 300]",298,298
151,CN7_L_000151,2,0,2,0,False,normal_only,"[301, 302]","[301, 302]",301,301
152,CN7_L_000152,2,0,2,0,False,normal_only,"[303, 304]","[303, 304]",303,303
153,CN7_L_000153,2,0,2,0,False,normal_only,"[305, 306]","[305, 306]",305,305
154,CN7_L_000154,2,0,2,0,False,normal_only,"[307, 308]","[307, 308]",307,307
155,CN7_L_000155,2,0,2,0,False,normal_only,"[309, 312]","[309, 312]",309,309
156,CN7_L_000156,2,0,2,0,False,normal_only,"[310, 311]","[310, 311]",310,310
157,CN7_L_000157,2,0,2,0,False,normal_only,"[313, 314]","[313, 314]",313,313
158,CN7_L_000158,2,0,2,0,False,normal_only,"[315, 316]","[315, 316]",315,315
159,CN7_L_000159,2,0,2,0,False,normal_only,"[317, 318]","[317, 318]",317,317
160,CN7_L_000160,2,0,2,0,False,normal_only,"[319, 320]","[319, 320]",319,319
161,CN7_L_000161,2,0,2,0,False,normal_only,"[321, 322]","[321, 322]",321,321
162,CN7_L_000162,2,0,2,0,False,normal_only,"[323, 324]","[323, 324]",323,323
163,CN7_L_000163,2,0,2,0,False,normal_only,"[325, 326]","[325, 326]",325,325
164,CN7_L_000164,2,0,2,0,False,normal_only,"[327, 328]","[327, 328]",327,327
165,CN7_L_000165,2,0,2,0,False,normal_only,"[329, 330]","[329, 330]",329,329
166,CN7_L_000166,2,0,2,0,False,normal_only,"[331, 332]","[331, 332]",331,331
167,CN7_L_000167,2,0,2,0,False,normal_only,"[333, 334]","[333, 334]",333,333
168,CN7_L_000168,2,0,2,0,False,normal_only,"[335, 336]","[335, 336]",335,335
169,CN7_L_000169,2,0,2,0,False,normal_only,"[337, 338]","[337, 338]",337,337
170,CN7_L_000170,2,0,2,0,False,normal_only,"[339, 340]","[339, 340]",339,339
171,CN7_L_000171,2,0,2,0,False,normal_only,"[341, 342]","[341, 342]",341,341
172,CN7_L_000172,2,0,2,0,False,normal_only,"[343, 344]","[343, 344]",343,343
173,CN7_L_000173,2,0,2,0,False,normal_only,"[345, 346]","[345, 346]",345,345
174,CN7_L_000174,2,0,2,0,False,normal_only,"[347, 348]","[347, 348]",347,347
175,CN7_L_000175,2,0,2,0,False,normal_only,"[349, 350]","[349, 350]",349,349
176,CN7_L_000176,2,0,2,0,False,normal_only,"[351, 352]","[351, 352]",351,351
177,CN7_L_000177,2,0,2,0,False,normal_only,"[353, 354]","[353, 354]",353,353
178,CN7_L_000178,2,0,2,0,False,normal_only,"[355, 356]","[355, 356]",355,355
179,CN7_L_000179,2,0,2,0,False,normal_only,"[357, 358]","[357, 358]",357,357
180,CN7_L_000180,2,0,2,0,False,normal_only,"[359, 360]","[359, 360]",359,359
181,CN7_L_000181,2,0,2,0,False,normal_only,"[361, 362]","[361, 362]",361,361
182,CN7_L_000182,2,0,2,0,False,normal_only,"[363, 364]","[363, 364]",363,363
183,CN7_L_000183,2,0,2,0,False,normal_only,"[365, 366]","[365, 366]",365,365
184,CN7_L_000184,2,0,2,0,False,normal_only,"[367, 368]","[367, 368]",367,367
185,CN7_L_000185,2,0,2,0,False,normal_only,"[369, 370]","[369, 370]",369,369
186,CN7_L_000186,2,0,2,0,False,normal_only,"[371, 372]","[371, 372]",371,371
187,CN7_L_000187,2,0,2,0,False,normal_only,"[373, 374]","[373, 374]",373,373
188,CN7_L_000188,2,0,2,0,False,normal_only,"[375, 376]","[375, 376]",375,375
189,CN7_L_000189,2,0,2,0,False,normal_only,"[377, 378]","[377, 378]",377,377
190,CN7_L_000190,2,0,2,0,False,normal_only,"[379, 380]","[379, 380]",379,379
191,CN7_L_000191,2,0,2,0,False,normal_only,"[381, 382]","[381, 382]",381,381
192,CN7_L_000192,2,0,2,0,False,normal_only,"[383, 384]","[383, 384]",383,383
193,CN7_L_000193,2,0,2,0,False,normal_only,"[385, 386]","[385, 386]",385,385
194,CN7_L_000194,2,0,2,0,False,normal_only,"[387, 388]","[387, 388]",387,387
195,CN7_L_000195,2,0,2,0,False,normal_only,"[389, 390]","[389, 390]",389,389
196,CN7_L_000196,2,0,2,0,False,normal_only,"[391, 392]","[391, 392]",391,391
197,CN7_L_000197,2,0,2,0,False,normal_only,"[393, 394]","[393, 394]",393,393
198,CN7_L_000198,2,0,2,0,False,normal_only,"[395, 398]","[395, 398]",395,395
199,CN7_L_000199,2,0,2,0,False,normal_only,"[396, 397]","[396, 397]",396,396
200,CN7_L_000200,2,0,2,0,False,normal_only,"[399, 400]","[399, 400]",399,399
201,CN7_L_000201,2,0,2,0,False,normal_only,"[401, 403]","[401, 403]",401,401
202,CN7_L_000202,2,0,2,0,False,normal_only,"[402, 404]","[402, 404]",402,402
203,CN7_L_000203,2,0,2,0,False,normal_only,"[405, 410]","[405, 410]",405,405
204,CN7_L_000204,2,0,2,0,False,normal_only,"[406, 407]","[406, 407]",406,406
205,CN7_L_000205,2,0,2,0,False,normal_only,"[408, 409]","[408, 409]",408,408
206,CN7_L_000206,2,0,2,0,False,normal_only,"[411, 412]","[411, 412]",411,411
207,CN7_L_000207,2,0,2,0,False,normal_only,"[413, 414]","[413, 414]",413,413
208,CN7_L_000208,2,0,2,0,False,normal_only,"[415, 418]","[415, 418]",415,415
209,CN7_L_000209,2,0,2,0,False,normal_only,"[416, 417]","[416, 417]",416,416
210,CN7_L_000210,2,0,2,0,False,normal_only,"[419, 420]","[419, 420]",419,419
211,CN7_L_000211,2,0,2,0,False,normal_only,"[421, 424]","[421, 424]",421,421
212,CN7_L_000212,2,0,2,0,False,normal_only,"[422, 423]","[422, 423]",422,422
213,CN7_L_000213,2,0,2,0,False,normal_only,"[425, 426]","[425, 426]",425,425
214,CN7_L_000214,2,0,2,0,False,normal_only,"[427, 430]","[427, 430]",427,427
215,CN7_L_000215,2,0,2,0,False,normal_only,"[428, 429]","[428, 429]",428,428
216,CN7_L_000216,2,0,2,0,False,normal_only,"[431, 432]","[431, 432]",431,431
217,CN7_L_000217,2,0,2,0,False,normal_only,"[433, 434]","[433, 434]",433,433
218,CN7_L_000218,2,0,2,0,False,normal_only,"[435, 436]","[435, 436]",435,435
219,CN7_L_000219,2,0,2,0,False,normal_only,"[437, 438]","[437, 438]",437,437
220,CN7_L_000220,2,0,2,0,False,normal_only,"[439, 440]","[439, 440]",439,439
221,CN7_L_000221,2,0,2,0,False,normal_only,"[441, 442]","[441, 442]",441,441
222,CN7_L_000222,2,0,2,0,False,normal_only,"[443, 444]","[443, 444]",443,443
223,CN7_L_000223,2,0,2,0,False,normal_only,"[445, 446]","[445, 446]",445,445
224,CN7_L_000224,2,0,2,0,False,normal_only,"[447, 448]","[447, 448]",447,447
225,CN7_L_000225,2,0,2,0,False,normal_only,"[449, 450]","[449, 450]",449,449
226,CN7_L_000226,2,0,2,0,False,normal_only,"[451, 452]","[451, 452]",451,451
227,CN7_L_000227,2,0,2,0,False,normal_only,"[453, 454]","[453, 454]",453,453
228,CN7_L_000228,2,0,2,0,False,normal_only,"[455, 456]","[455, 456]",455,455
229,CN7_L_000229,2,0,2,0,False,normal_only,"[457, 458]","[457, 458]",457,457
230,CN7_L_000230,2,0,2,0,False,normal_only,"[459, 460]","[459, 460]",459,459
231,CN7_L_000231,2,0,2,0,False,normal_only,"[461, 462]","[461, 462]",461,461
232,CN7_L_000232,2,0,2,0,False,normal_only,"[463, 464]","[463, 464]",463,463
233,CN7_L_000233,2,0,2,0,False,normal_only,"[465, 467]","[465, 467]",465,465
234,CN7_L_000234,2,0,2,0,False,normal_only,"[466, 468]","[466, 468]",466,466
235,CN7_L_000235,2,0,2,0,False,normal_only,"[469, 470]","[469, 470]",469,469
236,CN7_L_000236,2,0,2,0,False,normal_only,"[471, 472]","[471, 472]",471,471
237,CN7_L_000237,2,0,2,0,False,normal_only,"[473, 474]","[473, 474]",473,473
238,CN7_L_000238,2,0,2,0,False,normal_only,"[475, 476]","[475, 476]",475,475
239,CN7_L_000239,2,0,2,0,False,normal_only,"[477, 478]","[477, 478]",477,477
240,CN7_L_000240,2,0,2,0,False,normal_only,"[479, 480]","[479, 480]",479,479
241,CN7_L_000241,2,0,2,0,False,normal_only,"[481, 482]","[481, 482]",481,481
242,CN7_L_000242,2,0,2,0,False,normal_only,"[483, 484]","[483, 484]",483,483
243,CN7_L_000243,2,0,2,0,False,normal_only,"[485, 486]","[485, 486]",485,485
244,CN7_L_000244,2,0,2,0,False,normal_only,"[487, 488]","[487, 488]",487,487
245,CN7_L_000245,2,0,2,0,False,normal_only,"[489, 490]","[489, 490]",489,489
246,CN7_L_000246,2,0,2,0,False,normal_only,"[491, 492]","[491, 492]",491,491
247,CN7_L_000247,2,0,2,0,False,normal_only,"[493, 494]","[493, 494]",493,493
248,CN7_L_000248,2,0,2,0,False,normal_only,"[495, 496]","[495, 496]",495,495
249,CN7_L_000249,2,0,2,0,False,normal_only,"[497, 498]","[497, 498]",497,497
250,CN7_L_000250,2,0,2,0,False,normal_only,"[499, 500]","[499, 500]",499,499
251,CN7_L_000251,2,0,2,0,False,normal_only,"[501, 502]","[501, 502]",501,501
252,CN7_L_000252,2,0,2,0,False,normal_only,"[503, 504]","[503, 504]",503,503
253,CN7_L_000253,2,0,2,0,False,normal_only,"[505, 506]","[505, 506]",505,505
254,CN7_L_000254,2,0,2,0,False,normal_only,"[507, 508]","[507, 508]",507,507
255,CN7_L_000255,2,0,2,0,False,normal_only,"[509, 510]","[509, 510]",509,509
256,CN7_L_000256,2,0,2,0,False,normal_only,"[511, 512]","[511, 512]",511,511
257,CN7_L_000257,2,0,2,0,False,normal_only,"[513, 514]","[513, 514]",513,513
258,CN7_L_000258,2,0,2,0,False,normal_only,"[515, 516]","[515, 516]",515,515
259,CN7_L_000259,2,0,2,0,False,normal_only,"[517, 518]","[517, 518]",517,517
260,CN7_L_000260,2,0,2,0,False,normal_only,"[519, 520]","[519, 520]",519,519
261,CN7_L_000261,2,0,2,0,False,normal_only,"[521, 522]","[521, 522]",521,521
262,CN7_L_000262,2,0,2,0,False,normal_only,"[523, 524]","[523, 524]",523,523
263,CN7_L_000263,2,0,2,0,False,normal_only,"[525, 526]","[525, 526]",525,525
264,CN7_L_000264,2,0,2,0,False,normal_only,"[527, 528]","[527, 528]",527,527
265,CN7_L_000265,2,0,2,0,False,normal_only,"[529, 530]","[529, 530]",529,529
266,CN7_L_000266,2,0,2,0,False,normal_only,"[531, 532]","[531, 532]",531,531
267,CN7_L_000267,2,0,2,0,False,normal_only,"[533, 534]","[533, 534]",533,533
268,CN7_L_000268,2,0,2,0,False,normal_only,"[535, 536]","[535, 536]",535,535
269,CN7_L_000269,2,0,2,0,False,normal_only,"[537, 538]","[537, 538]",537,537
270,CN7_L_000270,2,0,2,0,False,normal_only,"[539, 540]","[539, 540]",539,539
271,CN7_L_000271,2,0,2,0,False,normal_only,"[541, 542]","[541, 542]",541,541
272,CN7_L_000272,2,0,2,0,False,normal_only,"[543, 544]","[543, 544]",543,543
273,CN7_L_000273,2,0,2,0,False,normal_only,"[545, 546]","[545, 546]",545,545
274,CN7_L_000274,2,0,2,0,False,normal_only,"[547, 548]","[547, 548]",547,547
275,CN7_L_000275,2,0,2,0,False,normal_only,"[549, 550]","[549, 550]",549,549
276,CN7_L_000276,2,0,2,0,False,normal_only,"[551, 552]","[551, 552]",551,551
277,CN7_L_000277,2,0,2,0,False,normal_only,"[553, 554]","[553, 554]",553,553
278,CN7_L_000278,2,0,2,0,False,normal_only,"[555, 556]","[555, 556]",555,555
279,CN7_L_000279,2,0,2,0,False,normal_only,"[557, 558]","[557, 558]",557,557
280,CN7_L_000280,2,0,2,0,False,normal_only,"[559, 560]","[559, 560]",559,559
281,CN7_L_000281,2,0,2,0,False,normal_only,"[561, 562]","[561, 562]",561,561
282,CN7_L_000282,2,0,2,0,False,normal_only,"[563, 564]","[563, 564]",563,563
283,CN7_L_000283,2,0,2,0,False,normal_only,"[565, 566]","[565, 566]",565,565
284,CN7_L_000284,2,0,2,0,False,normal_only,"[567, 568]","[567, 568]",567,567
285,CN7_L_000285,2,0,2,0,False,normal_only,"[569, 570]","[569, 570]",569,569
286,CN7_L_000286,2,0,2,0,False,normal_only,"[571, 572]","[571, 572]",571,571
287,CN7_L_000287,2,0,2,0,False,normal_only,"[573, 574]","[573, 574]",573,573
288,CN7_L_000288,2,0,2,0,False,normal_only,"[575, 576]","[575, 576]",575,575
289,CN7_L_000289,2,0,2,0,False,normal_only,"[577, 578]","[577, 578]",577,577
290,CN7_L_000290,2,0,2,0,False,normal_only,"[579, 580]","[579, 580]",579,579
291,CN7_L_000291,2,0,2,0,False,normal_only,"[581, 582]","[581, 582]",581,581
292,CN7_L_000292,2,0,2,0,False,normal_only,"[583, 584]","[583, 584]",583,583
293,CN7_L_000293,2,0,2,0,False,normal_only,"[585, 586]","[585, 586]",585,585
294,CN7_L_000294,2,0,2,0,False,normal_only,"[587, 588]","[587, 588]",587,587
295,CN7_L_000295,2,0,2,0,False,normal_only,"[589, 590]","[589, 590]",589,589
296,CN7_L_000296,2,0,2,0,False,normal_only,"[591, 592]","[591, 592]",591,591
297,CN7_L_000297,2,0,2,0,False,normal_only,"[593, 594]","[593, 594]",593,593
298,CN7_L_000298,2,0,2,0,False,normal_only,"[595, 596]","[595, 596]",595,595
299,CN7_L_000299,2,0,2,0,False,normal_only,"[597, 598]","[597, 598]",597,597
300,CN7_L_000300,2,0,2,0,False,normal_only,"[599, 600]","[599, 600]",599,599
301,CN7_L_000301,2,0,2,0,False,normal_only,"[601, 602]","[601, 602]",601,601
302,CN7_L_000302,2,0,2,0,False,normal_only,"[603, 604]","[603, 604]",603,603
303,CN7_L_000303,2,0,2,0,False,normal_only,"[605, 606]","[605, 606]",605,605
304,CN7_L_000304,2,0,2,0,False,normal_only,"[607, 608]","[607, 608]",607,607
305,CN7_L_000305,2,0,2,0,False,normal_only,"[609, 610]","[609, 610]",609,609
306,CN7_L_000306,2,0,2,0,False,normal_only,"[611, 612]","[611, 612]",611,611
307,CN7_L_000307,2,0,2,0,False,normal_only,"[613, 614]","[613, 614]",613,613
308,CN7_L_000308,2,0,2,0,False,normal_only,"[615, 616]","[615, 616]",615,615
309,CN7_L_000309,2,0,2,0,False,normal_only,"[617, 618]","[617, 618]",617,617
310,CN7_L_000310,2,0,2,0,False,normal_only,"[619, 620]","[619, 620]",619,619
311,CN7_L_000311,2,0,2,0,False,normal_only,"[621, 622]","[621, 622]",621,621
312,CN7_L_000312,2,0,2,0,False,normal_only,"[623, 624]","[623, 624]",623,623
313,CN7_L_000313,2,0,2,0,False,normal_only,"[625, 626]","[625, 626]",625,625
314,CN7_L_000314,2,0,2,0,False,normal_only,"[627, 628]","[627, 628]",627,627
315,CN7_L_000315,2,0,2,0,False,normal_only,"[629, 630]","[629, 630]",629,629
316,CN7_L_000316,2,0,2,0,False,normal_only,"[631, 632]","[631, 632]",631,631
317,CN7_L_000317,2,0,2,0,False,normal_only,"[633, 634]","[633, 634]",633,633
318,CN7_L_000318,2,0,2,0,False,normal_only,"[635, 636]","[635, 636]",635,635
319,CN7_L_000319,2,0,2,0,False,normal_only,"[637, 638]","[637, 638]",637,637
320,CN7_L_000320,2,0,2,0,False,normal_only,"[639, 640]","[639, 640]",639,639
321,CN7_L_000321,2,0,2,0,False,normal_only,"[641, 642]","[641, 642]",641,641
322,CN7_L_000322,2,0,2,0,False,normal_only,"[643, 644]","[643, 644]",643,643
323,CN7_L_000323,2,0,2,0,False,normal_only,"[645, 646]","[645, 646]",645,645
324,CN7_L_000324,2,0,2,0,False,normal_only,"[647, 648]","[647, 648]",647,647
325,CN7_L_000325,2,0,2,0,False,normal_only,"[649, 650]","[649, 650]",649,649
326,CN7_L_000326,2,0,2,0,False,normal_only,"[651, 652]","[651, 652]",651,651
327,CN7_L_000327,2,0,2,0,False,normal_only,"[653, 654]","[653, 654]",653,653
328,CN7_L_000328,2,0,2,0,False,normal_only,"[655, 656]","[655, 656]",655,655
329,CN7_L_000329,2,0,2,0,False,normal_only,"[657, 658]","[657, 658]",657,657
330,CN7_L_000330,2,0,2,0,False,normal_only,"[659, 660]","[659, 660]",659,659
331,CN7_L_000331,2,0,2,0,False,normal_only,"[661, 662]","[661, 662]",661,661
332,CN7_L_000332,2,0,2,0,False,normal_only,"[663, 664]","[663, 664]",663,663
333,CN7_L_000333,2,0,2,0,False,normal_only,"[665, 666]","[665, 666]",665,665
334,CN7_L_000334,2,0,2,0,False,normal_only,"[667, 668]","[667, 668]",667,667
335,CN7_L_000335,2,0,2,0,False,normal_only,"[669, 670]","[669, 670]",669,669
336,CN7_L_000336,2,0,2,0,False,normal_only,"[671, 672]","[671, 672]",671,671
337,CN7_L_000337,2,0,2,0,False,normal_only,"[673, 674]","[673, 674]",673,673
338,CN7_L_000338,2,0,2,0,False,normal_only,"[675, 676]","[675, 676]",675,675
339,CN7_L_000339,2,0,2,0,False,normal_only,"[677, 678]","[677, 678]",677,677
340,CN7_L_000340,2,0,2,0,False,normal_only,"[679, 680]","[679, 680]",679,679
341,CN7_L_000341,2,0,2,0,False,normal_only,"[681, 682]","[681, 682]",681,681
342,CN7_L_000342,2,0,2,0,False,normal_only,"[683, 684]","[683, 684]",683,683
343,CN7_L_000343,2,0,2,0,False,normal_only,"[685, 686]","[685, 686]",685,685
344,CN7_L_000344,2,0,2,0,False,normal_only,"[687, 688]","[687, 688]",687,687
345,CN7_L_000345,2,0,2,0,False,normal_only,"[689, 690]","[689, 690]",689,689
346,CN7_L_000346,2,0,2,0,False,normal_only,"[691, 692]","[691, 692]",691,691
347,CN7_L_000347,2,0,2,0,False,normal_only,"[693, 694]","[693, 694]",693,693
348,CN7_L_000348,2,0,2,0,False,normal_only,"[695, 696]","[695, 696]",695,695
349,CN7_L_000349,2,0,2,0,False,normal_only,"[697, 698]","[697, 698]",697,697
350,CN7_L_000350,2,0,2,0,False,normal_only,"[699, 700]","[699, 700]",699,699
351,CN7_L_000351,2,0,2,0,False,normal_only,"[701, 702]","[701, 702]",701,701
352,CN7_L_000352,2,0,2,0,False,normal_only,"[703, 704]","[703, 704]",703,703
353,CN7_L_000353,2,0,2,0,False,normal_only,"[705, 706]","[705, 706]",705,705
354,CN7_L_000354,2,0,2,0,False,normal_only,"[707, 708]","[707, 708]",707,707
355,CN7_L_000355,2,0,2,0,False,normal_only,"[709, 710]","[709, 710]",709,709
356,CN7_L_000356,2,0,2,0,False,normal_only,"[711, 712]","[711, 712]",711,711
357,CN7_L_000357,2,0,2,0,False,normal_only,"[713, 714]","[713, 714]",713,713
358,CN7_L_000358,2,0,2,0,False,normal_only,"[715, 716]","[715, 716]",715,715
359,CN7_L_000359,2,0,2,0,False,normal_only,"[717, 718]","[717, 718]",717,717
360,CN7_L_000360,2,0,2,0,False,normal_only,"[719, 720]","[719, 720]",719,719
361,CN7_L_000361,2,0,2,0,False,normal_only,"[721, 724]","[721, 724]",721,721
362,CN7_L_000362,2,0,2,0,False,normal_only,"[722, 723]","[722, 723]",722,722
363,CN7_L_000363,2,0,2,0,False,normal_only,"[725, 726]","[725, 726]",725,725
364,CN7_L_000364,2,0,2,0,False,normal_only,"[727, 728]","[727, 728]",727,727
365,CN7_L_000365,2,0,2,0,False,normal_only,"[729, 730]","[729, 730]",729,729
366,CN7_L_000366,2,0,2,0,False,normal_only,"[731, 732]","[731, 732]",731,731
367,CN7_L_000367,2,0,2,0,False,normal_only,"[733, 736]","[733, 736]",733,733
368,CN7_L_000368,2,0,2,0,False,normal_only,"[734, 735]","[734, 735]",734,734
369,CN7_L_000369,2,0,2,0,False,normal_only,"[737, 738]","[737, 738]",737,737
370,CN7_L_000370,2,0,2,0,False,normal_only,"[739, 742]","[739, 742]",739,739
371,CN7_L_000371,2,0,2,0,False,normal_only,"[740, 741]","[740, 741]",740,740
372,CN7_L_000372,2,0,2,0,False,normal_only,"[743, 744]","[743, 744]",743,743
373,CN7_L_000373,2,0,2,0,False,normal_only,"[745, 746]","[745, 746]",745,745
374,CN7_L_000374,2,0,2,0,False,normal_only,"[747, 750]","[747, 750]",747,747
375,CN7_L_000375,2,0,2,0,False,normal_only,"[748, 749]","[748, 749]",748,748
376,CN7_L_000376,2,0,2,0,False,normal_only,"[751, 752]","[751, 752]",751,751
377,CN7_L_000377,2,0,2,0,False,normal_only,"[753, 754]","[753, 754]",753,753
378,CN7_L_000378,2,0,2,0,False,normal_only,"[755, 756]","[755, 756]",755,755
379,CN7_L_000379,2,0,2,0,False,normal_only,"[757, 759]","[757, 759]",757,757
380,CN7_L_000380,2,0,2,0,False,normal_only,"[758, 760]","[758, 760]",758,758
381,CN7_L_000381,2,0,2,0,False,normal_only,"[761, 762]","[761, 762]",761,761
382,CN7_L_000382,2,0,2,0,False,normal_only,"[763, 764]","[763, 764]",763,763
383,CN7_L_000383,2,0,2,0,False,normal_only,"[765, 768]","[765, 768]",765,765
384,CN7_L_000384,2,0,2,0,False,normal_only,"[766, 767]","[766, 767]",766,766
385,CN7_L_000385,2,0,2,0,False,normal_only,"[769, 770]","[769, 770]",769,769
386,CN7_L_000386,2,0,2,0,False,normal_only,"[771, 772]","[771, 772]",771,771
387,CN7_L_000387,2,0,2,0,False,normal_only,"[773, 777]","[773, 777]",773,773
388,CN7_L_000388,2,0,2,0,False,normal_only,"[774, 775]","[774, 775]",774,774
389,CN7_L_000389,2,0,2,0,False,normal_only,"[776, 778]","[776, 778]",776,776
390,CN7_L_000390,2,0,2,0,False,normal_only,"[779, 780]","[779, 780]",779,779
391,CN7_L_000391,2,0,2,0,False,normal_only,"[781, 783]","[781, 783]",781,781
392,CN7_L_000392,2,0,2,0,False,normal_only,"[782, 784]","[782, 784]",782,782
393,CN7_L_000393,2,0,2,0,False,normal_only,"[785, 786]","[785, 786]",785,785
394,CN7_L_000394,2,0,2,0,False,normal_only,"[787, 788]","[787, 788]",787,787
395,CN7_L_000395,2,0,2,0,False,normal_only,"[789, 790]","[789, 790]",789,789
396,CN7_L_000396,2,0,2,0,False,normal_only,"[791, 792]","[791, 792]",791,791
397,CN7_L_000397,2,0,2,0,False,normal_only,"[793, 794]","[793, 794]",793,793
398,CN7_L_000398,2,0,2,0,False,normal_only,"[795, 796]","[795, 796]",795,795
399,CN7_L_000399,2,0,2,0,False,normal_only,"[797, 798]","[797, 798]",797,797
400,CN7_L_000400,2,0,2,0,False,normal_only,"[799, 801]","[799, 801]",799,799
401,CN7_L_000401,2,0,2,0,False,normal_only,"[800, 802]","[800, 802]",800,800
402,CN7_L_000402,2,0,2,0,False,normal_only,"[803, 805]","[803, 805]",803,803
403,CN7_L_000403,2,0,2,0,False,normal_only,"[804, 806]","[804, 806]",804,804
404,CN7_L_000404,2,0,2,0,False,normal_only,"[807, 810]","[807, 810]",807,807
405,CN7_L_000405,2,0,2,0,False,normal_only,"[808, 809]","[808, 809]",808,808
406,CN7_L_000406,2,0,2,0,False,normal_only,"[811, 812]","[811, 812]",811,811
407,CN7_L_000407,2,0,2,0,False,normal_only,"[813, 814]","[813, 814]",813,813
408,CN7_L_000408,2,0,2,0,False,normal_only,"[815, 816]","[815, 816]",815,815
409,CN7_L_000409,2,0,2,0,False,normal_only,"[817, 818]","[817, 818]",817,817
410,CN7_L_000410,2,0,2,0,False,normal_only,"[819, 820]","[819, 820]",819,819
411,CN7_L_000411,2,0,2,0,False,normal_only,"[821, 822]","[821, 822]",821,821
412,CN7_L_000412,2,0,2,0,False,normal_only,"[823, 824]","[823, 824]",823,823
413,CN7_L_000413,2,0,2,0,False,normal_only,"[825, 826]","[825, 826]",825,825
414,CN7_L_000414,2,0,2,0,False,normal_only,"[827, 828]","[827, 828]",827,827
415,CN7_L_000415,2,0,2,0,False,normal_only,"[829, 830]","[829, 830]",829,829
416,CN7_L_000416,2,0,2,0,False,normal_only,"[831, 832]","[831, 832]",831,831
417,CN7_L_000417,2,0,2,0,False,normal_only,"[833, 834]","[833, 834]",833,833
418,CN7_L_000418,2,0,2,0,False,normal_only,"[835, 836]","[835, 836]",835,835
419,CN7_L_000419,2,0,2,0,False,normal_only,"[837, 838]","[837, 838]",837,837
420,CN7_L_000420,2,0,2,0,False,normal_only,"[839, 840]","[839, 840]",839,839
421,CN7_L_000421,2,0,2,0,False,normal_only,"[841, 842]","[841, 842]",841,841
422,CN7_L_000422,2,0,2,0,False,normal_only,"[843, 844]","[843, 844]",843,843
423,CN7_L_000423,2,0,2,0,False,normal_only,"[845, 846]","[845, 846]",845,845
424,CN7_L_000424,2,0,2,0,False,normal_only,"[847, 848]","[847, 848]",847,847
425,CN7_L_000425,2,0,2,0,False,normal_only,"[849, 850]","[849, 850]",849,849
426,CN7_L_000426,2,0,2,0,False,normal_only,"[851, 852]","[851, 852]",851,851
427,CN7_L_000427,2,0,2,0,False,normal_only,"[853, 854]","[853, 854]",853,853
428,CN7_L_000428,2,0,2,0,False,normal_only,"[855, 856]","[855, 856]",855,855
429,CN7_L_000429,2,0,2,0,False,normal_only,"[857, 858]","[857, 858]",857,857
430,CN7_L_000430,2,0,2,0,False,normal_only,"[859, 861]","[859, 861]",859,859
431,CN7_L_000431,2,0,2,0,False,normal_only,"[860, 862]","[860, 862]",860,860
432,CN7_L_000432,2,0,2,0,False,normal_only,"[863, 864]","[863, 864]",863,863
433,CN7_L_000433,2,0,2,0,False,normal_only,"[865, 866]","[865, 866]",865,865
434,CN7_L_000434,2,0,2,0,False,normal_only,"[867, 868]","[867, 868]",867,867
435,CN7_L_000435,2,0,2,0,False,normal_only,"[869, 870]","[869, 870]",869,869
436,CN7_L_000436,2,0,2,0,False,normal_only,"[871, 872]","[871, 872]",871,871
437,CN7_L_000437,2,0,2,0,False,normal_only,"[873, 874]","[873, 874]",873,873
438,CN7_L_000438,2,0,2,0,False,normal_only,"[875, 876]","[875, 876]",875,875
439,CN7_L_000439,2,0,2,0,False,normal_only,"[877, 878]","[877, 878]",877,877
440,CN7_L_000440,2,0,2,0,False,normal_only,"[879, 880]","[879, 880]",879,879
441,CN7_L_000441,2,0,2,0,False,normal_only,"[881, 882]","[881, 882]",881,881
442,CN7_L_000442,2,0,2,0,False,normal_only,"[883, 884]","[883, 884]",883,883
443,CN7_L_000443,2,0,2,0,False,normal_only,"[885, 886]","[885, 886]",885,885
444,CN7_L_000444,2,0,2,0,False,normal_only,"[887, 888]","[887, 888]",887,887
445,CN7_L_000445,2,0,2,0,False,normal_only,"[889, 890]","[889, 890]",889,889
446,CN7_L_000446,2,0,2,0,False,normal_only,"[891, 892]","[891, 892]",891,891
447,CN7_L_000447,2,0,2,0,False,normal_only,"[893, 894]","[893, 894]",893,893
448,CN7_L_000448,2,0,2,0,False,normal_only,"[895, 896]","[895, 896]",895,895
449,CN7_L_000449,2,0,2,0,False,normal_only,"[897, 898]","[897, 898]",897,897
450,CN7_L_000450,2,0,2,0,False,normal_only,"[899, 900]","[899, 900]",899,899
451,CN7_L_000451,2,0,2,0,False,normal_only,"[901, 902]","[901, 902]",901,901
452,CN7_L_000452,2,0,2,0,False,normal_only,"[903, 904]","[903, 904]",903,903
453,CN7_L_000453,2,0,2,0,False,normal_only,"[905, 906]","[905, 906]",905,905
454,CN7_L_000454,2,0,2,0,False,normal_only,"[907, 908]","[907, 908]",907,907
455,CN7_L_000455,2,0,2,0,False,normal_only,"[909, 910]","[909, 910]",909,909
456,CN7_L_000456,2,0,2,0,False,normal_only,"[911, 912]","[911, 912]",911,911
457,CN7_L_000457,2,0,2,0,False,normal_only,"[913, 914]","[913, 914]",913,913
458,CN7_L_000458,2,0,2,0,False,normal_only,"[915, 916]","[915, 916]",915,915
459,CN7_L_000459,2,0,2,0,False,normal_only,"[917, 918]","[917, 918]",917,917
460,CN7_L_000460,2,0,2,0,False,normal_only,"[919, 920]","[919, 920]",919,919
461,CN7_L_000461,2,0,2,0,False,normal_only,"[921, 922]","[921, 922]",921,921
462,CN7_L_000462,2,0,2,0,False,normal_only,"[923, 925]","[923, 925]",923,923
463,CN7_L_000463,2,0,2,0,False,normal_only,"[924, 926]","[924, 926]",924,924
464,CN7_L_000464,2,0,2,0,False,normal_only,"[927, 928]","[927, 928]",927,927
465,CN7_L_000465,2,0,2,0,False,normal_only,"[929, 930]","[929, 930]",929,929
466,CN7_L_000466,2,0,2,0,False,normal_only,"[931, 932]","[931, 932]",931,931
467,CN7_L_000467,2,0,2,0,False,normal_only,"[933, 934]","[933, 934]",933,933
468,CN7_L_000468,2,0,2,0,False,normal_only,"[935, 936]","[935, 936]",935,935
469,CN7_L_000469,2,0,2,0,False,normal_only,"[937, 938]","[937, 938]",937,937
470,CN7_L_000470,2,0,2,0,False,normal_only,"[939, 940]","[939, 940]",939,939
471,CN7_L_000471,2,0,2,0,False,normal_only,"[941, 942]","[941, 942]",941,941
472,CN7_L_000472,2,0,2,0,False,normal_only,"[943, 944]","[943, 944]",943,943
473,CN7_L_000473,2,0,2,0,False,normal_only,"[945, 946]","[945, 946]",945,945
474,CN7_L_000474,2,0,2,0,False,normal_only,"[947, 948]","[947, 948]",947,947
475,CN7_L_000475,2,0,2,0,False,normal_only,"[949, 950]","[949, 950]",949,949
476,CN7_L_000476,2,0,2,0,False,normal_only,"[951, 952]","[951, 952]",951,951
477,CN7_L_000477,2,0,2,0,False,normal_only,"[953, 954]","[953, 954]",953,953
478,CN7_L_000478,2,0,2,0,False,normal_only,"[955, 956]","[955, 956]",955,955
479,CN7_L_000479,2,0,2,0,False,normal_only,"[957, 958]","[957, 958]",957,957
480,CN7_L_000480,2,0,2,0,False,normal_only,"[959, 960]","[959, 960]",959,959
481,CN7_L_000481,2,0,2,0,False,normal_only,"[961, 962]","[961, 962]",961,961
482,CN7_L_000482,2,0,2,0,False,normal_only,"[963, 964]","[963, 964]",963,963
483,CN7_L_000483,2,0,2,0,False,normal_only,"[965, 966]","[965, 966]",965,965
484,CN7_L_000484,2,0,2,0,False,normal_only,"[967, 968]","[967, 968]",967,967
485,CN7_L_000485,2,0,2,0,False,normal_only,"[969, 970]","[969, 970]",969,969
486,CN7_L_000486,2,0,2,0,False,normal_only,"[971, 972]","[971, 972]",971,971
487,CN7_L_000487,2,0,2,0,False,normal_only,"[973, 974]","[973, 974]",973,973
488,CN7_L_000488,2,0,2,0,False,normal_only,"[975, 976]","[975, 976]",975,975
489,CN7_L_000489,2,0,2,0,False,normal_only,"[977, 978]","[977, 978]",977,977
490,CN7_L_000490,2,0,2,0,False,normal_only,"[979, 980]","[979, 980]",979,979
491,CN7_L_000491,2,0,2,0,False,normal_only,"[981, 982]","[981, 982]",981,981
492,CN7_L_000492,2,0,2,0,False,normal_only,"[983, 984]","[983, 984]",983,983
493,CN7_L_000493,2,0,2,0,False,normal_only,"[985, 986]","[985, 986]",985,985
494,CN7_L_000494,2,0,2,0,False,normal_only,"[987, 988]","[987, 988]",987,987
495,CN7_L_000495,2,0,2,0,False,normal_only,"[989, 990]","[989, 990]",989,989
496,CN7_L_000496,2,0,2,0,False,normal_only,"[991, 992]","[991, 992]",991,991
497,CN7_L_000497,2,0,2,0,False,normal_only,"[993, 994]","[993, 994]",993,993
498,CN7_L_000498,2,0,2,0,False,normal_only,"[995, 996]","[995, 996]",995,995
499,CN7_L_000499,2,0,2,0,False,normal_only,"[997, 998]","[997, 998]",997,997
500,CN7_L_000500,2,0,2,0,False,normal_only,"[999, 1000]","[999, 1000]",999,999
501,CN7_L_000501,2,0,2,0,False,normal_only,"[1001, 1002]","[1001, 1002]",1001,1001
502,CN7_L_000502,2,0,2,0,False,normal_only,"[1003, 1004]","[1003, 1004]",1003,1003
503,CN7_L_000503,2,0,2,0,False,normal_only,"[1005, 1006]","[1005, 1006]",1005,1005
504,CN7_L_000504,2,0,2,0,False,normal_only,"[1007, 1008]","[1007, 1008]",1007,1007
505,CN7_L_000505,2,0,2,0,False,normal_only,"[1009, 1010]","[1009, 1010]",1009,1009
506,CN7_L_000506,2,0,2,0,False,normal_only,"[1011, 1012]","[1011, 1012]",1011,1011
507,CN7_L_000507,2,0,2,0,False,normal_only,"[1013, 1014]","[1013, 1014]",1013,1013
508,CN7_L_000508,2,0,2,0,False,normal_only,"[1015, 1016]","[1015, 1016]",1015,1015
509,CN7_L_000509,2,0,2,0,False,normal_only,"[1017, 1018]","[1017, 1018]",1017,1017
510,CN7_L_000510,2,0,2,0,False,normal_only,"[1019, 1020]","[1019, 1020]",1019,1019
511,CN7_L_000511,2,0,2,0,False,normal_only,"[1021, 1022]","[1021, 1022]",1021,1021
512,CN7_L_000512,2,0,2,0,False,normal_only,"[1023, 1024]","[1023, 1024]",1023,1023
513,CN7_L_000513,2,0,2,0,False,normal_only,"[1025, 1026]","[1025, 1026]",1025,1025
514,CN7_L_000514,2,0,2,0,False,normal_only,"[1027, 1028]","[1027, 1028]",1027,1027
515,CN7_L_000515,2,0,2,0,False,normal_only,"[1029, 1032]","[1029, 1032]",1029,1029
516,CN7_L_000516,2,0,2,0,False,normal_only,"[1030, 1031]","[1030, 1031]",1030,1030
517,CN7_L_000517,2,0,2,0,False,normal_only,"[1033, 1034]","[1033, 1034]",1033,1033
518,CN7_L_000518,2,0,2,0,False,normal_only,"[1035, 1036]","[1035, 1036]",1035,1035
519,CN7_L_000519,2,0,2,0,False,normal_only,"[1037, 1038]","[1037, 1038]",1037,1037
520,CN7_L_000520,2,0,2,0,False,normal_only,"[1039, 1040]","[1039, 1040]",1039,1039
521,CN7_L_000521,2,0,2,0,False,normal_only,"[1041, 1042]","[1041, 1042]",1041,1041
522,CN7_L_000522,2,0,2,0,False,normal_only,"[1043, 1044]","[1043, 1044]",1043,1043
523,CN7_L_000523,2,0,2,0,False,normal_only,"[1045, 1046]","[1045, 1046]",1045,1045
524,CN7_L_000524,2,0,2,0,False,normal_only,"[1047, 1048]","[1047, 1048]",1047,1047
525,CN7_L_000525,2,0,2,0,False,normal_only,"[1049, 1050]","[1049, 1050]",1049,1049
526,CN7_L_000526,2,0,2,0,False,normal_only,"[1051, 1052]","[1051, 1052]",1051,1051
527,CN7_L_000527,2,0,2,0,False,normal_only,"[1053, 1054]","[1053, 1054]",1053,1053
528,CN7_L_000528,2,0,2,0,False,normal_only,"[1055, 1056]","[1055, 1056]",1055,1055
529,CN7_L_000529,2,0,2,0,False,normal_only,"[1057, 1058]","[1057, 1058]",1057,1057
530,CN7_L_000530,2,0,2,0,False,normal_only,"[1059, 1060]","[1059, 1060]",1059,1059
531,CN7_L_000531,2,0,2,0,False,normal_only,"[1061, 1062]","[1061, 1062]",1061,1061
532,CN7_L_000532,2,0,2,0,False,normal_only,"[1063, 1064]","[1063, 1064]",1063,1063
533,CN7_L_000533,2,0,2,0,False,normal_only,"[1065, 1066]","[1065, 1066]",1065,1065
534,CN7_L_000534,2,0,2,0,False,normal_only,"[1067, 1068]","[1067, 1068]",1067,1067
535,CN7_L_000535,2,0,2,0,False,normal_only,"[1069, 1070]","[1069, 1070]",1069,1069
536,CN7_L_000536,2,0,2,0,False,normal_only,"[1071, 1072]","[1071, 1072]",1071,1071
537,CN7_L_000537,2,0,2,0,False,normal_only,"[1073, 1074]","[1073, 1074]",1073,1073
538,CN7_L_000538,2,0,2,0,False,normal_only,"[1075, 1076]","[1075, 1076]",1075,1075
539,CN7_L_000539,2,0,2,0,False,normal_only,"[1077, 1078]","[1077, 1078]",1077,1077
540,CN7_L_000540,2,0,2,0,False,normal_only,"[1079, 1080]","[1079, 1080]",1079,1079
541,CN7_L_000541,2,0,2,0,False,normal_only,"[1081, 1082]","[1081, 1082]",1081,1081
542,CN7_L_000542,2,0,2,0,False,normal_only,"[1083, 1084]","[1083, 1084]",1083,1083
543,CN7_L_000543,2,0,2,0,False,normal_only,"[1085, 1086]","[1085, 1086]",1085,1085
544,CN7_L_000544,2,0,2,0,False,normal_only,"[1087, 1088]","[1087, 1088]",1087,1087
545,CN7_L_000545,2,0,2,0,False,normal_only,"[1089, 1090]","[1089, 1090]",1089,1089
546,CN7_L_000546,2,0,2,0,False,normal_only,"[1091, 1092]","[1091, 1092]",1091,1091
547,CN7_L_000547,2,0,2,0,False,normal_only,"[1093, 1094]","[1093, 1094]",1093,1093
548,CN7_L_000548,2,0,2,0,False,normal_only,"[1095, 1096]","[1095, 1096]",1095,1095
549,CN7_L_000549,2,0,2,0,False,normal_only,"[1097, 1098]","[1097, 1098]",1097,1097
550,CN7_L_000550,2,0,2,0,False,normal_only,"[1099, 1100]","[1099, 1100]",1099,1099
551,CN7_L_000551,2,0,2,0,False,normal_only,"[1101, 1102]","[1101, 1102]",1101,1101
552,CN7_L_000552,2,0,2,0,False,normal_only,"[1103, 1104]","[1103, 1104]",1103,1103
553,CN7_L_000553,2,0,2,0,False,normal_only,"[1105, 1106]","[1105, 1106]",1105,1105
554,CN7_L_000554,2,0,2,0,False,normal_only,"[1107, 1108]","[1107, 1108]",1107,1107
555,CN7_L_000555,2,0,2,0,False,normal_only,"[1109, 1110]","[1109, 1110]",1109,1109
556,CN7_L_000556,2,0,2,0,False,normal_only,"[1111, 1112]","[1111, 1112]",1111,1111
557,CN7_L_000557,2,0,2,0,False,normal_only,"[1113, 1114]","[1113, 1114]",1113,1113
558,CN7_L_000558,2,0,2,0,False,normal_only,"[1115, 1116]","[1115, 1116]",1115,1115
559,CN7_L_000559,2,0,2,0,False,normal_only,"[1117, 1118]","[1117, 1118]",1117,1117
560,CN7_L_000560,2,0,2,0,False,normal_only,"[1119, 1120]","[1119, 1120]",1119,1119
561,CN7_L_000561,2,0,2,0,False,normal_only,"[1121, 1122]","[1121, 1122]",1121,1121
562,CN7_L_000562,2,0,2,0,False,normal_only,"[1123, 1124]","[1123, 1124]",1123,1123
563,CN7_L_000563,2,0,2,0,False,normal_only,"[1125, 1126]","[1125, 1126]",1125,1125
564,CN7_L_000564,2,0,2,0,False,normal_only,"[1127, 1128]","[1127, 1128]",1127,1127
565,CN7_L_000565,2,0,2,0,False,normal_only,"[1129, 1130]","[1129, 1130]",1129,1129
566,CN7_L_000566,2,0,2,0,False,normal_only,"[1131, 1132]","[1131, 1132]",1131,1131
567,CN7_L_000567,2,0,2,0,False,normal_only,"[1133, 1134]","[1133, 1134]",1133,1133
568,CN7_L_000568,2,0,2,0,False,normal_only,"[1135, 1136]","[1135, 1136]",1135,1135
569,CN7_L_000569,2,0,2,0,False,normal_only,"[1137, 1138]","[1137, 1138]",1137,1137
570,CN7_L_000570,2,0,2,0,False,normal_only,"[1139, 1140]","[1139, 1140]",1139,1139
571,CN7_L_000571,2,0,2,0,False,normal_only,"[1141, 1142]","[1141, 1142]",1141,1141
572,CN7_L_000572,2,0,2,0,False,normal_only,"[1143, 1144]","[1143, 1144]",1143,1143
573,CN7_L_000573,2,0,2,0,False,normal_only,"[1145, 1146]","[1145, 1146]",1145,1145
574,CN7_L_000574,2,0,2,0,False,normal_only,"[1147, 1148]","[1147, 1148]",1147,1147
575,CN7_L_000575,2,0,2,0,False,normal_only,"[1149, 1150]","[1149, 1150]",1149,1149
576,CN7_L_000576,2,0,2,0,False,normal_only,"[1151, 1152]","[1151, 1152]",1151,1151
577,CN7_L_000577,2,0,2,0,False,normal_only,"[1153, 1154]","[1153, 1154]",1153,1153
578,CN7_L_000578,2,0,2,0,False,normal_only,"[1155, 1156]","[1155, 1156]",1155,1155
579,CN7_L_000579,2,0,2,0,False,normal_only,"[1157, 1158]","[1157, 1158]",1157,1157
580,CN7_L_000580,2,0,2,0,False,normal_only,"[1159, 1160]","[1159, 1160]",1159,1159
581,CN7_L_000581,2,0,2,0,False,normal_only,"[1161, 1162]","[1161, 1162]",1161,1161
582,CN7_L_000582,2,0,2,0,False,normal_only,"[1163, 1164]","[1163, 1164]",1163,1163
583,CN7_L_000583,2,0,2,0,False,normal_only,"[1165, 1166]","[1165, 1166]",1165,1165
584,CN7_L_000584,2,0,2,0,False,normal_only,"[1167, 1168]","[1167, 1168]",1167,1167
585,CN7_L_000585,2,0,2,0,False,normal_only,"[1169, 1170]","[1169, 1170]",1169,1169
586,CN7_L_000586,2,0,2,0,False,normal_only,"[1171, 1172]","[1171, 1172]",1171,1171
587,CN7_L_000587,2,0,2,0,False,normal_only,"[1173, 1174]","[1173, 1174]",1173,1173
588,CN7_L_000588,2,0,2,0,False,normal_only,"[1175, 1176]","[1175, 1176]",1175,1175
589,CN7_L_000589,2,0,2,0,False,normal_only,"[1177, 1178]","[1177, 1178]",1177,1177
590,CN7_L_000590,2,0,2,0,False,normal_only,"[1179, 1180]","[1179, 1180]",1179,1179
591,CN7_L_000591,2,0,2,0,False,normal_only,"[1181, 1182]","[1181, 1182]",1181,1181
592,CN7_L_000592,2,0,2,0,False,normal_only,"[1183, 1184]","[1183, 1184]",1183,1183
593,CN7_L_000593,2,0,2,0,False,normal_only,"[1185, 1186]","[1185, 1186]",1185,1185
594,CN7_L_000594,2,0,2,0,False,normal_only,"[1187, 1188]","[1187, 1188]",1187,1187
595,CN7_L_000595,2,0,2,0,False,normal_only,"[1189, 1191]","[1189, 1191]",1189,1189
596,CN7_L_000596,2,0,2,0,False,normal_only,"[1190, 1192]","[1190, 1192]",1190,1190
597,CN7_L_000597,2,0,2,0,False,normal_only,"[1193, 1194]","[1193, 1194]",1193,1193
598,CN7_L_000598,2,0,2,0,False,normal_only,"[1195, 1196]","[1195, 1196]",1195,1195
599,CN7_L_000599,2,0,2,0,False,normal_only,"[1197, 1198]","[1197, 1198]",1197,1197
600,CN7_L_000600,2,0,2,0,False,normal_only,"[1199, 1200]","[1199, 1200]",1199,1199
601,CN7_L_000601,2,0,2,0,False,normal_only,"[1201, 1202]","[1201, 1202]",1201,1201
602,CN7_L_000602,2,0,2,0,False,normal_only,"[1203, 1204]","[1203, 1204]",1203,1203
603,CN7_L_000603,2,0,2,0,False,normal_only,"[1205, 1206]","[1205, 1206]",1205,1205
604,CN7_L_000604,2,0,2,0,False,normal_only,"[1207, 1208]","[1207, 1208]",1207,1207
605,CN7_L_000605,2,0,2,0,False,normal_only,"[1209, 1210]","[1209, 1210]",1209,1209
