pattern,normal_row_1based,defect_row_1based,defect_minus_normal_rows,past_1_identical,past_3_identical,past_5_identical
68,138,137,-1,False,False,False
80,162,161,-1,False,False,False
85,172,171,-1,False,False,False
102,206,205,-1,False,False,False
122,246,245,-1,False,False,False
150,302,301,-1,False,False,False
152,306,305,-1,False,False,False
155,312,311,-1,False,False,False
161,324,323,-1,False,False,False
173,348,347,-1,False,False,False
203,407,408,1,False,False,False
205,412,411,-1,False,False,False
231,463,464,1,False,False,False
275,552,551,-1,False,False,False
310,622,621,-1,False,False,False
343,688,687,-1,False,False,False
363,728,727,-1,False,False,False
381,764,763,-1,False,False,False
405,812,811,-1,False,False,False
447,896,895,-1,False,False,False
476,954,953,-1,False,False,False
483,968,967,-1,False,False,False
486,974,973,-1,False,False,False
560,1122,1121,-1,False,False,False
566,1134,1133,-1,False,False,False
