fold,AP,ROC_AUC,retained_count,normal_train_rows,gamma,support_vectors,scenario
0,0.12325581395348838,0.8109243697478992,23,354,0.00013043478260869567,9,전체 변수와 정상 재표준화
1,0.45555555555555555,0.9350282485875706,23,355,0.00013043478260869567,7,전체 변수와 정상 재표준화
2,0.41666666666666663,0.8954802259887006,23,355,0.00013043478260869567,8,전체 변수와 정상 재표준화
3,0.38229166666666664,0.7768361581920904,23,355,0.00013043478260869567,7,전체 변수와 정상 재표준화
0,0.15,0.8277310924369747,23,354,0.00013043478260869567,10,전체 변수와 제공 스케일 유지
1,0.4588235294117647,0.9378531073446328,23,355,0.00013043478260869567,7,전체 변수와 제공 스케일 유지
2,0.4111111111111111,0.887005649717514,23,355,0.00013043478260869567,8,전체 변수와 제공 스케일 유지
3,0.21646026831785345,0.7655367231638418,23,355,0.00013043478260869567,7,전체 변수와 제공 스케일 유지
0,0.07702702702702703,0.8151260504201681,17,354,0.00017647058823529413,9,충전과 전환 제외
1,0.03679073399271213,0.423728813559322,17,355,0.00017647058823529413,7,충전과 전환 제외
2,0.13357843137254902,0.8192090395480227,17,355,0.00017647058823529413,6,충전과 전환 제외
3,0.16405597326649957,0.7966101694915254,17,355,0.00017647058823529413,9,충전과 전환 제외
0,0.13949275362318841,0.7058823529411764,17,354,0.00017647058823529413,9,계량과 가소화 제외
1,0.5384615384615384,0.9293785310734463,17,355,0.00017647058823529413,8,계량과 가소화 제외
2,0.44780219780219777,0.847457627118644,17,355,0.00017647058823529413,6,계량과 가소화 제외
3,0.3693181818181818,0.7372881355932204,17,355,0.00017647058823529413,8,계량과 가소화 제외
0,0.04738015607580825,0.7521008403361344,16,354,0.0001875,7,실린더와 호퍼 온도 제외
1,0.5,0.9463276836158192,16,355,0.0001875,6,실린더와 호퍼 온도 제외
2,0.4526315789473684,0.9322033898305085,16,355,0.0001875,7,실린더와 호퍼 온도 제외
3,0.38443396226415094,0.6694915254237287,16,355,0.0001875,7,실린더와 호퍼 온도 제외
0,0.1181818181818182,0.7605042016806723,21,354,0.00014285714285714287,9,금형 온도 제외
1,0.4699074074074074,0.943502824858757,21,355,0.00014285714285714287,7,금형 온도 제외
2,0.4356060606060606,0.9152542372881356,21,355,0.00014285714285714287,6,금형 온도 제외
3,0.2149122807017544,0.7429378531073446,21,355,0.00014285714285714287,9,금형 온도 제외
0,0.26176470588235295,0.6470588235294118,21,354,0.00014285714285714287,9,형체와 전체 주기 제외
1,0.44155844155844154,0.923728813559322,21,355,0.00014285714285714287,7,형체와 전체 주기 제외
2,0.4110105580693816,0.8926553672316384,21,355,0.00014285714285714287,8,형체와 전체 주기 제외
3,0.2161172161172161,0.8220338983050847,21,355,0.00014285714285714287,9,형체와 전체 주기 제외
