pattern_row,fold,label,probability,threshold,prediction
0,2,0,0.023333333333333334,0.47000000000000003,0
2,0,0,0.10666666666666667,0.47000000000000003,0
3,2,0,0.01,0.47000000000000003,0
4,2,0,0.01,0.47000000000000003,0
5,1,0,0.006666666666666667,0.47000000000000003,0
6,1,0,0.006666666666666667,0.47000000000000003,0
7,2,0,0.013333333333333334,0.47000000000000003,0
9,0,0,0.03333333333333333,0.47000000000000003,0
10,3,0,0.0,0.47000000000000003,0
11,0,0,0.016666666666666666,0.47000000000000003,0
12,0,0,0.01,0.47000000000000003,0
15,1,0,0.0,0.47000000000000003,0
16,1,0,0.0,0.47000000000000003,0
17,3,0,0.0033333333333333335,0.47000000000000003,0
18,3,0,0.006666666666666667,0.47000000000000003,0
19,0,0,0.07333333333333333,0.47000000000000003,0
22,3,0,0.01,0.47000000000000003,0
23,2,0,0.043333333333333335,0.47000000000000003,0
24,3,0,0.01,0.47000000000000003,0
25,0,0,0.09,0.47000000000000003,0
26,0,0,0.016666666666666666,0.47000000000000003,0
27,1,0,0.006666666666666667,0.47000000000000003,0
28,2,0,0.06,0.47000000000000003,0
29,1,0,0.0,0.47000000000000003,0
30,1,0,0.05,0.47000000000000003,0
31,1,0,0.006666666666666667,0.47000000000000003,0
32,0,0,0.02,0.47000000000000003,0
33,3,0,0.02,0.47000000000000003,0
35,0,0,0.02,0.47000000000000003,0
36,3,0,0.03333333333333333,0.47000000000000003,0
37,3,0,0.24666666666666667,0.47000000000000003,0
38,2,0,0.08333333333333333,0.47000000000000003,0
39,3,0,0.04666666666666667,0.47000000000000003,0
41,1,0,0.06666666666666667,0.47000000000000003,0
42,3,0,0.11333333333333333,0.47000000000000003,0
44,0,0,0.22666666666666666,0.47000000000000003,0
45,2,0,0.016666666666666666,0.47000000000000003,0
46,2,0,0.06333333333333334,0.47000000000000003,0
47,1,0,0.09,0.47000000000000003,0
48,0,0,0.18666666666666668,0.47000000000000003,0
49,2,0,0.27666666666666667,0.47000000000000003,0
50,0,0,0.36666666666666664,0.47000000000000003,0
51,2,0,0.043333333333333335,0.47000000000000003,0
54,0,0,0.2966666666666667,0.47000000000000003,0
55,3,0,0.03666666666666667,0.47000000000000003,0
56,0,0,0.15666666666666668,0.47000000000000003,0
57,0,0,0.13,0.47000000000000003,0
59,1,0,0.37666666666666665,0.47000000000000003,0
60,3,0,0.24333333333333335,0.47000000000000003,0
61,3,0,0.42,0.47000000000000003,0
63,2,0,0.023333333333333334,0.47000000000000003,0
65,0,0,0.23666666666666666,0.47000000000000003,0
66,2,0,0.18333333333333332,0.47000000000000003,0
67,2,0,0.06666666666666667,0.47000000000000003,0
68,1,1,0.006666666666666667,0.47000000000000003,0
69,3,0,0.30333333333333334,0.47000000000000003,0
70,3,0,0.013333333333333334,0.47000000000000003,0
71,0,0,0.03333333333333333,0.47000000000000003,0
73,3,0,0.03666666666666667,0.47000000000000003,0
74,0,0,0.08666666666666667,0.47000000000000003,0
75,3,0,0.12,0.47000000000000003,0
76,3,0,0.09,0.47000000000000003,0
77,0,0,0.05333333333333334,0.47000000000000003,0
78,0,0,0.013333333333333334,0.47000000000000003,0
79,2,0,0.043333333333333335,0.47000000000000003,0
80,1,1,0.5,0.47000000000000003,1
81,2,0,0.02,0.47000000000000003,0
83,0,0,0.15,0.47000000000000003,0
84,2,0,0.35,0.47000000000000003,0
85,0,1,0.013333333333333334,0.47000000000000003,0
86,2,0,0.15666666666666668,0.47000000000000003,0
87,2,0,0.13,0.47000000000000003,0
88,3,0,0.44,0.47000000000000003,0
89,3,0,0.09,0.47000000000000003,0
91,3,0,0.08666666666666667,0.47000000000000003,0
92,0,0,0.20666666666666667,0.47000000000000003,0
93,3,0,0.1,0.47000000000000003,0
95,2,0,0.25,0.47000000000000003,0
96,3,0,0.29333333333333333,0.47000000000000003,0
97,0,0,0.15333333333333332,0.47000000000000003,0
98,1,0,0.0,0.47000000000000003,0
99,3,0,0.44,0.47000000000000003,0
100,1,0,0.16666666666666666,0.47000000000000003,0
101,2,0,0.0,0.47000000000000003,0
102,0,1,0.11333333333333333,0.47000000000000003,0
104,2,0,0.19666666666666666,0.47000000000000003,0
105,2,0,0.78,0.47000000000000003,1
107,0,0,0.11333333333333333,0.47000000000000003,0
108,0,0,0.2633333333333333,0.47000000000000003,0
111,3,0,0.02,0.47000000000000003,0
112,3,0,0.22333333333333333,0.47000000000000003,0
113,1,0,0.03333333333333333,0.47000000000000003,0
114,0,0,0.043333333333333335,0.47000000000000003,0
115,0,0,0.056666666666666664,0.47000000000000003,0
116,1,0,0.08333333333333333,0.47000000000000003,0
117,0,0,0.18666666666666668,0.47000000000000003,0
118,0,0,0.12333333333333334,0.47000000000000003,0
119,0,0,0.17666666666666667,0.47000000000000003,0
120,2,0,0.04,0.47000000000000003,0
121,3,0,0.19,0.47000000000000003,0
122,1,1,0.0033333333333333335,0.47000000000000003,0
123,0,0,0.12,0.47000000000000003,0
124,0,0,0.06,0.47000000000000003,0
125,3,0,0.03,0.47000000000000003,0
127,1,0,0.06,0.47000000000000003,0
128,1,0,0.48333333333333334,0.47000000000000003,1
129,1,0,0.17,0.47000000000000003,0
130,0,0,0.11,0.47000000000000003,0
131,3,0,0.5,0.47000000000000003,1
132,1,0,0.03,0.47000000000000003,0
134,2,0,0.0,0.47000000000000003,0
136,2,0,0.01,0.47000000000000003,0
137,3,0,0.016666666666666666,0.47000000000000003,0
138,0,0,0.17,0.47000000000000003,0
139,2,0,0.10333333333333333,0.47000000000000003,0
141,0,0,0.13,0.47000000000000003,0
142,0,0,0.10333333333333333,0.47000000000000003,0
144,1,0,0.02,0.47000000000000003,0
145,1,0,0.18666666666666668,0.47000000000000003,0
146,3,0,0.013333333333333334,0.47000000000000003,0
147,2,0,0.23666666666666666,0.47000000000000003,0
148,0,0,0.5466666666666666,0.47000000000000003,1
149,3,0,0.04,0.47000000000000003,0
150,3,1,0.51,0.47000000000000003,1
151,3,0,0.04666666666666667,0.47000000000000003,0
152,2,1,0.48333333333333334,0.47000000000000003,1
153,2,0,0.16,0.47000000000000003,0
154,0,0,0.2733333333333333,0.47000000000000003,0
155,1,1,0.0033333333333333335,0.47000000000000003,0
156,0,0,0.18333333333333332,0.47000000000000003,0
157,1,0,0.25,0.47000000000000003,0
158,0,0,0.41333333333333333,0.47000000000000003,0
159,1,0,0.0033333333333333335,0.47000000000000003,0
160,2,0,0.0033333333333333335,0.47000000000000003,0
161,3,1,0.04666666666666667,0.47000000000000003,0
162,1,0,0.46,0.47000000000000003,0
163,0,0,0.17333333333333334,0.47000000000000003,0
164,0,0,0.10333333333333333,0.47000000000000003,0
166,2,0,0.05,0.47000000000000003,0
167,1,0,0.27666666666666667,0.47000000000000003,0
168,0,0,0.5233333333333333,0.47000000000000003,1
172,1,0,0.13333333333333333,0.47000000000000003,0
173,2,1,0.15333333333333332,0.47000000000000003,0
174,2,0,0.16666666666666666,0.47000000000000003,0
175,0,0,0.10333333333333333,0.47000000000000003,0
177,0,0,0.14,0.47000000000000003,0
178,3,0,0.10666666666666667,0.47000000000000003,0
179,0,0,0.16333333333333333,0.47000000000000003,0
180,2,0,0.43,0.47000000000000003,0
181,3,0,0.36333333333333334,0.47000000000000003,0
182,1,0,0.19,0.47000000000000003,0
183,1,0,0.03666666666666667,0.47000000000000003,0
184,1,0,0.04666666666666667,0.47000000000000003,0
185,1,0,0.31333333333333335,0.47000000000000003,0
186,2,0,0.013333333333333334,0.47000000000000003,0
187,3,0,0.03,0.47000000000000003,0
188,1,0,0.0,0.47000000000000003,0
189,3,0,0.19,0.47000000000000003,0
190,3,0,0.013333333333333334,0.47000000000000003,0
191,1,0,0.05333333333333334,0.47000000000000003,0
192,3,0,0.01,0.47000000000000003,0
193,2,0,0.10333333333333333,0.47000000000000003,0
194,3,0,0.14,0.47000000000000003,0
195,1,0,0.19333333333333333,0.47000000000000003,0
196,0,0,0.14666666666666667,0.47000000000000003,0
198,3,0,0.03666666666666667,0.47000000000000003,0
202,1,0,0.04,0.47000000000000003,0
203,1,1,0.0,0.47000000000000003,0
204,3,0,0.07666666666666666,0.47000000000000003,0
205,2,1,0.03,0.47000000000000003,0
206,1,0,0.016666666666666666,0.47000000000000003,0
207,1,0,0.006666666666666667,0.47000000000000003,0
208,1,0,0.006666666666666667,0.47000000000000003,0
209,0,0,0.2,0.47000000000000003,0
210,3,0,0.08333333333333333,0.47000000000000003,0
211,3,0,0.07,0.47000000000000003,0
212,1,0,0.15,0.47000000000000003,0
214,0,0,0.01,0.47000000000000003,0
215,2,0,0.006666666666666667,0.47000000000000003,0
216,2,0,0.023333333333333334,0.47000000000000003,0
218,1,0,0.4533333333333333,0.47000000000000003,0
220,1,0,0.15,0.47000000000000003,0
221,3,0,0.06,0.47000000000000003,0
222,2,0,0.0033333333333333335,0.47000000000000003,0
223,3,0,0.06666666666666667,0.47000000000000003,0
225,3,0,0.1,0.47000000000000003,0
227,1,0,0.0033333333333333335,0.47000000000000003,0
230,1,0,0.056666666666666664,0.47000000000000003,0
232,3,0,0.20333333333333334,0.47000000000000003,0
233,3,0,0.0033333333333333335,0.47000000000000003,0
234,2,0,0.11,0.47000000000000003,0
235,0,0,0.18666666666666668,0.47000000000000003,0
236,1,0,0.013333333333333334,0.47000000000000003,0
237,2,0,0.5133333333333333,0.47000000000000003,1
238,2,0,0.01,0.47000000000000003,0
239,2,0,0.016666666666666666,0.47000000000000003,0
240,2,0,0.006666666666666667,0.47000000000000003,0
241,0,0,0.016666666666666666,0.47000000000000003,0
242,0,0,0.03666666666666667,0.47000000000000003,0
244,1,0,0.35,0.47000000000000003,0
245,2,0,0.016666666666666666,0.47000000000000003,0
246,0,0,0.01,0.47000000000000003,0
247,2,0,0.13,0.47000000000000003,0
248,2,0,0.01,0.47000000000000003,0
250,1,0,0.0,0.47000000000000003,0
251,1,0,0.0,0.47000000000000003,0
252,1,0,0.15666666666666668,0.47000000000000003,0
253,1,0,0.14333333333333334,0.47000000000000003,0
255,0,0,0.013333333333333334,0.47000000000000003,0
257,2,0,0.023333333333333334,0.47000000000000003,0
258,0,0,0.11333333333333333,0.47000000000000003,0
259,0,0,0.03666666666666667,0.47000000000000003,0
260,0,0,0.16666666666666666,0.47000000000000003,0
261,2,0,0.0,0.47000000000000003,0
262,1,0,0.016666666666666666,0.47000000000000003,0
263,3,0,0.24666666666666667,0.47000000000000003,0
266,2,0,0.05,0.47000000000000003,0
267,1,0,0.0,0.47000000000000003,0
268,2,0,0.016666666666666666,0.47000000000000003,0
269,3,0,0.06,0.47000000000000003,0
270,1,0,0.0,0.47000000000000003,0
271,1,0,0.01,0.47000000000000003,0
274,0,0,0.21333333333333335,0.47000000000000003,0
275,0,1,0.06666666666666667,0.47000000000000003,0
276,2,0,0.0,0.47000000000000003,0
277,1,0,0.29333333333333333,0.47000000000000003,0
278,2,0,0.006666666666666667,0.47000000000000003,0
279,1,0,0.0,0.47000000000000003,0
280,0,0,0.013333333333333334,0.47000000000000003,0
281,0,0,0.03666666666666667,0.47000000000000003,0
282,3,0,0.0033333333333333335,0.47000000000000003,0
285,0,0,0.016666666666666666,0.47000000000000003,0
286,3,0,0.013333333333333334,0.47000000000000003,0
288,1,0,0.6633333333333333,0.47000000000000003,1
289,2,0,0.22666666666666666,0.47000000000000003,0
291,0,0,0.06,0.47000000000000003,0
292,1,0,0.04,0.47000000000000003,0
294,3,0,0.023333333333333334,0.47000000000000003,0
295,2,0,0.013333333333333334,0.47000000000000003,0
296,2,0,0.0,0.47000000000000003,0
297,0,0,0.013333333333333334,0.47000000000000003,0
298,2,0,0.10666666666666667,0.47000000000000003,0
299,0,0,0.15,0.47000000000000003,0
300,0,0,0.056666666666666664,0.47000000000000003,0
301,0,0,0.11,0.47000000000000003,0
303,1,0,0.0033333333333333335,0.47000000000000003,0
304,1,0,0.0,0.47000000000000003,0
305,1,0,0.22333333333333333,0.47000000000000003,0
306,1,0,0.013333333333333334,0.47000000000000003,0
307,1,0,0.21333333333333335,0.47000000000000003,0
308,0,0,0.08,0.47000000000000003,0
310,0,1,0.01,0.47000000000000003,0
311,2,0,0.043333333333333335,0.47000000000000003,0
312,2,0,0.013333333333333334,0.47000000000000003,0
313,2,0,0.10333333333333333,0.47000000000000003,0
314,2,0,0.0,0.47000000000000003,0
316,3,0,0.32,0.47000000000000003,0
317,3,0,0.4066666666666667,0.47000000000000003,0
319,3,0,0.27666666666666667,0.47000000000000003,0
320,1,0,0.023333333333333334,0.47000000000000003,0
321,1,0,0.0033333333333333335,0.47000000000000003,0
322,3,0,0.0,0.47000000000000003,0
325,2,0,0.2833333333333333,0.47000000000000003,0
326,1,0,0.0033333333333333335,0.47000000000000003,0
327,2,0,0.23,0.47000000000000003,0
329,0,0,0.06333333333333334,0.47000000000000003,0
331,3,0,0.006666666666666667,0.47000000000000003,0
332,1,0,0.03,0.47000000000000003,0
333,1,0,0.09333333333333334,0.47000000000000003,0
334,3,0,0.02666666666666667,0.47000000000000003,0
335,3,0,0.03333333333333333,0.47000000000000003,0
336,3,0,0.38,0.47000000000000003,0
337,3,0,0.06666666666666667,0.47000000000000003,0
338,2,0,0.2833333333333333,0.47000000000000003,0
339,2,0,0.17333333333333334,0.47000000000000003,0
340,3,0,0.05,0.47000000000000003,0
342,3,0,0.25666666666666665,0.47000000000000003,0
344,0,0,0.013333333333333334,0.47000000000000003,0
345,1,0,0.07,0.47000000000000003,0
347,3,0,0.04666666666666667,0.47000000000000003,0
348,2,0,0.03333333333333333,0.47000000000000003,0
349,2,0,0.01,0.47000000000000003,0
350,3,0,0.03,0.47000000000000003,0
351,2,0,0.12666666666666668,0.47000000000000003,0
352,2,0,0.07,0.47000000000000003,0
354,3,0,0.043333333333333335,0.47000000000000003,0
356,1,0,0.006666666666666667,0.47000000000000003,0
357,1,0,0.01,0.47000000000000003,0
358,1,0,0.0033333333333333335,0.47000000000000003,0
362,2,0,0.04666666666666667,0.47000000000000003,0
364,2,0,0.05333333333333334,0.47000000000000003,0
365,1,0,0.023333333333333334,0.47000000000000003,0
366,1,0,0.04666666666666667,0.47000000000000003,0
368,1,0,0.006666666666666667,0.47000000000000003,0
369,3,0,0.02666666666666667,0.47000000000000003,0
370,3,0,0.07333333333333333,0.47000000000000003,0
371,1,0,0.2,0.47000000000000003,0
372,3,0,0.09666666666666666,0.47000000000000003,0
373,0,0,0.02,0.47000000000000003,0
374,2,0,0.02,0.47000000000000003,0
375,3,0,0.013333333333333334,0.47000000000000003,0
376,1,0,0.006666666666666667,0.47000000000000003,0
377,3,0,0.0033333333333333335,0.47000000000000003,0
378,0,0,0.043333333333333335,0.47000000000000003,0
379,3,0,0.13,0.47000000000000003,0
380,0,0,0.16,0.47000000000000003,0
381,3,1,0.01,0.47000000000000003,0
382,2,0,0.02,0.47000000000000003,0
383,0,0,0.24,0.47000000000000003,0
385,2,0,0.06666666666666667,0.47000000000000003,0
386,1,0,0.17666666666666667,0.47000000000000003,0
387,1,0,0.20333333333333334,0.47000000000000003,0
388,0,0,0.13666666666666666,0.47000000000000003,0
389,0,0,0.20666666666666667,0.47000000000000003,0
391,0,0,0.23333333333333334,0.47000000000000003,0
392,1,0,0.12666666666666668,0.47000000000000003,0
393,1,0,0.08,0.47000000000000003,0
394,3,0,0.08,0.47000000000000003,0
395,3,0,0.20333333333333334,0.47000000000000003,0
398,1,0,0.38666666666666666,0.47000000000000003,0
399,0,0,0.2,0.47000000000000003,0
400,0,0,0.04666666666666667,0.47000000000000003,0
401,2,0,0.05,0.47000000000000003,0
402,3,0,0.21666666666666667,0.47000000000000003,0
404,3,0,0.056666666666666664,0.47000000000000003,0
405,2,1,0.0033333333333333335,0.47000000000000003,0
407,1,0,0.02,0.47000000000000003,0
409,0,0,0.24,0.47000000000000003,0
411,3,0,0.3433333333333333,0.47000000000000003,0
412,1,0,0.043333333333333335,0.47000000000000003,0
413,2,0,0.06333333333333334,0.47000000000000003,0
414,2,0,0.013333333333333334,0.47000000000000003,0
415,3,0,0.0033333333333333335,0.47000000000000003,0
416,0,0,0.24333333333333335,0.47000000000000003,0
417,2,0,0.013333333333333334,0.47000000000000003,0
418,3,0,0.12666666666666668,0.47000000000000003,0
419,0,0,0.04666666666666667,0.47000000000000003,0
421,2,0,0.02,0.47000000000000003,0
422,3,0,0.08666666666666667,0.47000000000000003,0
423,1,0,0.23,0.47000000000000003,0
424,1,0,0.24666666666666667,0.47000000000000003,0
425,0,0,0.08,0.47000000000000003,0
426,2,0,0.24666666666666667,0.47000000000000003,0
427,1,0,0.07333333333333333,0.47000000000000003,0
429,0,0,0.013333333333333334,0.47000000000000003,0
430,0,0,0.06666666666666667,0.47000000000000003,0
431,0,0,0.4666666666666667,0.47000000000000003,0
433,2,0,0.006666666666666667,0.47000000000000003,0
434,2,0,0.12,0.47000000000000003,0
435,1,0,0.26,0.47000000000000003,0
436,3,0,0.0,0.47000000000000003,0
438,0,0,0.08666666666666667,0.47000000000000003,0
439,3,0,0.0033333333333333335,0.47000000000000003,0
440,2,0,0.03333333333333333,0.47000000000000003,0
441,2,0,0.0,0.47000000000000003,0
442,2,0,0.02666666666666667,0.47000000000000003,0
443,1,0,0.05,0.47000000000000003,0
444,3,0,0.03666666666666667,0.47000000000000003,0
445,1,0,0.11333333333333333,0.47000000000000003,0
448,0,0,0.0033333333333333335,0.47000000000000003,0
449,1,0,0.11333333333333333,0.47000000000000003,0
450,1,0,0.09333333333333334,0.47000000000000003,0
451,3,0,0.0033333333333333335,0.47000000000000003,0
452,0,0,0.07666666666666666,0.47000000000000003,0
453,2,0,0.34,0.47000000000000003,0
454,3,0,0.06666666666666667,0.47000000000000003,0
456,0,0,0.006666666666666667,0.47000000000000003,0
457,2,0,0.013333333333333334,0.47000000000000003,0
458,0,0,0.16333333333333333,0.47000000000000003,0
459,1,0,0.14,0.47000000000000003,0
460,0,0,0.18666666666666668,0.47000000000000003,0
461,3,0,0.006666666666666667,0.47000000000000003,0
462,3,0,0.09,0.47000000000000003,0
463,1,0,0.03333333333333333,0.47000000000000003,0
464,2,0,0.01,0.47000000000000003,0
466,3,0,0.05333333333333334,0.47000000000000003,0
467,2,0,0.01,0.47000000000000003,0
468,2,0,0.47,0.47000000000000003,0
469,1,0,0.19666666666666666,0.47000000000000003,0
470,1,0,0.15333333333333332,0.47000000000000003,0
471,2,0,0.39,0.47000000000000003,0
472,3,0,0.006666666666666667,0.47000000000000003,0
473,2,0,0.18666666666666668,0.47000000000000003,0
476,2,1,0.0,0.47000000000000003,0
477,3,0,0.03333333333333333,0.47000000000000003,0
478,3,0,0.32666666666666666,0.47000000000000003,0
481,2,0,0.0033333333333333335,0.47000000000000003,0
483,0,1,0.03333333333333333,0.47000000000000003,0
484,3,0,0.0033333333333333335,0.47000000000000003,0
485,2,0,0.0,0.47000000000000003,0
486,3,1,0.02666666666666667,0.47000000000000003,0
487,1,0,0.09,0.47000000000000003,0
488,1,0,0.25333333333333335,0.47000000000000003,0
490,0,0,0.016666666666666666,0.47000000000000003,0
491,1,0,0.06666666666666667,0.47000000000000003,0
492,1,0,0.0,0.47000000000000003,0
493,2,0,0.023333333333333334,0.47000000000000003,0
494,2,0,0.0033333333333333335,0.47000000000000003,0
495,0,0,0.2633333333333333,0.47000000000000003,0
500,0,0,0.13,0.47000000000000003,0
501,0,0,0.13333333333333333,0.47000000000000003,0
502,3,0,0.006666666666666667,0.47000000000000003,0
503,0,0,0.17666666666666667,0.47000000000000003,0
504,0,0,0.13333333333333333,0.47000000000000003,0
505,1,0,0.5133333333333333,0.47000000000000003,1
508,0,0,0.10333333333333333,0.47000000000000003,0
509,2,0,0.013333333333333334,0.47000000000000003,0
510,3,0,0.11666666666666667,0.47000000000000003,0
512,0,0,0.016666666666666666,0.47000000000000003,0
513,3,0,0.01,0.47000000000000003,0
515,3,0,0.056666666666666664,0.47000000000000003,0
516,0,0,0.016666666666666666,0.47000000000000003,0
517,3,0,0.01,0.47000000000000003,0
518,2,0,0.0,0.47000000000000003,0
519,2,0,0.0033333333333333335,0.47000000000000003,0
520,0,0,0.19333333333333333,0.47000000000000003,0
521,2,0,0.04,0.47000000000000003,0
522,0,0,0.26666666666666666,0.47000000000000003,0
523,3,0,0.14333333333333334,0.47000000000000003,0
524,2,0,0.10333333333333333,0.47000000000000003,0
525,1,0,0.01,0.47000000000000003,0
526,2,0,0.01,0.47000000000000003,0
528,3,0,0.38666666666666666,0.47000000000000003,0
529,1,0,0.03666666666666667,0.47000000000000003,0
530,2,0,0.006666666666666667,0.47000000000000003,0
534,3,0,0.33666666666666667,0.47000000000000003,0
535,2,0,0.20333333333333334,0.47000000000000003,0
537,2,0,0.19666666666666666,0.47000000000000003,0
538,0,0,0.023333333333333334,0.47000000000000003,0
539,3,0,0.25666666666666665,0.47000000000000003,0
540,0,0,0.013333333333333334,0.47000000000000003,0
541,1,0,0.016666666666666666,0.47000000000000003,0
543,1,0,0.0,0.47000000000000003,0
544,3,0,0.25666666666666665,0.47000000000000003,0
545,1,0,0.15,0.47000000000000003,0
546,1,0,0.03333333333333333,0.47000000000000003,0
547,0,0,0.14333333333333334,0.47000000000000003,0
548,0,0,0.006666666666666667,0.47000000000000003,0
550,3,0,0.043333333333333335,0.47000000000000003,0
551,2,0,0.04,0.47000000000000003,0
552,2,0,0.3566666666666667,0.47000000000000003,0
553,0,0,0.06333333333333334,0.47000000000000003,0
554,2,0,0.0033333333333333335,0.47000000000000003,0
555,1,0,0.07,0.47000000000000003,0
556,2,0,0.006666666666666667,0.47000000000000003,0
558,1,0,0.03333333333333333,0.47000000000000003,0
559,3,0,0.01,0.47000000000000003,0
560,3,1,0.0033333333333333335,0.47000000000000003,0
561,2,0,0.023333333333333334,0.47000000000000003,0
562,3,0,0.0,0.47000000000000003,0
563,3,0,0.06666666666666667,0.47000000000000003,0
564,2,0,0.07666666666666666,0.47000000000000003,0
565,2,0,0.03333333333333333,0.47000000000000003,0
567,1,0,0.55,0.47000000000000003,1
568,1,0,0.05,0.47000000000000003,0
569,1,0,0.006666666666666667,0.47000000000000003,0
570,3,0,0.006666666666666667,0.47000000000000003,0
571,0,0,0.023333333333333334,0.47000000000000003,0
572,3,0,0.09333333333333334,0.47000000000000003,0
573,0,0,0.016666666666666666,0.47000000000000003,0
575,2,0,0.0,0.47000000000000003,0
577,1,0,0.15666666666666668,0.47000000000000003,0
578,1,0,0.24666666666666667,0.47000000000000003,0
579,3,0,0.0,0.47000000000000003,0
580,0,0,0.08333333333333333,0.47000000000000003,0
581,1,0,0.0,0.47000000000000003,0
583,0,0,0.0033333333333333335,0.47000000000000003,0
584,0,0,0.056666666666666664,0.47000000000000003,0
586,2,0,0.01,0.47000000000000003,0
587,3,0,0.16333333333333333,0.47000000000000003,0
589,3,0,0.0,0.47000000000000003,0
590,0,0,0.05333333333333334,0.47000000000000003,0
