pattern_row,pattern_id,label,partition,cv_fold
0,CN7_L_000000,0,development,0
1,CN7_L_000001,0,test,-1
2,CN7_L_000002,0,development,0
3,CN7_L_000003,0,development,0
4,CN7_L_000004,0,development,3
5,CN7_L_000005,0,development,2
6,CN7_L_000006,0,development,2
7,CN7_L_000007,0,development,1
8,CN7_L_000008,0,development,0
9,CN7_L_000009,0,development,1
10,CN7_L_000010,0,development,0
11,CN7_L_000011,0,development,0
12,CN7_L_000012,0,development,1
13,CN7_L_000013,0,test,-1
14,CN7_L_000014,0,test,-1
15,CN7_L_000015,0,development,2
16,CN7_L_000016,0,development,1
17,CN7_L_000017,0,development,3
18,CN7_L_000018,0,development,2
19,CN7_L_000019,0,development,1
20,CN7_L_000020,0,test,-1
21,CN7_L_000021,0,test,-1
22,CN7_L_000022,0,development,0
23,CN7_L_000023,0,development,3
24,CN7_L_000024,1,development,3
25,CN7_L_000025,0,development,0
26,CN7_L_000026,0,development,0
27,CN7_L_000027,0,development,3
28,CN7_L_000028,0,test,-1
29,CN7_L_000029,0,development,0
30,CN7_L_000030,0,development,1
31,CN7_L_000031,0,development,0
32,CN7_L_000032,0,development,2
33,CN7_L_000033,0,test,-1
34,CN7_L_000034,0,development,3
35,CN7_L_000035,0,test,-1
36,CN7_L_000036,0,development,0
37,CN7_L_000037,0,development,0
38,CN7_L_000038,0,development,3
39,CN7_L_000039,0,development,0
40,CN7_L_000040,1,development,1
41,CN7_L_000041,0,development,1
42,CN7_L_000042,0,test,-1
43,CN7_L_000043,0,development,0
44,CN7_L_000044,0,development,3
45,CN7_L_000045,0,development,0
46,CN7_L_000046,0,development,0
47,CN7_L_000047,0,development,2
48,CN7_L_000048,1,development,0
49,CN7_L_000049,0,development,3
50,CN7_L_000050,1,test,-1
51,CN7_L_000051,1,test,-1
52,CN7_L_000052,1,development,2
53,CN7_L_000053,1,development,1
54,CN7_L_000054,1,development,3
55,CN7_L_000055,1,development,0
56,CN7_L_000056,1,development,2
57,CN7_L_000057,1,test,-1
58,CN7_L_000058,1,development,1
59,CN7_L_000059,1,development,3
60,CN7_L_000060,1,development,2
61,CN7_L_000061,0,test,-1
62,CN7_L_000062,0,development,1
63,CN7_L_000063,0,development,3
64,CN7_L_000064,0,development,3
65,CN7_L_000065,0,development,2
66,CN7_L_000066,0,test,-1
67,CN7_L_000067,0,development,3
68,CN7_L_000068,0,development,3
69,CN7_L_000069,0,development,2
70,CN7_L_000070,0,development,1
71,CN7_L_000071,0,development,2
72,CN7_L_000072,0,test,-1
73,CN7_L_000073,0,development,0
74,CN7_L_000074,0,development,0
75,CN7_L_000075,0,test,-1
76,CN7_L_000076,0,test,-1
77,CN7_L_000077,0,development,2
78,CN7_L_000078,0,test,-1
79,CN7_L_000079,0,development,3
80,CN7_L_000080,0,development,2
81,CN7_L_000081,0,development,2
82,CN7_L_000082,0,development,3
83,CN7_L_000083,0,development,2
84,CN7_L_000084,0,development,3
85,CN7_L_000085,0,test,-1
86,CN7_L_000086,0,development,0
87,CN7_L_000087,0,development,3
88,CN7_L_000088,0,development,0
89,CN7_L_000089,0,development,3
90,CN7_L_000090,0,development,1
91,CN7_L_000091,0,development,2
92,CN7_L_000092,0,development,3
93,CN7_L_000093,0,development,1
94,CN7_L_000094,0,test,-1
95,CN7_L_000095,0,development,0
96,CN7_L_000096,0,development,3
97,CN7_L_000097,0,development,3
98,CN7_L_000098,0,development,3
99,CN7_L_000099,0,development,2
100,CN7_L_000100,0,development,3
101,CN7_L_000101,0,test,-1
102,CN7_L_000102,0,development,3
103,CN7_L_000103,0,development,0
104,CN7_L_000104,0,development,2
105,CN7_L_000105,0,test,-1
106,CN7_L_000106,0,development,3
107,CN7_L_000107,0,development,0
108,CN7_L_000108,0,development,2
109,CN7_L_000109,0,development,2
110,CN7_L_000110,0,development,0
111,CN7_L_000111,0,development,1
112,CN7_L_000112,0,test,-1
113,CN7_L_000113,0,test,-1
114,CN7_L_000114,0,test,-1
115,CN7_L_000115,0,development,0
116,CN7_L_000116,0,test,-1
117,CN7_L_000117,0,development,3
118,CN7_L_000118,0,development,3
119,CN7_L_000119,0,test,-1
120,CN7_L_000120,0,test,-1
121,CN7_L_000121,0,development,3
122,CN7_L_000122,0,development,3
123,CN7_L_000123,0,development,0
124,CN7_L_000124,0,development,2
125,CN7_L_000125,0,development,3
126,CN7_L_000126,0,development,2
127,CN7_L_000127,0,development,0
128,CN7_L_000128,0,development,1
129,CN7_L_000129,0,development,2
130,CN7_L_000130,0,development,1
131,CN7_L_000131,0,development,3
132,CN7_L_000132,0,development,1
133,CN7_L_000133,0,development,1
134,CN7_L_000134,0,development,2
135,CN7_L_000135,0,test,-1
136,CN7_L_000136,0,development,0
137,CN7_L_000137,0,development,3
138,CN7_L_000138,0,development,0
139,CN7_L_000139,0,development,2
140,CN7_L_000140,0,development,1
141,CN7_L_000141,0,development,3
142,CN7_L_000142,0,test,-1
143,CN7_L_000143,0,development,1
144,CN7_L_000144,0,test,-1
145,CN7_L_000145,0,development,0
146,CN7_L_000146,0,development,3
147,CN7_L_000147,0,development,1
148,CN7_L_000148,0,test,-1
149,CN7_L_000149,0,test,-1
150,CN7_L_000150,0,development,3
151,CN7_L_000151,0,development,0
152,CN7_L_000152,0,test,-1
153,CN7_L_000153,0,development,0
154,CN7_L_000154,0,development,0
155,CN7_L_000155,0,development,1
156,CN7_L_000156,0,development,0
157,CN7_L_000157,0,development,0
158,CN7_L_000158,0,development,0
159,CN7_L_000159,0,development,2
160,CN7_L_000160,0,development,1
161,CN7_L_000161,0,development,1
162,CN7_L_000162,0,development,2
163,CN7_L_000163,0,development,2
164,CN7_L_000164,0,development,0
165,CN7_L_000165,0,development,2
166,CN7_L_000166,0,development,1
167,CN7_L_000167,0,development,2
168,CN7_L_000168,0,development,3
169,CN7_L_000169,0,development,2
170,CN7_L_000170,0,test,-1
171,CN7_L_000171,0,development,3
172,CN7_L_000172,0,development,0
173,CN7_L_000173,0,development,3
174,CN7_L_000174,0,test,-1
175,CN7_L_000175,0,test,-1
176,CN7_L_000176,0,test,-1
177,CN7_L_000177,0,development,1
178,CN7_L_000178,0,development,0
179,CN7_L_000179,0,development,0
180,CN7_L_000180,0,test,-1
181,CN7_L_000181,0,development,0
182,CN7_L_000182,0,development,0
183,CN7_L_000183,0,development,3
184,CN7_L_000184,0,development,2
185,CN7_L_000185,0,test,-1
186,CN7_L_000186,0,development,0
187,CN7_L_000187,0,development,1
188,CN7_L_000188,0,development,0
189,CN7_L_000189,0,development,0
190,CN7_L_000190,0,development,2
191,CN7_L_000191,0,development,2
192,CN7_L_000192,0,development,0
193,CN7_L_000193,0,development,2
194,CN7_L_000194,0,development,1
195,CN7_L_000195,0,development,0
196,CN7_L_000196,0,development,0
197,CN7_L_000197,0,development,3
198,CN7_L_000198,0,development,0
199,CN7_L_000199,0,development,2
200,CN7_L_000200,0,development,3
201,CN7_L_000201,0,test,-1
202,CN7_L_000202,0,development,0
203,CN7_L_000203,0,test,-1
204,CN7_L_000204,0,development,0
205,CN7_L_000205,0,test,-1
206,CN7_L_000206,0,development,1
207,CN7_L_000207,0,development,1
208,CN7_L_000208,0,development,2
209,CN7_L_000209,0,development,3
210,CN7_L_000210,0,development,3
211,CN7_L_000211,0,development,3
212,CN7_L_000212,0,development,3
213,CN7_L_000213,0,development,3
214,CN7_L_000214,0,test,-1
215,CN7_L_000215,0,test,-1
216,CN7_L_000216,0,development,3
217,CN7_L_000217,0,development,1
218,CN7_L_000218,0,development,2
219,CN7_L_000219,0,test,-1
220,CN7_L_000220,0,development,2
221,CN7_L_000221,0,development,2
222,CN7_L_000222,0,development,3
223,CN7_L_000223,0,development,1
224,CN7_L_000224,0,development,3
225,CN7_L_000225,0,development,0
226,CN7_L_000226,0,development,3
227,CN7_L_000227,0,test,-1
228,CN7_L_000228,0,test,-1
229,CN7_L_000229,0,test,-1
230,CN7_L_000230,0,test,-1
231,CN7_L_000231,0,development,1
232,CN7_L_000232,0,development,1
233,CN7_L_000233,0,development,1
234,CN7_L_000234,0,development,3
235,CN7_L_000235,0,development,3
236,CN7_L_000236,0,development,0
237,CN7_L_000237,0,development,3
238,CN7_L_000238,0,development,1
239,CN7_L_000239,0,development,1
240,CN7_L_000240,0,test,-1
241,CN7_L_000241,0,development,1
242,CN7_L_000242,0,development,0
243,CN7_L_000243,0,development,2
244,CN7_L_000244,0,test,-1
245,CN7_L_000245,0,development,1
246,CN7_L_000246,0,development,1
247,CN7_L_000247,0,development,1
248,CN7_L_000248,0,development,2
249,CN7_L_000249,0,development,3
250,CN7_L_000250,0,development,1
251,CN7_L_000251,0,development,2
252,CN7_L_000252,0,development,1
253,CN7_L_000253,0,development,3
254,CN7_L_000254,0,development,3
255,CN7_L_000255,0,test,-1
256,CN7_L_000256,0,development,3
257,CN7_L_000257,0,test,-1
258,CN7_L_000258,0,development,2
259,CN7_L_000259,0,development,0
260,CN7_L_000260,0,development,1
261,CN7_L_000261,0,development,3
262,CN7_L_000262,0,development,3
263,CN7_L_000263,0,development,2
264,CN7_L_000264,0,development,3
265,CN7_L_000265,0,test,-1
266,CN7_L_000266,0,test,-1
267,CN7_L_000267,0,development,0
268,CN7_L_000268,0,development,0
269,CN7_L_000269,0,development,1
270,CN7_L_000270,0,development,2
271,CN7_L_000271,0,development,0
272,CN7_L_000272,0,development,2
273,CN7_L_000273,0,development,3
274,CN7_L_000274,0,test,-1
275,CN7_L_000275,0,development,1
276,CN7_L_000276,0,development,1
277,CN7_L_000277,0,development,1
278,CN7_L_000278,0,development,1
279,CN7_L_000279,0,development,0
280,CN7_L_000280,0,development,3
281,CN7_L_000281,0,test,-1
282,CN7_L_000282,0,development,0
283,CN7_L_000283,0,test,-1
284,CN7_L_000284,0,test,-1
285,CN7_L_000285,0,development,0
286,CN7_L_000286,0,development,0
287,CN7_L_000287,0,test,-1
288,CN7_L_000288,0,development,2
289,CN7_L_000289,0,development,1
290,CN7_L_000290,0,test,-1
291,CN7_L_000291,0,development,3
292,CN7_L_000292,0,development,3
293,CN7_L_000293,0,development,1
294,CN7_L_000294,0,development,2
295,CN7_L_000295,0,development,1
296,CN7_L_000296,0,development,3
297,CN7_L_000297,0,development,1
298,CN7_L_000298,0,development,0
299,CN7_L_000299,0,development,1
300,CN7_L_000300,0,development,1
301,CN7_L_000301,0,development,1
302,CN7_L_000302,0,test,-1
303,CN7_L_000303,0,development,1
304,CN7_L_000304,0,development,0
305,CN7_L_000305,0,development,0
306,CN7_L_000306,0,test,-1
307,CN7_L_000307,0,development,3
308,CN7_L_000308,0,development,0
309,CN7_L_000309,0,test,-1
310,CN7_L_000310,0,development,3
311,CN7_L_000311,0,development,1
312,CN7_L_000312,0,development,2
313,CN7_L_000313,0,development,0
314,CN7_L_000314,0,development,1
315,CN7_L_000315,0,development,2
316,CN7_L_000316,0,development,3
317,CN7_L_000317,0,development,3
318,CN7_L_000318,0,development,2
319,CN7_L_000319,0,development,0
320,CN7_L_000320,0,development,2
321,CN7_L_000321,0,development,0
322,CN7_L_000322,0,test,-1
323,CN7_L_000323,0,development,0
324,CN7_L_000324,0,development,0
325,CN7_L_000325,0,development,1
326,CN7_L_000326,0,development,1
327,CN7_L_000327,0,test,-1
328,CN7_L_000328,0,development,1
329,CN7_L_000329,0,test,-1
330,CN7_L_000330,0,development,1
331,CN7_L_000331,0,development,1
332,CN7_L_000332,0,development,0
333,CN7_L_000333,0,development,2
334,CN7_L_000334,0,development,3
335,CN7_L_000335,0,development,3
336,CN7_L_000336,0,development,2
337,CN7_L_000337,0,development,2
338,CN7_L_000338,0,development,2
339,CN7_L_000339,0,development,3
340,CN7_L_000340,0,development,2
341,CN7_L_000341,0,test,-1
342,CN7_L_000342,0,development,1
343,CN7_L_000343,0,development,2
344,CN7_L_000344,0,test,-1
345,CN7_L_000345,0,development,1
346,CN7_L_000346,0,development,3
347,CN7_L_000347,0,development,1
348,CN7_L_000348,0,development,1
349,CN7_L_000349,0,development,3
350,CN7_L_000350,0,development,2
351,CN7_L_000351,0,test,-1
352,CN7_L_000352,0,development,2
353,CN7_L_000353,0,test,-1
354,CN7_L_000354,0,development,3
355,CN7_L_000355,0,development,2
356,CN7_L_000356,0,development,2
357,CN7_L_000357,0,test,-1
358,CN7_L_000358,0,development,2
359,CN7_L_000359,0,test,-1
360,CN7_L_000360,0,development,2
361,CN7_L_000361,0,development,2
362,CN7_L_000362,0,development,0
363,CN7_L_000363,0,development,1
364,CN7_L_000364,0,development,2
365,CN7_L_000365,0,development,2
366,CN7_L_000366,0,development,2
367,CN7_L_000367,0,development,3
368,CN7_L_000368,0,development,2
369,CN7_L_000369,0,development,1
370,CN7_L_000370,0,development,2
371,CN7_L_000371,0,development,1
372,CN7_L_000372,0,development,1
373,CN7_L_000373,0,test,-1
374,CN7_L_000374,0,development,1
375,CN7_L_000375,0,development,2
376,CN7_L_000376,0,development,1
377,CN7_L_000377,0,development,0
378,CN7_L_000378,0,development,1
379,CN7_L_000379,0,development,3
380,CN7_L_000380,0,test,-1
381,CN7_L_000381,0,development,1
382,CN7_L_000382,0,development,3
383,CN7_L_000383,0,development,3
384,CN7_L_000384,0,development,1
385,CN7_L_000385,0,development,2
386,CN7_L_000386,0,test,-1
387,CN7_L_000387,0,development,3
388,CN7_L_000388,0,development,0
389,CN7_L_000389,0,development,2
390,CN7_L_000390,0,development,3
391,CN7_L_000391,0,development,1
392,CN7_L_000392,0,test,-1
393,CN7_L_000393,0,test,-1
394,CN7_L_000394,0,development,3
395,CN7_L_000395,0,development,0
396,CN7_L_000396,0,development,3
397,CN7_L_000397,0,development,0
398,CN7_L_000398,0,development,2
399,CN7_L_000399,0,test,-1
400,CN7_L_000400,0,development,0
401,CN7_L_000401,0,test,-1
402,CN7_L_000402,0,development,2
403,CN7_L_000403,0,test,-1
404,CN7_L_000404,0,development,1
405,CN7_L_000405,0,test,-1
406,CN7_L_000406,0,development,1
407,CN7_L_000407,0,development,0
408,CN7_L_000408,0,development,0
409,CN7_L_000409,0,development,0
410,CN7_L_000410,0,development,1
411,CN7_L_000411,0,development,1
412,CN7_L_000412,0,development,3
413,CN7_L_000413,0,development,2
414,CN7_L_000414,0,development,1
415,CN7_L_000415,0,test,-1
416,CN7_L_000416,0,development,0
417,CN7_L_000417,0,development,0
418,CN7_L_000418,0,development,2
419,CN7_L_000419,0,development,2
420,CN7_L_000420,0,test,-1
421,CN7_L_000421,0,development,3
422,CN7_L_000422,0,development,1
423,CN7_L_000423,0,development,0
424,CN7_L_000424,0,development,3
425,CN7_L_000425,0,development,1
426,CN7_L_000426,0,development,2
427,CN7_L_000427,0,test,-1
428,CN7_L_000428,0,development,2
429,CN7_L_000429,0,development,3
430,CN7_L_000430,0,development,0
431,CN7_L_000431,0,test,-1
432,CN7_L_000432,0,test,-1
433,CN7_L_000433,0,development,2
434,CN7_L_000434,0,development,3
435,CN7_L_000435,0,development,0
436,CN7_L_000436,0,development,1
437,CN7_L_000437,0,development,3
438,CN7_L_000438,0,development,1
439,CN7_L_000439,0,development,1
440,CN7_L_000440,0,development,0
441,CN7_L_000441,0,test,-1
442,CN7_L_000442,0,development,2
443,CN7_L_000443,0,development,1
444,CN7_L_000444,0,test,-1
445,CN7_L_000445,0,development,0
446,CN7_L_000446,0,development,0
447,CN7_L_000447,0,development,0
448,CN7_L_000448,0,development,2
449,CN7_L_000449,0,test,-1
450,CN7_L_000450,0,development,2
451,CN7_L_000451,0,development,1
452,CN7_L_000452,0,development,3
453,CN7_L_000453,0,development,0
454,CN7_L_000454,0,development,3
455,CN7_L_000455,0,development,1
456,CN7_L_000456,0,development,2
457,CN7_L_000457,0,development,2
458,CN7_L_000458,0,development,1
459,CN7_L_000459,0,development,3
460,CN7_L_000460,0,development,1
461,CN7_L_000461,0,development,0
462,CN7_L_000462,0,test,-1
463,CN7_L_000463,0,development,1
464,CN7_L_000464,0,development,1
465,CN7_L_000465,0,development,3
466,CN7_L_000466,0,development,0
467,CN7_L_000467,0,development,2
468,CN7_L_000468,0,test,-1
469,CN7_L_000469,0,test,-1
470,CN7_L_000470,0,development,3
471,CN7_L_000471,0,development,0
472,CN7_L_000472,0,test,-1
473,CN7_L_000473,0,test,-1
474,CN7_L_000474,0,development,2
475,CN7_L_000475,0,test,-1
476,CN7_L_000476,0,development,0
477,CN7_L_000477,0,development,1
478,CN7_L_000478,0,development,0
479,CN7_L_000479,0,development,3
480,CN7_L_000480,0,test,-1
481,CN7_L_000481,0,development,3
482,CN7_L_000482,0,development,1
483,CN7_L_000483,0,development,2
484,CN7_L_000484,0,development,3
485,CN7_L_000485,0,test,-1
486,CN7_L_000486,0,development,3
487,CN7_L_000487,0,development,2
488,CN7_L_000488,0,test,-1
489,CN7_L_000489,0,test,-1
490,CN7_L_000490,0,test,-1
491,CN7_L_000491,0,development,1
492,CN7_L_000492,0,development,1
493,CN7_L_000493,0,development,1
494,CN7_L_000494,0,development,2
495,CN7_L_000495,0,development,3
496,CN7_L_000496,0,development,2
497,CN7_L_000497,0,development,3
498,CN7_L_000498,0,test,-1
499,CN7_L_000499,0,development,3
500,CN7_L_000500,0,development,2
501,CN7_L_000501,0,development,2
502,CN7_L_000502,0,development,2
503,CN7_L_000503,0,test,-1
504,CN7_L_000504,0,development,1
505,CN7_L_000505,0,test,-1
506,CN7_L_000506,0,test,-1
507,CN7_L_000507,0,development,1
508,CN7_L_000508,0,development,0
509,CN7_L_000509,0,development,1
510,CN7_L_000510,0,development,1
511,CN7_L_000511,0,development,2
512,CN7_L_000512,0,test,-1
513,CN7_L_000513,0,development,2
514,CN7_L_000514,0,development,0
515,CN7_L_000515,0,development,0
516,CN7_L_000516,0,development,3
517,CN7_L_000517,0,development,0
518,CN7_L_000518,0,test,-1
519,CN7_L_000519,0,development,3
520,CN7_L_000520,0,development,3
521,CN7_L_000521,0,development,0
522,CN7_L_000522,0,test,-1
523,CN7_L_000523,0,development,0
524,CN7_L_000524,0,test,-1
525,CN7_L_000525,0,development,1
526,CN7_L_000526,0,development,0
527,CN7_L_000527,0,development,2
528,CN7_L_000528,0,development,3
529,CN7_L_000529,0,development,0
530,CN7_L_000530,0,development,2
531,CN7_L_000531,0,test,-1
532,CN7_L_000532,0,development,3
533,CN7_L_000533,0,development,0
534,CN7_L_000534,0,development,2
535,CN7_L_000535,0,development,2
536,CN7_L_000536,0,development,2
537,CN7_L_000537,0,development,0
538,CN7_L_000538,0,development,2
539,CN7_L_000539,0,development,0
540,CN7_L_000540,0,test,-1
541,CN7_L_000541,0,development,3
542,CN7_L_000542,0,development,2
543,CN7_L_000543,0,development,1
544,CN7_L_000544,0,development,2
545,CN7_L_000545,0,development,3
546,CN7_L_000546,0,development,1
547,CN7_L_000547,0,development,2
548,CN7_L_000548,0,development,3
549,CN7_L_000549,0,development,2
550,CN7_L_000550,0,development,2
551,CN7_L_000551,0,development,0
552,CN7_L_000552,0,test,-1
553,CN7_L_000553,0,development,3
554,CN7_L_000554,0,test,-1
555,CN7_L_000555,0,development,0
556,CN7_L_000556,0,development,1
557,CN7_L_000557,0,development,1
558,CN7_L_000558,0,development,3
559,CN7_L_000559,0,development,1
560,CN7_L_000560,0,development,1
561,CN7_L_000561,0,development,0
562,CN7_L_000562,0,development,0
563,CN7_L_000563,0,development,2
564,CN7_L_000564,0,development,1
565,CN7_L_000565,0,test,-1
566,CN7_L_000566,0,development,2
567,CN7_L_000567,0,development,0
568,CN7_L_000568,0,development,2
569,CN7_L_000569,0,development,1
570,CN7_L_000570,0,development,2
571,CN7_L_000571,0,development,3
572,CN7_L_000572,0,development,1
573,CN7_L_000573,0,development,3
574,CN7_L_000574,0,test,-1
575,CN7_L_000575,0,development,2
576,CN7_L_000576,0,development,3
577,CN7_L_000577,0,test,-1
578,CN7_L_000578,0,development,2
579,CN7_L_000579,0,development,2
580,CN7_L_000580,0,development,2
581,CN7_L_000581,0,development,1
582,CN7_L_000582,0,development,1
583,CN7_L_000583,0,development,1
584,CN7_L_000584,0,development,3
585,CN7_L_000585,0,development,0
586,CN7_L_000586,0,development,3
587,CN7_L_000587,0,development,0
588,CN7_L_000588,0,test,-1
589,CN7_L_000589,0,test,-1
590,CN7_L_000590,0,development,3
591,CN7_L_000591,0,test,-1
592,CN7_L_000592,0,development,2
593,CN7_L_000593,0,development,1
594,CN7_L_000594,0,development,1
595,CN7_L_000595,0,development,3
596,CN7_L_000596,0,development,0
597,CN7_L_000597,0,development,1
598,CN7_L_000598,0,development,0
599,CN7_L_000599,0,development,0
600,CN7_L_000600,0,test,-1
601,CN7_L_000601,0,development,2
602,CN7_L_000602,0,development,2
603,CN7_L_000603,0,test,-1
604,CN7_L_000604,0,development,3
605,CN7_L_000605,0,development,0
