candidate,nu,gamma_multiplier,fold,AP
full,0.005,0.03,0,0.14038461538461539
full,0.005,0.03,1,0.3712606837606838
full,0.005,0.03,2,0.3531664212076583
full,0.005,0.03,3,0.39342105263157895
full,0.005,0.038538810670601456,0,0.13765822784810128
full,0.005,0.038538810670601456,1,0.3779255974377925
full,0.005,0.038538810670601456,2,0.35533177486063655
full,0.005,0.038538810670601456,3,0.391358024691358
full,0.005,0.049507997596815526,0,0.1381578947368421
full,0.005,0.049507997596815526,1,0.3825825825825826
full,0.005,0.049507997596815526,2,0.3571724709784411
full,0.005,0.049507997596815526,3,0.3923611111111111
full,0.005,0.06359931153547553,0,0.13908450704225353
full,0.005,0.06359931153547553,1,0.3826164874551971
full,0.005,0.06359931153547553,2,0.3581402257872846
full,0.005,0.06359931153547553,3,0.39814814814814814
full,0.005,0.08170139420154304,0,0.13908450704225353
full,0.005,0.08170139420154304,1,0.38186573670444635
full,0.005,0.08170139420154304,2,0.3569478569478569
full,0.005,0.08170139420154304,3,0.4019607843137255
full,0.005,0.10495581875524816,0,0.13851351351351351
full,0.005,0.10495581875524816,1,0.3779255974377925
full,0.005,0.10495581875524816,2,0.3560956790123457
full,0.005,0.10495581875524816,3,0.24336917562724014
full,0.005,0.1348290809262157,0,0.13833333333333334
full,0.005,0.1348290809262157,1,0.37516339869281046
full,0.005,0.1348290809262157,2,0.35743321718931476
full,0.005,0.1348290809262157,3,0.24444444444444444
full,0.005,0.17320508075688773,0,0.137987012987013
full,0.005,0.17320508075688773,1,0.3726851851851852
full,0.005,0.17320508075688773,2,0.35913389746142355
full,0.005,0.17320508075688773,3,0.2567049808429119
full,0.005,0.2225039271491978,0,0.13765822784810128
full,0.005,0.2225039271491978,1,0.3721846846846847
full,0.005,0.2225039271491978,2,0.36049382716049383
full,0.005,0.2225039271491978,3,0.26068376068376065
full,0.005,0.2858345573956079,0,0.13734567901234568
full,0.005,0.2858345573956079,1,0.3721719457013575
full,0.005,0.2858345573956079,2,0.3623507228158391
full,0.005,0.2858345573956079,3,0.27037037037037037
full,0.005,0.3671907963528168,0,0.13704819277108435
full,0.005,0.3671907963528168,1,0.3708994708994709
full,0.005,0.3671907963528168,2,0.3665426484773322
full,0.005,0.3671907963528168,3,0.2792022792022792
full,0.005,0.47170321935428616,0,0.13765822784810128
full,0.005,0.47170321935428616,1,0.3663934426229508
full,0.005,0.47170321935428616,2,0.37481759432978945
full,0.005,0.47170321935428616,3,0.3053830227743271
full,0.005,0.6059627021136009,0,0.1386986301369863
full,0.005,0.6059627021136009,1,0.36377314814814815
full,0.005,0.6059627021136009,2,0.3773809523809524
full,0.005,0.6059627021136009,3,0.31453634085213034
full,0.005,0.778436061673405,0,0.14038461538461539
full,0.005,0.778436061673405,1,0.360404703308723
full,0.005,0.778436061673405,2,0.38128050531151303
full,0.005,0.778436061673405,3,0.3
full,0.005,1.0,0,0.14224137931034483
full,0.005,1.0,1,0.3590123456790123
full,0.005,1.0,2,0.3812765957446808
full,0.005,1.0,3,0.3207282913165266
full,0.01,0.03,0,0.13833333333333334
full,0.01,0.03,1,0.3868055555555555
full,0.01,0.03,2,0.36306010928961746
full,0.01,0.03,3,0.39250744997871434
full,0.01,0.038538810670601456,0,0.1386986301369863
full,0.01,0.038538810670601456,1,0.3878136200716846
full,0.01,0.038538810670601456,2,0.36178496555855044
full,0.01,0.038538810670601456,3,0.390224358974359
full,0.01,0.049507997596815526,0,0.1392857142857143
full,0.01,0.049507997596815526,1,0.3868055555555555
full,0.01,0.049507997596815526,2,0.3603799185888738
full,0.01,0.049507997596815526,3,0.38611111111111107
full,0.01,0.06359931153547553,0,0.1392857142857143
full,0.01,0.06359931153547553,1,0.38662486938349006
full,0.01,0.06359931153547553,2,0.3591346153846154
full,0.01,0.06359931153547553,3,0.39444444444444443
full,0.01,0.08170139420154304,0,0.1392857142857143
full,0.01,0.08170139420154304,1,0.3834101382488479
full,0.01,0.08170139420154304,2,0.3575692963752665
full,0.01,0.08170139420154304,3,0.23529411764705882
full,0.01,0.10495581875524816,0,0.13851351351351351
full,0.01,0.10495581875524816,1,0.3779255974377925
full,0.01,0.10495581875524816,2,0.3560956790123457
full,0.01,0.10495581875524816,3,0.24336917562724014
full,0.01,0.1348290809262157,0,0.13833333333333334
full,0.01,0.1348290809262157,1,0.37516339869281046
full,0.01,0.1348290809262157,2,0.3575837742504409
full,0.01,0.1348290809262157,3,0.24444444444444444
full,0.01,0.17320508075688773,0,0.137987012987013
full,0.01,0.17320508075688773,1,0.3726851851851852
full,0.01,0.17320508075688773,2,0.35913389746142355
full,0.01,0.17320508075688773,3,0.2567049808429119
full,0.01,0.2225039271491978,0,0.13765822784810128
full,0.01,0.2225039271491978,1,0.3721846846846847
full,0.01,0.2225039271491978,2,0.36049382716049383
full,0.01,0.2225039271491978,3,0.26068376068376065
full,0.01,0.2858345573956079,0,0.13734567901234568
full,0.01,0.2858345573956079,1,0.3721719457013575
full,0.01,0.2858345573956079,2,0.3623507228158391
full,0.01,0.2858345573956079,3,0.27037037037037037
full,0.01,0.3671907963528168,0,0.13704819277108435
full,0.01,0.3671907963528168,1,0.3708994708994709
full,0.01,0.3671907963528168,2,0.3665426484773322
full,0.01,0.3671907963528168,3,0.2792022792022792
full,0.01,0.47170321935428616,0,0.13765822784810128
full,0.01,0.47170321935428616,1,0.3663934426229508
full,0.01,0.47170321935428616,2,0.37481759432978945
full,0.01,0.47170321935428616,3,0.3053830227743271
full,0.01,0.6059627021136009,0,0.1386986301369863
full,0.01,0.6059627021136009,1,0.36377314814814815
full,0.01,0.6059627021136009,2,0.3773809523809524
full,0.01,0.6059627021136009,3,0.31453634085213034
full,0.01,0.778436061673405,0,0.14038461538461539
full,0.01,0.778436061673405,1,0.360404703308723
full,0.01,0.778436061673405,2,0.38128050531151303
full,0.01,0.778436061673405,3,0.3
full,0.01,1.0,0,0.14224137931034483
full,0.01,1.0,1,0.3590123456790123
full,0.01,1.0,2,0.3812765957446808
full,0.01,1.0,3,0.3207282913165266
full,0.015,0.03,0,0.1386986301369863
full,0.015,0.03,1,0.38940092165898615
full,0.015,0.03,2,0.36278195488721804
full,0.015,0.03,3,0.4162393162393162
full,0.015,0.038538810670601456,0,0.1392857142857143
full,0.015,0.038538810670601456,1,0.3868055555555555
full,0.015,0.038538810670601456,2,0.3596469104665826
full,0.015,0.038538810670601456,3,0.24761904761904763
full,0.015,0.049507997596815526,0,0.13908450704225353
full,0.015,0.049507997596815526,1,0.38210678210678206
full,0.015,0.049507997596815526,2,0.3581705285476299
full,0.015,0.049507997596815526,3,0.24369747899159663
full,0.015,0.06359931153547553,0,0.1392857142857143
full,0.015,0.06359931153547553,1,0.3826164874551971
full,0.015,0.06359931153547553,2,0.35708280790248004
full,0.015,0.06359931153547553,3,0.24206349206349206
full,0.015,0.08170139420154304,0,0.1392857142857143
full,0.015,0.08170139420154304,1,0.37916666666666665
full,0.015,0.08170139420154304,2,0.3578963230861965
full,0.015,0.08170139420154304,3,0.24206349206349206
full,0.015,0.10495581875524816,0,0.13851351351351351
full,0.015,0.10495581875524816,1,0.3746803069053708
full,0.015,0.10495581875524816,2,0.3590123456790123
full,0.015,0.10495581875524816,3,0.25
full,0.015,0.1348290809262157,0,0.13833333333333334
full,0.015,0.1348290809262157,1,0.37359098228663445
full,0.015,0.1348290809262157,2,0.360484314804623
full,0.015,0.1348290809262157,3,0.25163398692810457
full,0.015,0.17320508075688773,0,0.137987012987013
full,0.015,0.17320508075688773,1,0.37127659574468086
full,0.015,0.17320508075688773,2,0.36032608695652174
full,0.015,0.17320508075688773,3,0.2606060606060606
full,0.015,0.2225039271491978,0,0.13765822784810128
full,0.015,0.2225039271491978,1,0.37087719298245614
full,0.015,0.2225039271491978,2,0.36118288831467127
full,0.015,0.2225039271491978,3,0.262987012987013
full,0.015,0.2858345573956079,0,0.13734567901234568
full,0.015,0.2858345573956079,1,0.3721719457013575
full,0.015,0.2858345573956079,2,0.3621705426356589
full,0.015,0.2858345573956079,3,0.267816091954023
full,0.015,0.3671907963528168,0,0.13704819277108435
full,0.015,0.3671907963528168,1,0.3708994708994709
full,0.015,0.3671907963528168,2,0.3665426484773322
full,0.015,0.3671907963528168,3,0.2792022792022792
full,0.015,0.47170321935428616,0,0.13765822784810128
full,0.015,0.47170321935428616,1,0.3663934426229508
full,0.015,0.47170321935428616,2,0.37481759432978945
full,0.015,0.47170321935428616,3,0.3053830227743271
full,0.015,0.6059627021136009,0,0.1386986301369863
full,0.015,0.6059627021136009,1,0.36377314814814815
full,0.015,0.6059627021136009,2,0.3773809523809524
full,0.015,0.6059627021136009,3,0.31453634085213034
full,0.015,0.778436061673405,0,0.14038461538461539
full,0.015,0.778436061673405,1,0.360404703308723
full,0.015,0.778436061673405,2,0.38128050531151303
full,0.015,0.778436061673405,3,0.3
full,0.015,1.0,0,0.14224137931034483
full,0.015,1.0,1,0.3590123456790123
full,0.015,1.0,2,0.3812765957446808
full,0.015,1.0,3,0.3207282913165266
full,0.02,0.03,0,0.1392857142857143
full,0.02,0.03,1,0.3878136200716846
full,0.02,0.03,2,0.36197839230845474
full,0.02,0.03,3,0.25274725274725274
full,0.02,0.038538810670601456,0,0.13949275362318841
full,0.02,0.038538810670601456,1,0.38446969696969696
full,0.02,0.038538810670601456,2,0.3599546129004102
full,0.02,0.038538810670601456,3,0.24761904761904763
full,0.02,0.049507997596815526,0,0.13949275362318841
full,0.02,0.049507997596815526,1,0.3860887096774193
full,0.02,0.049507997596815526,2,0.36115942028985504
full,0.02,0.049507997596815526,3,0.24285714285714285
full,0.02,0.06359931153547553,0,0.13949275362318841
full,0.02,0.06359931153547553,1,0.38514173998044965
full,0.02,0.06359931153547553,2,0.3625319693094629
full,0.02,0.06359931153547553,3,0.2413127413127413
full,0.02,0.08170139420154304,0,0.1392857142857143
full,0.02,0.08170139420154304,1,0.38131313131313127
full,0.02,0.08170139420154304,2,0.36398872445384073
full,0.02,0.08170139420154304,3,0.2413127413127413
full,0.02,0.10495581875524816,0,0.13851351351351351
full,0.02,0.10495581875524816,1,0.37887887887887883
full,0.02,0.10495581875524816,2,0.36507936507936506
full,0.02,0.10495581875524816,3,0.25
full,0.02,0.1348290809262157,0,0.13833333333333334
full,0.02,0.1348290809262157,1,0.3767711962833914
full,0.02,0.1348290809262157,2,0.36538461538461536
full,0.02,0.1348290809262157,3,0.25163398692810457
full,0.02,0.17320508075688773,0,0.137987012987013
full,0.02,0.17320508075688773,1,0.37510822510822506
full,0.02,0.17320508075688773,2,0.3645188690692877
full,0.02,0.17320508075688773,3,0.2595307917888563
full,0.02,0.2225039271491978,0,0.13765822784810128
full,0.02,0.2225039271491978,1,0.37238095238095237
full,0.02,0.2225039271491978,2,0.3634823848238482
full,0.02,0.2225039271491978,3,0.2655913978494624
full,0.02,0.2858345573956079,0,0.13734567901234568
full,0.02,0.2858345573956079,1,0.37276612276612275
full,0.02,0.2858345573956079,2,0.36470588235294116
full,0.02,0.2858345573956079,3,0.2740740740740741
full,0.02,0.3671907963528168,0,0.13704819277108435
full,0.02,0.3671907963528168,1,0.37037037037037035
full,0.02,0.3671907963528168,2,0.36846142046326125
full,0.02,0.3671907963528168,3,0.3019047619047619
full,0.02,0.47170321935428616,0,0.13765822784810128
full,0.02,0.47170321935428616,1,0.3663934426229508
full,0.02,0.47170321935428616,2,0.37481759432978945
full,0.02,0.47170321935428616,3,0.3053830227743271
full,0.02,0.6059627021136009,0,0.1386986301369863
full,0.02,0.6059627021136009,1,0.36377314814814815
full,0.02,0.6059627021136009,2,0.3773809523809524
full,0.02,0.6059627021136009,3,0.31453634085213034
full,0.02,0.778436061673405,0,0.14038461538461539
full,0.02,0.778436061673405,1,0.360404703308723
full,0.02,0.778436061673405,2,0.38128050531151303
full,0.02,0.778436061673405,3,0.3
full,0.02,1.0,0,0.14224137931034483
full,0.02,1.0,1,0.3590123456790123
full,0.02,1.0,2,0.3812765957446808
full,0.02,1.0,3,0.3207282913165266
full,0.025,0.03,0,0.13908450704225353
full,0.025,0.03,1,0.39162561576354676
full,0.025,0.03,2,0.36518518518518517
full,0.025,0.03,3,0.26573426573426573
full,0.025,0.038538810670601456,0,0.13908450704225353
full,0.025,0.038538810670601456,1,0.391232423490488
full,0.025,0.038538810670601456,2,0.364766081871345
full,0.025,0.038538810670601456,3,0.2617554858934169
full,0.025,0.049507997596815526,0,0.13908450704225353
full,0.025,0.049507997596815526,1,0.3875718390804598
full,0.025,0.049507997596815526,2,0.36602870813397126
full,0.025,0.049507997596815526,3,0.2617554858934169
full,0.025,0.06359931153547553,0,0.13908450704225353
full,0.025,0.06359931153547553,1,0.3875718390804598
full,0.025,0.06359931153547553,2,0.3657262277951933
full,0.025,0.06359931153547553,3,0.2617554858934169
full,0.025,0.08170139420154304,0,0.1386986301369863
full,0.025,0.08170139420154304,1,0.3848932676518883
full,0.025,0.08170139420154304,2,0.3652306519252764
full,0.025,0.08170139420154304,3,0.2617554858934169
full,0.025,0.10495581875524816,0,0.13851351351351351
full,0.025,0.10495581875524816,1,0.3798076923076923
full,0.025,0.10495581875524816,2,0.36666666666666664
full,0.025,0.10495581875524816,3,0.262987012987013
full,0.025,0.1348290809262157,0,0.1381578947368421
full,0.025,0.1348290809262157,1,0.37916666666666665
full,0.025,0.1348290809262157,2,0.3673765029697233
full,0.025,0.1348290809262157,3,0.2606060606060606
full,0.025,0.17320508075688773,0,0.137987012987013
full,0.025,0.17320508075688773,1,0.3763888888888889
full,0.025,0.17320508075688773,2,0.36766872973769527
full,0.025,0.17320508075688773,3,0.2606060606060606
full,0.025,0.2225039271491978,0,0.13765822784810128
full,0.025,0.2225039271491978,1,0.3739435168006596
full,0.025,0.2225039271491978,2,0.3675438596491228
full,0.025,0.2225039271491978,3,0.2617554858934169
full,0.025,0.2858345573956079,0,0.13734567901234568
full,0.025,0.2858345573956079,1,0.37145969498910675
full,0.025,0.2858345573956079,2,0.3679712100764732
full,0.025,0.2858345573956079,3,0.2752234993614304
full,0.025,0.3671907963528168,0,0.13704819277108435
full,0.025,0.3671907963528168,1,0.37037037037037035
full,0.025,0.3671907963528168,2,0.37
full,0.025,0.3671907963528168,3,0.30036630036630035
full,0.025,0.47170321935428616,0,0.13765822784810128
full,0.025,0.47170321935428616,1,0.3655997918293
full,0.025,0.47170321935428616,2,0.37481759432978945
full,0.025,0.47170321935428616,3,0.3053830227743271
full,0.025,0.6059627021136009,0,0.1386986301369863
full,0.025,0.6059627021136009,1,0.36377314814814815
full,0.025,0.6059627021136009,2,0.3773809523809524
full,0.025,0.6059627021136009,3,0.3119047619047619
full,0.025,0.778436061673405,0,0.14038461538461539
full,0.025,0.778436061673405,1,0.360404703308723
full,0.025,0.778436061673405,2,0.38128050531151303
full,0.025,0.778436061673405,3,0.3
full,0.025,1.0,0,0.14224137931034483
full,0.025,1.0,1,0.3590123456790123
full,0.025,1.0,2,0.3812765957446808
full,0.025,1.0,3,0.3207282913165266
full,0.03,0.03,0,0.1381578947368421
full,0.03,0.03,1,0.3875718390804598
full,0.03,0.03,2,0.369424743892829
full,0.03,0.03,3,0.262987012987013
full,0.03,0.038538810670601456,0,0.1386986301369863
full,0.03,0.038538810670601456,1,0.38119369369369366
full,0.03,0.038538810670601456,2,0.37133262636974196
full,0.03,0.038538810670601456,3,0.25757575757575757
full,0.03,0.049507997596815526,0,0.13833333333333334
full,0.03,0.049507997596815526,1,0.38115449915110355
full,0.03,0.049507997596815526,2,0.36960784313725487
full,0.03,0.049507997596815526,3,0.25757575757575757
full,0.03,0.06359931153547553,0,0.1381578947368421
full,0.03,0.06359931153547553,1,0.3785569105691057
full,0.03,0.06359931153547553,2,0.3677753141167775
full,0.03,0.06359931153547553,3,0.2595307917888563
full,0.03,0.08170139420154304,0,0.1381578947368421
full,0.03,0.08170139420154304,1,0.3773448773448773
full,0.03,0.08170139420154304,2,0.36666666666666664
full,0.03,0.08170139420154304,3,0.2585227272727273
full,0.03,0.10495581875524816,0,0.1381578947368421
full,0.03,0.10495581875524816,1,0.3742177722152691
full,0.03,0.10495581875524816,2,0.36598693855791015
full,0.03,0.10495581875524816,3,0.2595307917888563
full,0.03,0.1348290809262157,0,0.13765822784810128
full,0.03,0.1348290809262157,1,0.37416666666666665
full,0.03,0.1348290809262157,2,0.36572252819302387
full,0.03,0.1348290809262157,3,0.2617554858934169
full,0.03,0.17320508075688773,0,0.1375
full,0.03,0.17320508075688773,1,0.3730345911949685
full,0.03,0.17320508075688773,2,0.366750208855472
full,0.03,0.17320508075688773,3,0.2617554858934169
full,0.03,0.2225039271491978,0,0.1375
full,0.03,0.2225039271491978,1,0.3708994708994709
full,0.03,0.2225039271491978,2,0.3670062252405206
full,0.03,0.2225039271491978,3,0.26904761904761904
full,0.03,0.2858345573956079,0,0.13704819277108435
full,0.03,0.2858345573956079,1,0.37056277056277054
full,0.03,0.2858345573956079,2,0.369745117510758
full,0.03,0.2858345573956079,3,0.28846153846153844
full,0.03,0.3671907963528168,0,0.13704819277108435
full,0.03,0.3671907963528168,1,0.3684210526315789
full,0.03,0.3671907963528168,2,0.372153788727137
full,0.03,0.3671907963528168,3,0.3035714285714286
full,0.03,0.47170321935428616,0,0.13765822784810128
full,0.03,0.47170321935428616,1,0.3655997918293
full,0.03,0.47170321935428616,2,0.3754273504273504
full,0.03,0.47170321935428616,3,0.3053830227743271
full,0.03,0.6059627021136009,0,0.1386986301369863
full,0.03,0.6059627021136009,1,0.3631427304964539
full,0.03,0.6059627021136009,2,0.37917637917637914
full,0.03,0.6059627021136009,3,0.3119047619047619
full,0.03,0.778436061673405,0,0.14038461538461539
full,0.03,0.778436061673405,1,0.360404703308723
full,0.03,0.778436061673405,2,0.38223017292784733
full,0.03,0.778436061673405,3,0.3
full,0.03,1.0,0,0.14224137931034483
full,0.03,1.0,1,0.3590123456790123
full,0.03,1.0,2,0.3812765957446808
full,0.03,1.0,3,0.3207282913165266
full,0.035,0.03,0,0.13782051282051283
full,0.035,0.03,1,0.37983870967741934
full,0.035,0.03,2,0.36898148148148147
full,0.035,0.03,3,0.25757575757575757
full,0.035,0.038538810670601456,0,0.13734567901234568
full,0.035,0.038538810670601456,1,0.37864823348694315
full,0.035,0.038538810670601456,2,0.36735277301315034
full,0.035,0.038538810670601456,3,0.25757575757575757
full,0.035,0.049507997596815526,0,0.13765822784810128
full,0.035,0.049507997596815526,1,0.37436868686868685
full,0.035,0.049507997596815526,2,0.36644772851669405
full,0.035,0.049507997596815526,3,0.25757575757575757
full,0.035,0.06359931153547553,0,0.13765822784810128
full,0.035,0.06359931153547553,1,0.3718518518518518
full,0.035,0.06359931153547553,2,0.36587301587301585
full,0.035,0.06359931153547553,3,0.2585227272727273
full,0.035,0.08170139420154304,0,0.1375
full,0.035,0.08170139420154304,1,0.3710826210826211
full,0.035,0.08170139420154304,2,0.3654665118079752
full,0.035,0.08170139420154304,3,0.2585227272727273
full,0.035,0.10495581875524816,0,0.13765822784810128
full,0.035,0.10495581875524816,1,0.3702192758796532
full,0.035,0.10495581875524816,2,0.36587301587301585
full,0.035,0.10495581875524816,3,0.25757575757575757
full,0.035,0.1348290809262157,0,0.13765822784810128
full,0.035,0.1348290809262157,1,0.37124887690925423
full,0.035,0.1348290809262157,2,0.36587301587301585
full,0.035,0.1348290809262157,3,0.2585227272727273
full,0.035,0.17320508075688773,0,0.13782051282051283
full,0.035,0.17320508075688773,1,0.36873433583959897
full,0.035,0.17320508075688773,2,0.36694915254237287
full,0.035,0.17320508075688773,3,0.26666666666666666
full,0.035,0.2225039271491978,0,0.137987012987013
full,0.035,0.2225039271491978,1,0.3692084942084942
full,0.035,0.2225039271491978,2,0.36873433583959897
full,0.035,0.2225039271491978,3,0.2752234993614304
full,0.035,0.2858345573956079,0,0.13765822784810128
full,0.035,0.2858345573956079,1,0.367826345524829
full,0.035,0.2858345573956079,2,0.37095919448860626
full,0.035,0.2858345573956079,3,0.2934782608695652
full,0.035,0.3671907963528168,0,0.1375
full,0.035,0.3671907963528168,1,0.3665426484773322
full,0.035,0.3671907963528168,2,0.37309048178613397
full,0.035,0.3671907963528168,3,0.29166666666666663
full,0.035,0.47170321935428616,0,0.13765822784810128
full,0.035,0.47170321935428616,1,0.3648782911077993
full,0.035,0.47170321935428616,2,0.37766714082503555
full,0.035,0.47170321935428616,3,0.3053830227743271
full,0.035,0.6059627021136009,0,0.1386986301369863
full,0.035,0.6059627021136009,1,0.3633907463694698
full,0.035,0.6059627021136009,2,0.37917637917637914
full,0.035,0.6059627021136009,3,0.3119047619047619
full,0.035,0.778436061673405,0,0.14038461538461539
full,0.035,0.778436061673405,1,0.360404703308723
full,0.035,0.778436061673405,2,0.38223017292784733
full,0.035,0.778436061673405,3,0.3
full,0.035,1.0,0,0.14224137931034483
full,0.035,1.0,1,0.3590123456790123
full,0.035,1.0,2,0.3812765957446808
full,0.035,1.0,3,0.3207282913165266
full,0.04,0.03,0,0.1392857142857143
full,0.04,0.03,1,0.37412008281573494
full,0.04,0.03,2,0.3671255736337088
full,0.04,0.03,3,0.2507936507936508
full,0.04,0.038538810670601456,0,0.1392857142857143
full,0.04,0.038538810670601456,1,0.3726279470960322
full,0.04,0.038538810670601456,2,0.36666666666666664
full,0.04,0.038538810670601456,3,0.25163398692810457
full,0.04,0.049507997596815526,0,0.1388888888888889
full,0.04,0.049507997596815526,1,0.36920133907221425
full,0.04,0.049507997596815526,2,0.3660785886126704
full,0.04,0.049507997596815526,3,0.25252525252525254
full,0.04,0.06359931153547553,0,0.1386986301369863
full,0.04,0.06359931153547553,1,0.3680679785330948
full,0.04,0.06359931153547553,2,0.36550387596899225
full,0.04,0.06359931153547553,3,0.2585227272727273
full,0.04,0.08170139420154304,0,0.1386986301369863
full,0.04,0.08170139420154304,1,0.36737891737891737
full,0.04,0.08170139420154304,2,0.3655997918293
full,0.04,0.08170139420154304,3,0.2595307917888563
full,0.04,0.10495581875524816,0,0.1388888888888889
full,0.04,0.10495581875524816,1,0.3663299663299663
full,0.04,0.10495581875524816,2,0.36666666666666664
full,0.04,0.10495581875524816,3,0.2595307917888563
full,0.04,0.1348290809262157,0,0.1388888888888889
full,0.04,0.1348290809262157,1,0.3670190274841437
full,0.04,0.1348290809262157,2,0.3675438596491228
full,0.04,0.1348290809262157,3,0.25555555555555554
full,0.04,0.17320508075688773,0,0.13851351351351351
full,0.04,0.17320508075688773,1,0.36818181818181817
full,0.04,0.17320508075688773,2,0.3675438596491228
full,0.04,0.17320508075688773,3,0.2617554858934169
full,0.04,0.2225039271491978,0,0.13908450704225353
full,0.04,0.2225039271491978,1,0.367826345524829
full,0.04,0.2225039271491978,2,0.3685185185185185
full,0.04,0.2225039271491978,3,0.27037037037037037
full,0.04,0.2858345573956079,0,0.13908450704225353
full,0.04,0.2858345573956079,1,0.36694915254237287
full,0.04,0.2858345573956079,2,0.37087719298245614
full,0.04,0.2858345573956079,3,0.28421900161030594
full,0.04,0.3671907963528168,0,0.1386986301369863
full,0.04,0.3671907963528168,1,0.3652306519252764
full,0.04,0.3671907963528168,2,0.3726163234172387
full,0.04,0.3671907963528168,3,0.28074074074074074
full,0.04,0.47170321935428616,0,0.13851351351351351
full,0.04,0.47170321935428616,1,0.364021164021164
full,0.04,0.47170321935428616,2,0.37766714082503555
full,0.04,0.47170321935428616,3,0.2934782608695652
full,0.04,0.6059627021136009,0,0.13908450704225353
full,0.04,0.6059627021136009,1,0.3629023458810693
full,0.04,0.6059627021136009,2,0.3785353535353535
full,0.04,0.6059627021136009,3,0.30952380952380953
full,0.04,0.778436061673405,0,0.14038461538461539
full,0.04,0.778436061673405,1,0.360404703308723
full,0.04,0.778436061673405,2,0.38223017292784733
full,0.04,0.778436061673405,3,0.3
full,0.04,1.0,0,0.14224137931034483
full,0.04,1.0,1,0.3590123456790123
full,0.04,1.0,2,0.3812765957446808
full,0.04,1.0,3,0.3207282913165266
full,0.045,0.03,0,0.13949275362318841
full,0.045,0.03,1,0.37048294495103007
full,0.045,0.03,2,0.36737891737891737
full,0.045,0.03,3,0.2507936507936508
full,0.045,0.038538810670601456,0,0.13949275362318841
full,0.045,0.038538810670601456,1,0.3704268292682927
full,0.045,0.038538810670601456,2,0.3656832298136646
full,0.045,0.038538810670601456,3,0.25163398692810457
full,0.045,0.049507997596815526,0,0.1392857142857143
full,0.045,0.049507997596815526,1,0.3688141923436041
full,0.045,0.049507997596815526,2,0.3644668830388268
full,0.045,0.049507997596815526,3,0.25448028673835127
full,0.045,0.06359931153547553,0,0.1392857142857143
full,0.045,0.06359931153547553,1,0.3688141923436041
full,0.045,0.06359931153547553,2,0.36418439716312057
full,0.045,0.06359931153547553,3,0.25448028673835127
full,0.045,0.08170139420154304,0,0.1392857142857143
full,0.045,0.08170139420154304,1,0.3680679785330948
full,0.045,0.08170139420154304,2,0.36587301587301585
full,0.045,0.08170139420154304,3,0.25448028673835127
full,0.045,0.10495581875524816,0,0.13908450704225353
full,0.045,0.10495581875524816,1,0.3680679785330948
full,0.045,0.10495581875524816,2,0.36694915254237287
full,0.045,0.10495581875524816,3,0.25555555555555554
full,0.045,0.1348290809262157,0,0.13908450704225353
full,0.045,0.1348290809262157,1,0.3673557278208441
full,0.045,0.1348290809262157,2,0.3678571428571428
full,0.045,0.1348290809262157,3,0.2567049808429119
full,0.045,0.17320508075688773,0,0.1392857142857143
full,0.045,0.17320508075688773,1,0.36669435215946844
full,0.045,0.17320508075688773,2,0.36886792452830186
full,0.045,0.17320508075688773,3,0.25925925925925924
full,0.045,0.2225039271491978,0,0.13949275362318841
full,0.045,0.2225039271491978,1,0.3657863618446984
full,0.045,0.2225039271491978,2,0.3700351935646053
full,0.045,0.2225039271491978,3,0.26573426573426573
full,0.045,0.2858345573956079,0,0.1392857142857143
full,0.045,0.2858345573956079,1,0.36509730069052104
full,0.045,0.2858345573956079,2,0.3704273504273504
full,0.045,0.2858345573956079,3,0.2824074074074074
full,0.045,0.3671907963528168,0,0.1392857142857143
full,0.045,0.3671907963528168,1,0.3652306519252764
full,0.045,0.3671907963528168,2,0.37423687423687424
full,0.045,0.3671907963528168,3,0.28421900161030594
full,0.045,0.47170321935428616,0,0.1392857142857143
full,0.045,0.47170321935428616,1,0.36377314814814815
full,0.045,0.47170321935428616,2,0.3768518518518518
full,0.045,0.47170321935428616,3,0.28421900161030594
full,0.045,0.6059627021136009,0,0.13992537313432835
full,0.045,0.6059627021136009,1,0.3618641486445324
full,0.045,0.6059627021136009,2,0.3798076923076923
full,0.045,0.6059627021136009,3,0.2933723196881092
full,0.045,0.778436061673405,0,0.14038461538461539
full,0.045,0.778436061673405,1,0.360404703308723
full,0.045,0.778436061673405,2,0.38278388278388276
full,0.045,0.778436061673405,3,0.3119047619047619
full,0.045,1.0,0,0.14224137931034483
full,0.045,1.0,1,0.3590123456790123
full,0.045,1.0,2,0.3812765957446808
full,0.045,1.0,3,0.3207282913165266
full,0.05,0.03,0,0.13970588235294118
full,0.05,0.03,1,0.37048294495103007
full,0.05,0.03,2,0.36666666666666664
full,0.05,0.03,3,0.24924924924924924
full,0.05,0.038538810670601456,0,0.13970588235294118
full,0.05,0.038538810670601456,1,0.36855631141345424
full,0.05,0.038538810670601456,2,0.3663419913419913
full,0.05,0.038538810670601456,3,0.2507936507936508
full,0.05,0.049507997596815526,0,0.13970588235294118
full,0.05,0.049507997596815526,1,0.3692063492063492
full,0.05,0.049507997596815526,2,0.3663810689514484
full,0.05,0.049507997596815526,3,0.25252525252525254
full,0.05,0.06359931153547553,0,0.13970588235294118
full,0.05,0.06359931153547553,1,0.3684450524395805
full,0.05,0.06359931153547553,2,0.3671373555840821
full,0.05,0.06359931153547553,3,0.25252525252525254
full,0.05,0.08170139420154304,0,0.13970588235294118
full,0.05,0.08170139420154304,1,0.3684450524395805
full,0.05,0.08170139420154304,2,0.3686091686091686
full,0.05,0.08170139420154304,3,0.2534722222222222
full,0.05,0.10495581875524816,0,0.13970588235294118
full,0.05,0.10495581875524816,1,0.3684450524395805
full,0.05,0.10495581875524816,2,0.3686091686091686
full,0.05,0.10495581875524816,3,0.25448028673835127
full,0.05,0.1348290809262157,0,0.13970588235294118
full,0.05,0.1348290809262157,1,0.3684450524395805
full,0.05,0.1348290809262157,2,0.36894586894586895
full,0.05,0.1348290809262157,3,0.2534722222222222
full,0.05,0.17320508075688773,0,0.13970588235294118
full,0.05,0.17320508075688773,1,0.3663419913419913
full,0.05,0.17320508075688773,2,0.3696581196581196
full,0.05,0.17320508075688773,3,0.25555555555555554
full,0.05,0.2225039271491978,0,0.13949275362318841
full,0.05,0.2225039271491978,1,0.364463601532567
full,0.05,0.2225039271491978,2,0.37083551369265655
full,0.05,0.2225039271491978,3,0.26666666666666666
full,0.05,0.2858345573956079,0,0.13970588235294118
full,0.05,0.2858345573956079,1,0.36360544217687074
full,0.05,0.2858345573956079,2,0.37368316438083876
full,0.05,0.2858345573956079,3,0.27645502645502645
full,0.05,0.3671907963528168,0,0.13970588235294118
full,0.05,0.3671907963528168,1,0.36361566484517305
full,0.05,0.3671907963528168,2,0.37766714082503555
full,0.05,0.3671907963528168,3,0.2733333333333333
full,0.05,0.47170321935428616,0,0.13970588235294118
full,0.05,0.47170321935428616,1,0.3631427304964539
full,0.05,0.47170321935428616,2,0.378021978021978
full,0.05,0.47170321935428616,3,0.2768115942028986
full,0.05,0.6059627021136009,0,0.13992537313432835
full,0.05,0.6059627021136009,1,0.36133060189249827
full,0.05,0.6059627021136009,2,0.37983870967741934
full,0.05,0.6059627021136009,3,0.2933723196881092
full,0.05,0.778436061673405,0,0.140625
full,0.05,0.778436061673405,1,0.35980083857442346
full,0.05,0.778436061673405,2,0.38183421516754845
full,0.05,0.778436061673405,3,0.3
full,0.05,1.0,0,0.14224137931034483
full,0.05,1.0,1,0.35861244019138755
full,0.05,1.0,2,0.3798076923076923
full,0.05,1.0,3,0.31746031746031744
full,0.055,0.03,0,0.13992537313432835
full,0.055,0.03,1,0.36910268270120256
full,0.055,0.03,2,0.3645238095238095
full,0.055,0.03,3,0.25
full,0.055,0.038538810670601456,0,0.13970588235294118
full,0.055,0.038538810670601456,1,0.3696705426356589
full,0.055,0.038538810670601456,2,0.3663419913419913
full,0.055,0.038538810670601456,3,0.24652014652014653
full,0.055,0.049507997596815526,0,0.1392857142857143
full,0.055,0.049507997596815526,1,0.3700396825396825
full,0.055,0.049507997596815526,2,0.3670190274841437
full,0.055,0.049507997596815526,3,0.2473604826546003
full,0.055,0.06359931153547553,0,0.1392857142857143
full,0.055,0.06359931153547553,1,0.3693181818181818
full,0.055,0.06359931153547553,2,0.3673557278208441
full,0.055,0.06359931153547553,3,0.2473604826546003
full,0.055,0.08170139420154304,0,0.1392857142857143
full,0.055,0.08170139420154304,1,0.3693181818181818
full,0.055,0.08170139420154304,2,0.36811201445347785
full,0.055,0.08170139420154304,3,0.24825174825174826
full,0.055,0.10495581875524816,0,0.13970588235294118
full,0.055,0.10495581875524816,1,0.3693181818181818
full,0.055,0.10495581875524816,2,0.3692952749556523
full,0.055,0.10495581875524816,3,0.24919871794871795
full,0.055,0.1348290809262157,0,0.13949275362318841
full,0.055,0.1348290809262157,1,0.36775599128540304
full,0.055,0.1348290809262157,2,0.3696581196581196
full,0.055,0.1348290809262157,3,0.250206782464847
full,0.055,0.17320508075688773,0,0.13970588235294118
full,0.055,0.17320508075688773,1,0.36645299145299143
full,0.055,0.17320508075688773,2,0.3700351935646053
full,0.055,0.17320508075688773,3,0.2512820512820513
full,0.055,0.2225039271491978,0,0.13992537313432835
full,0.055,0.2225039271491978,1,0.3648484848484848
full,0.055,0.2225039271491978,2,0.3717039461720313
full,0.055,0.2225039271491978,3,0.2579365079365079
full,0.055,0.2858345573956079,0,0.14015151515151514
full,0.055,0.2858345573956079,1,0.3639080459770115
full,0.055,0.2858345573956079,2,0.3754273504273504
full,0.055,0.2858345573956079,3,0.26904761904761904
full,0.055,0.3671907963528168,0,0.14015151515151514
full,0.055,0.3671907963528168,1,0.3627956989247312
full,0.055,0.3671907963528168,2,0.37749287749287747
full,0.055,0.3671907963528168,3,0.2733333333333333
full,0.055,0.47170321935428616,0,0.14038461538461539
full,0.055,0.47170321935428616,1,0.36279867138112076
full,0.055,0.47170321935428616,2,0.3798076923076923
full,0.055,0.47170321935428616,3,0.28619528619528617
full,0.055,0.6059627021136009,0,0.1413934426229508
full,0.055,0.6059627021136009,1,0.3610634648370497
full,0.055,0.6059627021136009,2,0.3782828282828283
full,0.055,0.6059627021136009,3,0.29074074074074074
full,0.055,0.778436061673405,0,0.1419491525423729
full,0.055,0.778436061673405,1,0.35896805896805895
full,0.055,0.778436061673405,2,0.38128050531151303
full,0.055,0.778436061673405,3,0.3
full,0.055,1.0,0,0.14224137931034483
full,0.055,1.0,1,0.35818713450292394
full,0.055,1.0,2,0.3771551724137931
full,0.055,1.0,3,0.31746031746031744
full,0.06,0.03,0,0.13949275362318841
full,0.06,0.03,1,0.3717039461720313
full,0.06,0.03,2,0.36467236467236464
full,0.06,0.03,3,0.24924924924924924
full,0.06,0.038538810670601456,0,0.1392857142857143
full,0.06,0.038538810670601456,1,0.37048294495103007
full,0.06,0.038538810670601456,2,0.3660362490149724
full,0.06,0.038538810670601456,3,0.24652014652014653
full,0.06,0.049507997596815526,0,0.1388888888888889
full,0.06,0.049507997596815526,1,0.3701138050470064
full,0.06,0.049507997596815526,2,0.36775599128540304
full,0.06,0.049507997596815526,3,0.24652014652014653
full,0.06,0.06359931153547553,0,0.1388888888888889
full,0.06,0.06359931153547553,1,0.36976144422952933
full,0.06,0.06359931153547553,2,0.3684450524395805
full,0.06,0.06359931153547553,3,0.2473604826546003
full,0.06,0.08170139420154304,0,0.1388888888888889
full,0.06,0.08170139420154304,1,0.36988727858293075
full,0.06,0.08170139420154304,2,0.3700351935646053
full,0.06,0.08170139420154304,3,0.24825174825174826
full,0.06,0.10495581875524816,0,0.13908450704225353
full,0.06,0.10495581875524816,1,0.36898148148148147
full,0.06,0.10495581875524816,2,0.3704081632653061
full,0.06,0.10495581875524816,3,0.24825174825174826
full,0.06,0.1348290809262157,0,0.13908450704225353
full,0.06,0.1348290809262157,1,0.36782608695652175
full,0.06,0.1348290809262157,2,0.37083551369265655
full,0.06,0.1348290809262157,3,0.250206782464847
full,0.06,0.17320508075688773,0,0.1392857142857143
full,0.06,0.17320508075688773,1,0.36580670003850596
full,0.06,0.17320508075688773,2,0.3731546231546231
full,0.06,0.17320508075688773,3,0.2512820512820513
full,0.06,0.2225039271491978,0,0.13949275362318841
full,0.06,0.2225039271491978,1,0.3648484848484848
full,0.06,0.2225039271491978,2,0.3754273504273504
full,0.06,0.2225039271491978,3,0.2579365079365079
full,0.06,0.2858345573956079,0,0.14015151515151514
full,0.06,0.2858345573956079,1,0.36394908840729273
full,0.06,0.2858345573956079,2,0.3765182186234818
full,0.06,0.2858345573956079,3,0.267816091954023
full,0.06,0.3671907963528168,0,0.140625
full,0.06,0.3671907963528168,1,0.3626281648880519
full,0.06,0.3671907963528168,2,0.37996820349761523
full,0.06,0.3671907963528168,3,0.27179487179487183
full,0.06,0.47170321935428616,0,0.14087301587301587
full,0.06,0.47170321935428616,1,0.36234567901234566
full,0.06,0.47170321935428616,2,0.37797619047619047
full,0.06,0.47170321935428616,3,0.28619528619528617
full,0.06,0.6059627021136009,0,0.14224137931034483
full,0.06,0.6059627021136009,1,0.3606060606060606
full,0.06,0.6059627021136009,2,0.3782828282828283
full,0.06,0.6059627021136009,3,0.29074074074074074
full,0.06,0.778436061673405,0,0.1419491525423729
full,0.06,0.778436061673405,1,0.3593434343434343
full,0.06,0.778436061673405,2,0.3790491118077325
full,0.06,0.778436061673405,3,0.2933723196881092
full,0.06,1.0,0,0.1425438596491228
full,0.06,1.0,1,0.3581609195402299
full,0.06,1.0,2,0.3771551724137931
full,0.06,1.0,3,0.3088235294117647
full,0.065,0.03,0,0.13949275362318841
full,0.065,0.03,1,0.37127659574468086
full,0.065,0.03,2,0.36553459119496856
full,0.065,0.03,3,0.24497574497574498
full,0.065,0.038538810670601456,0,0.1388888888888889
full,0.065,0.038538810670601456,1,0.3717039461720313
full,0.065,0.038538810670601456,2,0.36855631141345424
full,0.065,0.038538810670601456,3,0.25
full,0.065,0.049507997596815526,0,0.13851351351351351
full,0.065,0.049507997596815526,1,0.36976144422952933
full,0.065,0.049507997596815526,2,0.36976144422952933
full,0.065,0.049507997596815526,3,0.24572649572649571
full,0.065,0.06359931153547553,0,0.13851351351351351
full,0.065,0.06359931153547553,1,0.36976144422952933
full,0.065,0.06359931153547553,2,0.3692453725676317
full,0.065,0.06359931153547553,3,0.24572649572649571
full,0.065,0.08170139420154304,0,0.13851351351351351
full,0.065,0.08170139420154304,1,0.369424743892829
full,0.065,0.08170139420154304,2,0.3688141923436041
full,0.065,0.08170139420154304,3,0.24825174825174826
full,0.065,0.10495581875524816,0,0.1388888888888889
full,0.065,0.10495581875524816,1,0.3683510638297872
full,0.065,0.10495581875524816,2,0.36920133907221425
full,0.065,0.10495581875524816,3,0.2473604826546003
full,0.065,0.1348290809262157,0,0.1392857142857143
full,0.065,0.1348290809262157,1,0.36627450980392157
full,0.065,0.1348290809262157,2,0.37
full,0.065,0.1348290809262157,3,0.24919871794871795
full,0.065,0.17320508075688773,0,0.1392857142857143
full,0.065,0.17320508075688773,1,0.36502177068214803
full,0.065,0.17320508075688773,2,0.372166480862133
full,0.065,0.17320508075688773,3,0.2534722222222222
full,0.065,0.2225039271491978,0,0.13970588235294118
full,0.065,0.2225039271491978,1,0.36353615520282184
full,0.065,0.2225039271491978,2,0.37481759432978945
full,0.065,0.2225039271491978,3,0.2606060606060606
full,0.065,0.2858345573956079,0,0.14038461538461539
full,0.065,0.2858345573956079,1,0.3632228719948018
full,0.065,0.2858345573956079,2,0.37766714082503555
full,0.065,0.2858345573956079,3,0.26666666666666666
full,0.065,0.3671907963528168,0,0.14087301587301587
full,0.065,0.3671907963528168,1,0.36247947454844004
full,0.065,0.3671907963528168,2,0.37675070028011204
full,0.065,0.3671907963528168,3,0.27037037037037037
full,0.065,0.47170321935428616,0,0.14166666666666666
full,0.065,0.47170321935428616,1,0.3621872477804681
full,0.065,0.47170321935428616,2,0.37809452363090773
full,0.065,0.47170321935428616,3,0.28421900161030594
full,0.065,0.6059627021136009,0,0.1425438596491228
full,0.065,0.6059627021136009,1,0.36184798807749624
full,0.065,0.6059627021136009,2,0.3782828282828283
full,0.065,0.6059627021136009,3,0.28835978835978837
full,0.065,0.778436061673405,0,0.1425438596491228
full,0.065,0.778436061673405,1,0.3599472990777338
full,0.065,0.778436061673405,2,0.3771551724137931
full,0.065,0.778436061673405,3,0.2933723196881092
full,0.065,1.0,0,0.14285714285714285
full,0.065,1.0,1,0.35777777777777775
full,0.065,1.0,2,0.3771551724137931
full,0.065,1.0,3,0.3088235294117647
full,0.07,0.03,0,0.1386986301369863
full,0.07,0.03,1,0.37173913043478257
full,0.07,0.03,2,0.36855631141345424
full,0.07,0.03,3,0.24924924924924924
full,0.07,0.038538810670601456,0,0.1386986301369863
full,0.07,0.038538810670601456,1,0.37048294495103007
full,0.07,0.038538810670601456,2,0.3683510638297872
full,0.07,0.038538810670601456,3,0.24924924924924924
full,0.07,0.049507997596815526,0,0.13851351351351351
full,0.07,0.049507997596815526,1,0.36976144422952933
full,0.07,0.049507997596815526,2,0.36792589376176
full,0.07,0.049507997596815526,3,0.24924924924924924
full,0.07,0.06359931153547553,0,0.13851351351351351
full,0.07,0.06359931153547553,1,0.36976144422952933
full,0.07,0.06359931153547553,2,0.36737891737891737
full,0.07,0.06359931153547553,3,0.25
full,0.07,0.08170139420154304,0,0.13851351351351351
full,0.07,0.08170139420154304,1,0.3688930117501546
full,0.07,0.08170139420154304,2,0.3663299663299663
full,0.07,0.08170139420154304,3,0.2507936507936508
full,0.07,0.10495581875524816,0,0.13908450704225353
full,0.07,0.10495581875524816,1,0.36645299145299143
full,0.07,0.10495581875524816,2,0.36602870813397126
full,0.07,0.10495581875524816,3,0.24652014652014653
full,0.07,0.1348290809262157,0,0.1392857142857143
full,0.07,0.1348290809262157,1,0.36580670003850596
full,0.07,0.1348290809262157,2,0.367003367003367
full,0.07,0.1348290809262157,3,0.24825174825174826
full,0.07,0.17320508075688773,0,0.13949275362318841
full,0.07,0.17320508075688773,1,0.364010989010989
full,0.07,0.17320508075688773,2,0.37
full,0.07,0.17320508075688773,3,0.2534722222222222
full,0.07,0.2225039271491978,0,0.13992537313432835
full,0.07,0.2225039271491978,1,0.36299840510366826
full,0.07,0.2225039271491978,2,0.37246216315983754
full,0.07,0.2225039271491978,3,0.2606060606060606
full,0.07,0.2858345573956079,0,0.14038461538461539
full,0.07,0.2858345573956079,1,0.36227061907642666
full,0.07,0.2858345573956079,2,0.3726163234172387
full,0.07,0.2858345573956079,3,0.26666666666666666
full,0.07,0.3671907963528168,0,0.1411290322580645
full,0.07,0.3671907963528168,1,0.36247947454844004
full,0.07,0.3671907963528168,2,0.3761969904240766
full,0.07,0.3671907963528168,3,0.26904761904761904
full,0.07,0.47170321935428616,0,0.1425438596491228
full,0.07,0.47170321935428616,1,0.3621872477804681
full,0.07,0.47170321935428616,2,0.3756720430107527
full,0.07,0.47170321935428616,3,0.2824074074074074
full,0.07,0.6059627021136009,0,0.1425438596491228
full,0.07,0.6059627021136009,1,0.36197839230845474
full,0.07,0.6059627021136009,2,0.37657784011220197
full,0.07,0.6059627021136009,3,0.28835978835978837
full,0.07,0.778436061673405,0,0.1431818181818182
full,0.07,0.778436061673405,1,0.36107954545454546
full,0.07,0.778436061673405,2,0.37524687294272546
full,0.07,0.778436061673405,3,0.28835978835978837
full,0.07,1.0,0,0.14351851851851852
full,0.07,1.0,1,0.3574193548387097
full,0.07,1.0,2,0.37555555555555553
full,0.07,1.0,3,0.3088235294117647
full,0.075,0.03,0,0.1386986301369863
full,0.075,0.03,1,0.3704268292682927
full,0.075,0.03,2,0.3696705426356589
full,0.075,0.03,3,0.25
full,0.075,0.038538810670601456,0,0.1386986301369863
full,0.075,0.038538810670601456,1,0.3693181818181818
full,0.075,0.038538810670601456,2,0.36988727858293075
full,0.075,0.038538810670601456,3,0.2507936507936508
full,0.075,0.049507997596815526,0,0.1386986301369863
full,0.075,0.049507997596815526,1,0.3681481481481481
full,0.075,0.049507997596815526,2,0.36988727858293075
full,0.075,0.049507997596815526,3,0.2507936507936508
full,0.075,0.06359931153547553,0,0.1386986301369863
full,0.075,0.06359931153547553,1,0.3660901467505241
full,0.075,0.06359931153547553,2,0.36883720930232555
full,0.075,0.06359931153547553,3,0.2507936507936508
full,0.075,0.08170139420154304,0,0.1386986301369863
full,0.075,0.08170139420154304,1,0.36553459119496856
full,0.075,0.08170139420154304,2,0.36666666666666664
full,0.075,0.08170139420154304,3,0.2558441558441559
full,0.075,0.10495581875524816,0,0.1386986301369863
full,0.075,0.10495581875524816,1,0.36553459119496856
full,0.075,0.10495581875524816,2,0.36771561771561767
full,0.075,0.10495581875524816,3,0.2558441558441559
full,0.075,0.1348290809262157,0,0.13949275362318841
full,0.075,0.1348290809262157,1,0.3645238095238095
full,0.075,0.1348290809262157,2,0.3688930117501546
full,0.075,0.1348290809262157,3,0.25668449197860965
full,0.075,0.17320508075688773,0,0.13970588235294118
full,0.075,0.17320508075688773,1,0.3634558093346574
full,0.075,0.17320508075688773,2,0.3710594315245478
full,0.075,0.17320508075688773,3,0.2606060606060606
full,0.075,0.2225039271491978,0,0.13970588235294118
full,0.075,0.2225039271491978,1,0.36278195488721804
full,0.075,0.2225039271491978,2,0.37
full,0.075,0.2225039271491978,3,0.2655913978494624
full,0.075,0.2858345573956079,0,0.14038461538461539
full,0.075,0.2858345573956079,1,0.36278195488721804
full,0.075,0.2858345573956079,2,0.3704273504273504
full,0.075,0.2858345573956079,3,0.26666666666666666
full,0.075,0.3671907963528168,0,0.1411290322580645
full,0.075,0.3671907963528168,1,0.36278195488721804
full,0.075,0.3671907963528168,2,0.36986986986986986
full,0.075,0.3671907963528168,3,0.26904761904761904
full,0.075,0.47170321935428616,0,0.1425438596491228
full,0.075,0.47170321935428616,1,0.3633116883116883
full,0.075,0.47170321935428616,2,0.37370663420572126
full,0.075,0.47170321935428616,3,0.28074074074074074
full,0.075,0.6059627021136009,0,0.14285714285714285
full,0.075,0.6059627021136009,1,0.36269592476489027
full,0.075,0.6059627021136009,2,0.3745748299319728
full,0.075,0.6059627021136009,3,0.28835978835978837
full,0.075,0.778436061673405,0,0.14386792452830188
full,0.075,0.778436061673405,1,0.3616959064327485
full,0.075,0.778436061673405,2,0.37524687294272546
full,0.075,0.778436061673405,3,0.28835978835978837
full,0.075,1.0,0,0.14351851851851852
full,0.075,1.0,1,0.3576388888888889
full,0.075,1.0,2,0.37555555555555553
full,0.075,1.0,3,0.3088235294117647
full,0.08,0.03,0,0.13908450704225353
full,0.08,0.03,1,0.36883720930232555
full,0.08,0.03,2,0.37083333333333335
full,0.08,0.03,3,0.255050505050505
full,0.08,0.038538810670601456,0,0.1388888888888889
full,0.08,0.038538810670601456,1,0.3660901467505241
full,0.08,0.038538810670601456,2,0.3709454796411318
full,0.08,0.038538810670601456,3,0.255050505050505
full,0.08,0.049507997596815526,0,0.1388888888888889
full,0.08,0.049507997596815526,1,0.36580670003850596
full,0.08,0.049507997596815526,2,0.36976144422952933
full,0.08,0.049507997596815526,3,0.2558441558441559
full,0.08,0.06359931153547553,0,0.1388888888888889
full,0.08,0.06359931153547553,1,0.36553459119496856
full,0.08,0.06359931153547553,2,0.36910268270120256
full,0.08,0.06359931153547553,3,0.25668449197860965
full,0.08,0.08170139420154304,0,0.1386986301369863
full,0.08,0.08170139420154304,1,0.36518518518518517
full,0.08,0.08170139420154304,2,0.36701607267645003
full,0.08,0.08170139420154304,3,0.25668449197860965
full,0.08,0.10495581875524816,0,0.1386986301369863
full,0.08,0.10495581875524816,1,0.3648484848484848
full,0.08,0.10495581875524816,2,0.3682342502218279
full,0.08,0.10495581875524816,3,0.2585227272727273
full,0.08,0.1348290809262157,0,0.1388888888888889
full,0.08,0.1348290809262157,1,0.36364660806851473
full,0.08,0.1348290809262157,2,0.369424743892829
full,0.08,0.1348290809262157,3,0.2585227272727273
full,0.08,0.17320508075688773,0,0.13949275362318841
full,0.08,0.17320508075688773,1,0.3632228719948018
full,0.08,0.17320508075688773,2,0.36961451247165533
full,0.08,0.17320508075688773,3,0.27299880525686976
full,0.08,0.2225039271491978,0,0.13970588235294118
full,0.08,0.2225039271491978,1,0.36278195488721804
full,0.08,0.2225039271491978,2,0.3704273504273504
full,0.08,0.2225039271491978,3,0.282258064516129
full,0.08,0.2858345573956079,0,0.14015151515151514
full,0.08,0.2858345573956079,1,0.36278195488721804
full,0.08,0.2858345573956079,2,0.36894586894586895
full,0.08,0.2858345573956079,3,0.2752234993614304
full,0.08,0.3671907963528168,0,0.1413934426229508
full,0.08,0.3671907963528168,1,0.36299840510366826
full,0.08,0.3671907963528168,2,0.37003367003367005
full,0.08,0.3671907963528168,3,0.27645502645502645
full,0.08,0.47170321935428616,0,0.1425438596491228
full,0.08,0.47170321935428616,1,0.3633116883116883
full,0.08,0.47170321935428616,2,0.3707983193277311
full,0.08,0.47170321935428616,3,0.28074074074074074
full,0.08,0.6059627021136009,0,0.14285714285714285
full,0.08,0.6059627021136009,1,0.3633116883116883
full,0.08,0.6059627021136009,2,0.372053872053872
full,0.08,0.6059627021136009,3,0.28835978835978837
full,0.08,0.778436061673405,0,0.14351851851851852
full,0.08,0.778436061673405,1,0.36269592476489027
full,0.08,0.778436061673405,2,0.3745748299319728
full,0.08,0.778436061673405,3,0.28835978835978837
full,0.08,1.0,0,0.14351851851851852
full,0.08,1.0,1,0.3577200577200577
full,0.08,1.0,2,0.37516339869281046
full,0.08,1.0,3,0.3088235294117647
full,0.085,0.03,0,0.13949275362318841
full,0.085,0.03,1,0.3688141923436041
full,0.085,0.03,2,0.37171052631578944
full,0.085,0.03,3,0.2585227272727273
full,0.085,0.038538810670601456,0,0.13908450704225353
full,0.085,0.038538810670601456,1,0.3666940114848236
full,0.085,0.038538810670601456,2,0.37127659574468086
full,0.085,0.038538810670601456,3,0.2585227272727273
full,0.085,0.049507997596815526,0,0.13908450704225353
full,0.085,0.049507997596815526,1,0.36580670003850596
full,0.085,0.049507997596815526,2,0.3708700916796402
full,0.085,0.049507997596815526,3,0.2585227272727273
full,0.085,0.06359931153547553,0,0.1392857142857143
full,0.085,0.06359931153547553,1,0.36518518518518517
full,0.085,0.06359931153547553,2,0.37173913043478257
full,0.085,0.06359931153547553,3,0.2585227272727273
full,0.085,0.08170139420154304,0,0.1392857142857143
full,0.085,0.08170139420154304,1,0.36421052631578943
full,0.085,0.08170139420154304,2,0.3705763397371082
full,0.085,0.08170139420154304,3,0.2585227272727273
full,0.085,0.10495581875524816,0,0.13908450704225353
full,0.085,0.10495581875524816,1,0.36421052631578943
full,0.085,0.10495581875524816,2,0.3705763397371082
full,0.085,0.10495581875524816,3,0.2595307917888563
full,0.085,0.1348290809262157,0,0.1392857142857143
full,0.085,0.1348290809262157,1,0.36364660806851473
full,0.085,0.1348290809262157,2,0.36961451247165533
full,0.085,0.1348290809262157,3,0.25448028673835127
full,0.085,0.17320508075688773,0,0.13949275362318841
full,0.085,0.17320508075688773,1,0.3634558093346574
full,0.085,0.17320508075688773,2,0.36960784313725487
full,0.085,0.17320508075688773,3,0.25448028673835127
full,0.085,0.2225039271491978,0,0.13970588235294118
full,0.085,0.2225039271491978,1,0.36299840510366826
full,0.085,0.2225039271491978,2,0.36960784313725487
full,0.085,0.2225039271491978,3,0.2606060606060606
full,0.085,0.2858345573956079,0,0.14015151515151514
full,0.085,0.2858345573956079,1,0.36299840510366826
full,0.085,0.2858345573956079,2,0.3678571428571428
full,0.085,0.2858345573956079,3,0.2752234993614304
full,0.085,0.3671907963528168,0,0.1419491525423729
full,0.085,0.3671907963528168,1,0.3633116883116883
full,0.085,0.3671907963528168,2,0.3692084942084942
full,0.085,0.3671907963528168,3,0.2792022792022792
full,0.085,0.47170321935428616,0,0.1425438596491228
full,0.085,0.47170321935428616,1,0.3633116883116883
full,0.085,0.47170321935428616,2,0.37018255578093306
full,0.085,0.47170321935428616,3,0.2792022792022792
full,0.085,0.6059627021136009,0,0.1431818181818182
full,0.085,0.6059627021136009,1,0.3633116883116883
full,0.085,0.6059627021136009,2,0.3713924963924964
full,0.085,0.6059627021136009,3,0.28835978835978837
full,0.085,0.778436061673405,0,0.14386792452830188
full,0.085,0.778436061673405,1,0.36247947454844004
full,0.085,0.778436061673405,2,0.37524687294272546
full,0.085,0.778436061673405,3,0.28835978835978837
full,0.085,1.0,0,0.14351851851851852
full,0.085,1.0,1,0.3581402257872846
full,0.085,1.0,2,0.37516339869281046
full,0.085,1.0,3,0.3088235294117647
full,0.09,0.03,0,0.13949275362318841
full,0.09,0.03,1,0.3704081632653061
full,0.09,0.03,2,0.3730994152046784
full,0.09,0.03,3,0.2655913978494624
full,0.09,0.038538810670601456,0,0.13949275362318841
full,0.09,0.038538810670601456,1,0.36920133907221425
full,0.09,0.038538810670601456,2,0.3731546231546231
full,0.09,0.038538810670601456,3,0.2655913978494624
full,0.09,0.049507997596815526,0,0.1392857142857143
full,0.09,0.049507997596815526,1,0.3684371184371184
full,0.09,0.049507997596815526,2,0.37325581395348834
full,0.09,0.049507997596815526,3,0.2655913978494624
full,0.09,0.06359931153547553,0,0.1392857142857143
full,0.09,0.06359931153547553,1,0.36737891737891737
full,0.09,0.06359931153547553,2,0.37173913043478257
full,0.09,0.06359931153547553,3,0.2595307917888563
full,0.09,0.08170139420154304,0,0.1388888888888889
full,0.09,0.08170139420154304,1,0.3663446054750402
full,0.09,0.08170139420154304,2,0.37181571815718156
full,0.09,0.08170139420154304,3,0.2595307917888563
full,0.09,0.10495581875524816,0,0.1392857142857143
full,0.09,0.10495581875524816,1,0.3654040404040404
full,0.09,0.10495581875524816,2,0.3708700916796402
full,0.09,0.10495581875524816,3,0.2595307917888563
full,0.09,0.1348290809262157,0,0.1392857142857143
full,0.09,0.1348290809262157,1,0.3654040404040404
full,0.09,0.1348290809262157,2,0.3695934959349593
full,0.09,0.1348290809262157,3,0.2595307917888563
full,0.09,0.17320508075688773,0,0.13949275362318841
full,0.09,0.17320508075688773,1,0.36421052631578943
full,0.09,0.17320508075688773,2,0.3692307692307692
full,0.09,0.17320508075688773,3,0.2595307917888563
full,0.09,0.2225039271491978,0,0.13949275362318841
full,0.09,0.2225039271491978,1,0.3642623716153128
full,0.09,0.2225039271491978,2,0.36846142046326125
full,0.09,0.2225039271491978,3,0.2595307917888563
full,0.09,0.2858345573956079,0,0.14038461538461539
full,0.09,0.2858345573956079,1,0.364010989010989
full,0.09,0.2858345573956079,2,0.36828449328449325
full,0.09,0.2858345573956079,3,0.2643097643097643
full,0.09,0.3671907963528168,0,0.1425438596491228
full,0.09,0.3671907963528168,1,0.36353615520282184
full,0.09,0.3671907963528168,2,0.37056277056277054
full,0.09,0.3671907963528168,3,0.28074074074074074
full,0.09,0.47170321935428616,0,0.1425438596491228
full,0.09,0.47170321935428616,1,0.3637690925426774
full,0.09,0.47170321935428616,2,0.36992481203007516
full,0.09,0.47170321935428616,3,0.2824074074074074
full,0.09,0.6059627021136009,0,0.14351851851851852
full,0.09,0.6059627021136009,1,0.3633116883116883
full,0.09,0.6059627021136009,2,0.37018255578093306
full,0.09,0.6059627021136009,3,0.28835978835978837
full,0.09,0.778436061673405,0,0.14386792452830188
full,0.09,0.778436061673405,1,0.36278195488721804
full,0.09,0.778436061673405,2,0.3740694789081886
full,0.09,0.778436061673405,3,0.28835978835978837
full,0.09,1.0,0,0.14351851851851852
full,0.09,1.0,1,0.3597110215053763
full,0.09,1.0,2,0.37516339869281046
full,0.09,1.0,3,0.3026315789473684
full,0.095,0.03,0,0.13992537313432835
full,0.095,0.03,1,0.3731546231546231
full,0.095,0.03,2,0.3741330069359445
full,0.095,0.03,3,0.26458333333333334
full,0.095,0.038538810670601456,0,0.13992537313432835
full,0.095,0.038538810670601456,1,0.372166480862133
full,0.095,0.038538810670601456,2,0.37368316438083876
full,0.095,0.038538810670601456,3,0.26458333333333334
full,0.095,0.049507997596815526,0,0.13992537313432835
full,0.095,0.049507997596815526,1,0.37127659574468086
full,0.095,0.049507997596815526,2,0.3727272727272727
full,0.095,0.049507997596815526,3,0.2655913978494624
full,0.095,0.06359931153547553,0,0.13992537313432835
full,0.095,0.06359931153547553,1,0.37
full,0.095,0.06359931153547553,2,0.37173913043478257
full,0.095,0.06359931153547553,3,0.2595307917888563
full,0.095,0.08170139420154304,0,0.13949275362318841
full,0.095,0.08170139420154304,1,0.36960784313725487
full,0.095,0.08170139420154304,2,0.37133262636974196
full,0.095,0.08170139420154304,3,0.2595307917888563
full,0.095,0.10495581875524816,0,0.13949275362318841
full,0.095,0.10495581875524816,1,0.3666940114848236
full,0.095,0.10495581875524816,2,0.37048294495103007
full,0.095,0.10495581875524816,3,0.2595307917888563
full,0.095,0.1348290809262157,0,0.13949275362318841
full,0.095,0.1348290809262157,1,0.3657407407407407
full,0.095,0.1348290809262157,2,0.3704268292682927
full,0.095,0.1348290809262157,3,0.2595307917888563
full,0.095,0.17320508075688773,0,0.13992537313432835
full,0.095,0.17320508075688773,1,0.3660901467505241
full,0.095,0.17320508075688773,2,0.36920133907221425
full,0.095,0.17320508075688773,3,0.2595307917888563
full,0.095,0.2225039271491978,0,0.14038461538461539
full,0.095,0.2225039271491978,1,0.3660362490149724
full,0.095,0.2225039271491978,2,0.36846142046326125
full,0.095,0.2225039271491978,3,0.2595307917888563
full,0.095,0.2858345573956079,0,0.1413934426229508
full,0.095,0.2858345573956079,1,0.36518518518518517
full,0.095,0.2858345573956079,2,0.3718518518518518
full,0.095,0.2858345573956079,3,0.26573426573426573
full,0.095,0.3671907963528168,0,0.1425438596491228
full,0.095,0.3671907963528168,1,0.3658974358974359
full,0.095,0.3671907963528168,2,0.3719887955182073
full,0.095,0.3671907963528168,3,0.2824074074074074
full,0.095,0.47170321935428616,0,0.1425438596491228
full,0.095,0.47170321935428616,1,0.36654661864745897
full,0.095,0.47170321935428616,2,0.3716117216117216
full,0.095,0.47170321935428616,3,0.2824074074074074
full,0.095,0.6059627021136009,0,0.14351851851851852
full,0.095,0.6059627021136009,1,0.3638608305274972
full,0.095,0.6059627021136009,2,0.36992481203007516
full,0.095,0.6059627021136009,3,0.28619528619528617
full,0.095,0.778436061673405,0,0.14423076923076922
full,0.095,0.778436061673405,1,0.36278195488721804
full,0.095,0.778436061673405,2,0.3723484848484848
full,0.095,0.778436061673405,3,0.28835978835978837
full,0.095,1.0,0,0.14386792452830188
full,0.095,1.0,1,0.3603913273400317
full,0.095,1.0,2,0.37516339869281046
full,0.095,1.0,3,0.3026315789473684
full,0.1,0.03,0,0.14015151515151514
full,0.1,0.03,1,0.37460716530483973
full,0.1,0.03,2,0.3704268292682927
full,0.1,0.03,3,0.25163398692810457
full,0.1,0.038538810670601456,0,0.14015151515151514
full,0.1,0.038538810670601456,1,0.37264957264957266
full,0.1,0.038538810670601456,2,0.3692063492063492
full,0.1,0.038538810670601456,3,0.25163398692810457
full,0.1,0.049507997596815526,0,0.14015151515151514
full,0.1,0.049507997596815526,1,0.37127659574468086
full,0.1,0.049507997596815526,2,0.36848484848484847
full,0.1,0.049507997596815526,3,0.25163398692810457
full,0.1,0.06359931153547553,0,0.14015151515151514
full,0.1,0.06359931153547553,1,0.37
full,0.1,0.06359931153547553,2,0.3700396825396825
full,0.1,0.06359931153547553,3,0.2534722222222222
full,0.1,0.08170139420154304,0,0.14038461538461539
full,0.1,0.08170139420154304,1,0.3704081632653061
full,0.1,0.08170139420154304,2,0.37048294495103007
full,0.1,0.08170139420154304,3,0.2534722222222222
full,0.1,0.10495581875524816,0,0.14038461538461539
full,0.1,0.10495581875524816,1,0.37083551369265655
full,0.1,0.10495581875524816,2,0.37048294495103007
full,0.1,0.10495581875524816,3,0.2534722222222222
full,0.1,0.1348290809262157,0,0.140625
full,0.1,0.1348290809262157,1,0.3704273504273504
full,0.1,0.1348290809262157,2,0.3704268292682927
full,0.1,0.1348290809262157,3,0.25448028673835127
full,0.1,0.17320508075688773,0,0.14038461538461539
full,0.1,0.17320508075688773,1,0.3692063492063492
full,0.1,0.17320508075688773,2,0.3704268292682927
full,0.1,0.17320508075688773,3,0.2595307917888563
full,0.1,0.2225039271491978,0,0.14087301587301587
full,0.1,0.2225039271491978,1,0.3700396825396825
full,0.1,0.2225039271491978,2,0.37083333333333335
full,0.1,0.2225039271491978,3,0.2595307917888563
full,0.1,0.2858345573956079,0,0.1419491525423729
full,0.1,0.2858345573956079,1,0.36848484848484847
full,0.1,0.2858345573956079,2,0.37226001511715795
full,0.1,0.2858345573956079,3,0.262987012987013
full,0.1,0.3671907963528168,0,0.1425438596491228
full,0.1,0.3671907963528168,1,0.3672222222222222
full,0.1,0.3671907963528168,2,0.3727891156462585
full,0.1,0.3671907963528168,3,0.28074074074074074
full,0.1,0.47170321935428616,0,0.14285714285714285
full,0.1,0.47170321935428616,1,0.36763038548752835
full,0.1,0.47170321935428616,2,0.3705821205821206
full,0.1,0.47170321935428616,3,0.28074074074074074
full,0.1,0.6059627021136009,0,0.14351851851851852
full,0.1,0.6059627021136009,1,0.36502177068214803
full,0.1,0.6059627021136009,2,0.37056277056277054
full,0.1,0.6059627021136009,3,0.2824074074074074
full,0.1,0.778436061673405,0,0.14583333333333334
full,0.1,0.778436061673405,1,0.3632228719948018
full,0.1,0.778436061673405,2,0.3726851851851852
full,0.1,0.778436061673405,3,0.28835978835978837
full,0.1,1.0,0,0.1446078431372549
full,0.1,1.0,1,0.3599590373783922
full,0.1,1.0,2,0.37407407407407406
full,0.1,1.0,3,0.3026315789473684
