candidate,nu,gamma_multiplier,mean_AP,std_AP,feature_count
positive_derived,0.005,0.03,0.3189476999224023,0.1347380062286369,30
positive_derived,0.005,0.038538810670601456,0.3182479378001766,0.1351877529432751,30
positive_derived,0.005,0.049507997596815526,0.3191879196958138,0.13633328538226727,30
positive_derived,0.005,0.06359931153547553,0.31884913936638076,0.13708798812412765,30
positive_derived,0.005,0.08170139420154304,0.3182876309168281,0.13666129969795188,30
positive_derived,0.005,0.10495581875524816,0.31982734044439554,0.13830063780129626,30
positive_derived,0.005,0.1348290809262157,0.2794046392747431,0.12248923686629705,30
positive_derived,0.005,0.17320508075688773,0.2894590708350789,0.11187099247477178,30
positive_derived,0.005,0.2225039271491978,0.2947063521521045,0.11335465907838087,30
positive_derived,0.005,0.2858345573956079,0.29667822191279647,0.11557439553895253,30
positive_derived,0.005,0.3671907963528168,0.29521791664061403,0.11432162463756135,30
positive_derived,0.005,0.47170321935428616,0.29813395668658826,0.11730600839711182,30
positive_derived,0.005,0.6059627021136009,0.2960544215892578,0.11856373470842235,30
positive_derived,0.005,0.778436061673405,0.29957475115602883,0.11852826544329233,30
positive_derived,0.005,1.0,0.3021180248550938,0.11569758567847535,30
positive_derived,0.01,0.03,0.3245870601133759,0.13930956945726466,30
positive_derived,0.01,0.038538810670601456,0.3234404486559882,0.13910384726002922,30
positive_derived,0.01,0.049507997596815526,0.32069732679107676,0.13794458499134077,30
positive_derived,0.01,0.06359931153547553,0.3197195713643082,0.1372867517657425,30
positive_derived,0.01,0.08170139420154304,0.3183559369277571,0.13669157241929852,30
positive_derived,0.01,0.10495581875524816,0.2781606737777289,0.12146230164928717,30
positive_derived,0.01,0.1348290809262157,0.2794776959667361,0.12255829271540614,30
positive_derived,0.01,0.17320508075688773,0.28960425085830765,0.11202682751614368,30
positive_derived,0.01,0.2225039271491978,0.2947063521521045,0.11335465907838087,30
positive_derived,0.01,0.2858345573956079,0.29667822191279647,0.11557439553895253,30
positive_derived,0.01,0.3671907963528168,0.29538660759877866,0.11448289530980586,30
positive_derived,0.01,0.47170321935428616,0.29813395668658826,0.11730600839711182,30
positive_derived,0.01,0.6059627021136009,0.2960544215892578,0.11856373470842235,30
positive_derived,0.01,0.778436061673405,0.29957475115602883,0.11852826544329233,30
positive_derived,0.01,1.0,0.3021180248550938,0.11569758567847535,30
positive_derived,0.015,0.03,0.3258718116612853,0.14115260539494315,30
positive_derived,0.015,0.038538810670601456,0.3242061035888818,0.14038085422268948,30
positive_derived,0.015,0.049507997596815526,0.3228650174302348,0.13994276288721832,30
positive_derived,0.015,0.06359931153547553,0.28117459332511485,0.12402083671182339,30
positive_derived,0.015,0.08170139420154304,0.2835021686532957,0.12339302733732094,30
positive_derived,0.015,0.10495581875524816,0.28418322079421215,0.12379081294056958,30
positive_derived,0.015,0.1348290809262157,0.28797402355057183,0.12368342450012787,30
positive_derived,0.015,0.17320508075688773,0.2985691912431299,0.11219356846840775,30
positive_derived,0.015,0.2225039271491978,0.2996338492662022,0.11341571713421877,30
positive_derived,0.015,0.2858345573956079,0.30024965048422503,0.11465472335268734,30
positive_derived,0.015,0.3671907963528168,0.2954486115670326,0.11447006672358301,30
positive_derived,0.015,0.47170321935428616,0.29813395668658826,0.11730600839711182,30
positive_derived,0.015,0.6059627021136009,0.2960544215892578,0.11856373470842235,30
positive_derived,0.015,0.778436061673405,0.29957475115602883,0.11852826544329233,30
positive_derived,0.015,1.0,0.3021180248550938,0.11569758567847535,30
positive_derived,0.02,0.03,0.33387106404280853,0.13120374276789268,30
positive_derived,0.02,0.038538810670601456,0.28715147464352975,0.12353406028252634,30
positive_derived,0.02,0.049507997596815526,0.2872533754355401,0.1236730502764158,30
positive_derived,0.02,0.06359931153547553,0.28836554070929066,0.12473786390160466,30
positive_derived,0.02,0.08170139420154304,0.2886609374029925,0.12487818307478651,30
positive_derived,0.02,0.10495581875524816,0.2895261044795036,0.12553413593538196,30
positive_derived,0.02,0.1348290809262157,0.2947011989846041,0.12625564763843208,30
positive_derived,0.02,0.17320508075688773,0.30770383202405505,0.11568552886212913,30
positive_derived,0.02,0.2225039271491978,0.30285562382013675,0.1164429562723921,30
positive_derived,0.02,0.2858345573956079,0.30170928446005263,0.11621640627533777,30
positive_derived,0.02,0.3671907963528168,0.30042019084201743,0.11495642776833141,30
positive_derived,0.02,0.47170321935428616,0.29845370273001853,0.11762969089414331,30
positive_derived,0.02,0.6059627021136009,0.2960544215892578,0.11856373470842235,30
positive_derived,0.02,0.778436061673405,0.29957475115602883,0.11852826544329233,30
positive_derived,0.02,1.0,0.3021180248550938,0.11569758567847535,30
positive_derived,0.025,0.03,0.303817318893267,0.1175659180164272,30
positive_derived,0.025,0.038538810670601456,0.30100831248632515,0.11489865865179885,30
positive_derived,0.025,0.049507997596815526,0.30062705505413834,0.11437446007007407,30
positive_derived,0.025,0.06359931153547553,0.3016524852462352,0.1152025739191226,30
positive_derived,0.025,0.08170139420154304,0.3080226076147853,0.11603744603968454,30
positive_derived,0.025,0.10495581875524816,0.3081882494470938,0.11618864427802562,30
positive_derived,0.025,0.1348290809262157,0.3095638346462084,0.11745140977678004,30
positive_derived,0.025,0.17320508075688773,0.30907965774693713,0.1170972357632177,30
positive_derived,0.025,0.2225039271491978,0.30345004361446243,0.11745388398765672,30
positive_derived,0.025,0.2858345573956079,0.30314475391891993,0.11769757186836029,30
positive_derived,0.025,0.3671907963528168,0.3012289372796606,0.11573155639115192,30
positive_derived,0.025,0.47170321935428616,0.29887030512272383,0.11802344440210724,30
positive_derived,0.025,0.6059627021136009,0.29909461616171046,0.11768451072494322,30
positive_derived,0.025,0.778436061673405,0.29957475115602883,0.11852826544329233,30
positive_derived,0.025,1.0,0.3021180248550938,0.11569758567847535,30
positive_derived,0.03,0.03,0.3200972602205133,0.12113259420884634,30
positive_derived,0.03,0.038538810670601456,0.3193169589921424,0.12044876256086248,30
positive_derived,0.03,0.049507997596815526,0.3104334281789639,0.11790933530191589,30
positive_derived,0.03,0.06359931153547553,0.3087384084134397,0.11646220542007268,30
positive_derived,0.03,0.08170139420154304,0.3085684615895613,0.11672265346593738,30
positive_derived,0.03,0.10495581875524816,0.30855920210006466,0.11701820671888373,30
positive_derived,0.03,0.1348290809262157,0.30879298195713933,0.11729443950468442,30
positive_derived,0.03,0.17320508075688773,0.30939137616769197,0.117875288303505,30
positive_derived,0.03,0.2225039271491978,0.30807968553725645,0.11723003123630352,30
positive_derived,0.03,0.2858345573956079,0.30138618020613217,0.11617639665548589,30
positive_derived,0.03,0.3671907963528168,0.3011679581864235,0.11585851337729665,30
positive_derived,0.03,0.47170321935428616,0.29918892474696046,0.11835745765009738,30
positive_derived,0.03,0.6059627021136009,0.2993649213977212,0.11796717802316888,30
positive_derived,0.03,0.778436061673405,0.29973889296293665,0.11863805451475831,30
positive_derived,0.03,1.0,0.3021180248550938,0.11569758567847535,30
positive_derived,0.035,0.03,0.3067781716387529,0.12000150850203818,30
positive_derived,0.035,0.038538810670601456,0.30708253385220186,0.12035567205743644,30
positive_derived,0.035,0.049507997596815526,0.312168696272717,0.11983776851755111,30
positive_derived,0.035,0.06359931153547553,0.3098032958649436,0.11766447908404475,30
positive_derived,0.035,0.08170139420154304,0.30880543015564615,0.11677552129005153,30
positive_derived,0.035,0.10495581875524816,0.3072785351012385,0.11520027916416846,30
positive_derived,0.035,0.1348290809262157,0.3070765234857384,0.11547514286181582,30
positive_derived,0.035,0.17320508075688773,0.30713095474175917,0.11535957867066364,30
positive_derived,0.035,0.2225039271491978,0.30666536130741573,0.11502120715819748,30
positive_derived,0.035,0.2858345573956079,0.30188800947729516,0.11610372689703158,30
positive_derived,0.035,0.3671907963528168,0.30233516385074044,0.11693227504675595,30
positive_derived,0.035,0.47170321935428616,0.29887030512272383,0.11802344440210724,30
positive_derived,0.035,0.6059627021136009,0.2991280977303682,0.11790925037425512,30
positive_derived,0.035,0.778436061673405,0.29973889296293665,0.11863805451475831,30
positive_derived,0.035,1.0,0.3021180248550938,0.11569758567847535,30
positive_derived,0.04,0.03,0.3012912512675321,0.1198239727688766,30
positive_derived,0.04,0.038538810670601456,0.30512219380505823,0.11886426469032269,30
positive_derived,0.04,0.049507997596815526,0.30435423736875233,0.1180406417244889,30
positive_derived,0.04,0.06359931153547553,0.30028502108725985,0.11406365398096399,30
positive_derived,0.04,0.08170139420154304,0.2958425222576166,0.11413606927318393,30
positive_derived,0.04,0.10495581875524816,0.2958209689056463,0.11415273108512772,30
positive_derived,0.04,0.1348290809262157,0.2951343795093795,0.11345854099416568,30
positive_derived,0.04,0.17320508075688773,0.2988959000026956,0.11289105648768132,30
positive_derived,0.04,0.2225039271491978,0.29921293748624256,0.11281070234213644,30
positive_derived,0.04,0.2858345573956079,0.2996805689155362,0.11309689481974082,30
positive_derived,0.04,0.3671907963528168,0.29629287525812503,0.11462790617465897,30
positive_derived,0.04,0.47170321935428616,0.29797464367537807,0.11665880916617712,30
positive_derived,0.04,0.6059627021136009,0.298838595565866,0.11764434430233309,30
positive_derived,0.04,0.778436061673405,0.2996727903717151,0.1186540554894441,30
positive_derived,0.04,1.0,0.3021180248550938,0.11569758567847535,30
positive_derived,0.045,0.03,0.29471383854376176,0.12019079105178966,30
positive_derived,0.045,0.038538810670601456,0.2922966011018361,0.11753404672133665,30
positive_derived,0.045,0.049507997596815526,0.29070412798713063,0.11585065782707,30
positive_derived,0.045,0.06359931153547553,0.29230465708765974,0.11424597215280097,30
positive_derived,0.045,0.08170139420154304,0.2914957422418734,0.11354668565537696,30
positive_derived,0.045,0.10495581875524816,0.29144547233016993,0.11315086303850917,30
positive_derived,0.045,0.1348290809262157,0.2912363811448687,0.11296609121390512,30
positive_derived,0.045,0.17320508075688773,0.2912679941522568,0.11293212867077136,30
positive_derived,0.045,0.2225039271491978,0.2947586093247637,0.112611370439248,30
positive_derived,0.045,0.2858345573956079,0.2951560484520732,0.1131973859114762,30
positive_derived,0.045,0.3671907963528168,0.29611511601464247,0.11381890005808798,30
positive_derived,0.045,0.47170321935428616,0.2965988115894131,0.11427447776108982,30
positive_derived,0.045,0.6059627021136009,0.2986431535908566,0.11702534303570193,30
positive_derived,0.045,0.778436061673405,0.29951330073854127,0.11853939047107866,30
positive_derived,0.045,1.0,0.3021180248550938,0.11569758567847535,30
positive_derived,0.05,0.03,0.29137424725894484,0.11635616768709046,30
positive_derived,0.05,0.038538810670601456,0.29043871927117804,0.11526122940264429,30
positive_derived,0.05,0.049507997596815526,0.2892487855488403,0.11400211075323276,30
positive_derived,0.05,0.06359931153547553,0.28831080209353976,0.11281740455310424,30
positive_derived,0.05,0.08170139420154304,0.2883994708994709,0.11268997611560648,30
positive_derived,0.05,0.10495581875524816,0.29086163993877356,0.11190668974241147,30
positive_derived,0.05,0.1348290809262157,0.2908646461917798,0.1121394954749635,30
positive_derived,0.05,0.17320508075688773,0.29084777580726234,0.11189889278539794,30
positive_derived,0.05,0.2225039271491978,0.2908266842090371,0.11205809124173502,30
positive_derived,0.05,0.2858345573956079,0.29476093096315686,0.11277468672762135,30
positive_derived,0.05,0.3671907963528168,0.29570662954176885,0.11328785476086618,30
positive_derived,0.05,0.47170321935428616,0.29489798580464566,0.11200540616560233,30
positive_derived,0.05,0.6059627021136009,0.2971226868713189,0.11412168217219984,30
positive_derived,0.05,0.778436061673405,0.2983179791755726,0.11651369572276189,30
positive_derived,0.05,1.0,0.30760052371865637,0.11576863600191549,30
positive_derived,0.055,0.03,0.2898306128569287,0.11473236469539337,30
positive_derived,0.055,0.038538810670601456,0.2915501501509624,0.11318766990204039,30
positive_derived,0.055,0.049507997596815526,0.29133304203111876,0.1129638579515978,30
positive_derived,0.055,0.06359931153547553,0.2914170518156025,0.11290545938898447,30
positive_derived,0.055,0.08170139420154304,0.2912510543669964,0.11266054659017946,30
positive_derived,0.055,0.10495581875524816,0.29043716146977017,0.11159557174107837,30
positive_derived,0.055,0.1348290809262157,0.29029354166831345,0.111522154757169,30
positive_derived,0.055,0.17320508075688773,0.2903570293120853,0.11153487286926814,30
positive_derived,0.055,0.2225039271491978,0.29101532849001455,0.11232519096294209,30
positive_derived,0.055,0.2858345573956079,0.29493559445555917,0.11260906052250798,30
positive_derived,0.055,0.3671907963528168,0.29598102617560684,0.11308265957912095,30
positive_derived,0.055,0.47170321935428616,0.2961490843014505,0.11237585113444458,30
positive_derived,0.055,0.6059627021136009,0.29713581230090663,0.11391098566939165,30
positive_derived,0.055,0.778436061673405,0.29747129670087946,0.11440673796853741,30
positive_derived,0.055,1.0,0.30114750385140776,0.11456674755182462,30
positive_derived,0.06,0.03,0.28828536076203115,0.11323787273664258,30
positive_derived,0.06,0.038538810670601456,0.29125050719070006,0.11308159716467649,30
positive_derived,0.06,0.049507997596815526,0.2914480885057287,0.11322037954325455,30
positive_derived,0.06,0.06359931153547553,0.29130279774258894,0.11285080733418712,30
positive_derived,0.06,0.08170139420154304,0.2909953731931431,0.11253214610669106,30
positive_derived,0.06,0.10495581875524816,0.2909732557603114,0.11250887694437096,30
positive_derived,0.06,0.1348290809262157,0.2912866460350737,0.11276848881544164,30
positive_derived,0.06,0.17320508075688773,0.29044387123360466,0.11184557669108312,30
positive_derived,0.06,0.2225039271491978,0.2918860423049317,0.11333528807697668,30
positive_derived,0.06,0.2858345573956079,0.2956938902304267,0.11345561565332153,30
positive_derived,0.06,0.3671907963528168,0.29622386166206527,0.11368679776718575,30
positive_derived,0.06,0.47170321935428616,0.29684632759737806,0.11317361999992165,30
positive_derived,0.06,0.6059627021136009,0.2971271859466661,0.11407621814691403,30
positive_derived,0.06,0.778436061673405,0.2965431586511659,0.11326687818886097,30
positive_derived,0.06,1.0,0.3005924405419774,0.11277115306578964,30
positive_derived,0.065,0.03,0.28785948657708255,0.11353425669817149,30
positive_derived,0.065,0.038538810670601456,0.2879533304209264,0.1134973698059823,30
positive_derived,0.065,0.049507997596815526,0.29032906319054275,0.11240564876119814,30
positive_derived,0.065,0.06359931153547553,0.29048300407724226,0.11235301579464939,30
positive_derived,0.065,0.08170139420154304,0.2909313987676582,0.11281601290780507,30
positive_derived,0.065,0.10495581875524816,0.2910572842576388,0.1126633511361249,30
positive_derived,0.065,0.1348290809262157,0.291518443468798,0.11300621310563984,30
positive_derived,0.065,0.17320508075688773,0.29212319563247474,0.11378802410521939,30
positive_derived,0.065,0.2225039271491978,0.29374908319943777,0.11538815095904188,30
positive_derived,0.065,0.2858345573956079,0.29589900027673594,0.11384442087317413,30
positive_derived,0.065,0.3671907963528168,0.29577108621226267,0.1136790511699769,30
positive_derived,0.065,0.47170321935428616,0.29676311938916977,0.11303908365557443,30
positive_derived,0.065,0.6059627021136009,0.297742758420539,0.11383329712881973,30
positive_derived,0.065,0.778436061673405,0.2968144751180042,0.11303538419272896,30
positive_derived,0.065,1.0,0.2997354329125239,0.11177890568555411,30
positive_derived,0.07,0.03,0.2905476122731024,0.11283526947864794,30
positive_derived,0.07,0.038538810670601456,0.29023450353543284,0.11237486865136863,30
positive_derived,0.07,0.049507997596815526,0.29019930801729044,0.1119078802011307,30
positive_derived,0.07,0.06359931153547553,0.290436724921374,0.11215011096110557,30
positive_derived,0.07,0.08170139420154304,0.29080395078062116,0.11252942765871898,30
positive_derived,0.07,0.10495581875524816,0.29099790525515157,0.11273123253834069,30
positive_derived,0.07,0.1348290809262157,0.2915082608834219,0.11319615854534389,30
positive_derived,0.07,0.17320508075688773,0.29209644853623973,0.113453234554119,30
positive_derived,0.07,0.2225039271491978,0.29374908319943777,0.11538815095904188,30
positive_derived,0.07,0.2858345573956079,0.29723607377592887,0.11475930427659284,30
positive_derived,0.07,0.3671907963528168,0.2958835310853901,0.11299918240725246,30
positive_derived,0.07,0.47170321935428616,0.2975898389658894,0.11396207096933506,30
positive_derived,0.07,0.6059627021136009,0.2969004733507022,0.11239389726257046,30
positive_derived,0.07,0.778436061673405,0.29613163992719027,0.11186564958976543,30
positive_derived,0.07,1.0,0.29989982521893777,0.11168959186932652,30
positive_derived,0.075,0.03,0.2944618251640867,0.11232934915388548,30
positive_derived,0.075,0.038538810670601456,0.29104778117275665,0.11273786165015805,30
positive_derived,0.075,0.049507997596815526,0.2907274009171921,0.11225914621140363,30
positive_derived,0.075,0.06359931153547553,0.2906872067832818,0.1122150433329405,30
positive_derived,0.075,0.08170139420154304,0.29083588355996925,0.11236772118424143,30
positive_derived,0.075,0.10495581875524816,0.29089779462446497,0.11249923500678323,30
positive_derived,0.075,0.1348290809262157,0.29097611542647,0.11257974470797301,30
positive_derived,0.075,0.17320508075688773,0.2917600739374106,0.11311476358349418,30
positive_derived,0.075,0.2225039271491978,0.2939661869491502,0.11532130158581641,30
positive_derived,0.075,0.2858345573956079,0.2960407993955489,0.11367762077346014,30
positive_derived,0.075,0.3671907963528168,0.29542583713824605,0.11262500804997373,30
positive_derived,0.075,0.47170321935428616,0.2972119739588684,0.1136368397315617,30
positive_derived,0.075,0.6059627021136009,0.29680751822038076,0.11223390552910112,30
positive_derived,0.075,0.778436061673405,0.29628865189318776,0.11208338644176494,30
positive_derived,0.075,1.0,0.30011785583881956,0.11190703458729095,30
positive_derived,0.08,0.03,0.2941087958962532,0.1120351608990537,30
positive_derived,0.08,0.038538810670601456,0.29429340921526503,0.11200076346963657,30
positive_derived,0.08,0.049507997596815526,0.2942227877463385,0.11192938944196251,30
positive_derived,0.08,0.06359931153547553,0.29388518433110844,0.11158901460032493,30
positive_derived,0.08,0.08170139420154304,0.2939582410231014,0.11166256461399801,30
positive_derived,0.08,0.10495581875524816,0.294183450847754,0.11195381060942446,30
positive_derived,0.08,0.1348290809262157,0.2944875133380881,0.11220261836507282,30
positive_derived,0.08,0.17320508075688773,0.2919825827571935,0.11320924351797708,30
positive_derived,0.08,0.2225039271491978,0.2928002245146208,0.113809445650093,30
positive_derived,0.08,0.2858345573956079,0.2951761515186492,0.11256450428316732,30
positive_derived,0.08,0.3671907963528168,0.29601542307744355,0.11278285123715398,30
positive_derived,0.08,0.47170321935428616,0.2964360957148817,0.11218546126779638,30
positive_derived,0.08,0.6059627021136009,0.29607165570899957,0.11140877105123533,30
positive_derived,0.08,0.778436061673405,0.3003725395339672,0.1116378918592652,30
positive_derived,0.08,1.0,0.30009476018491643,0.11195615422338683,30
positive_derived,0.085,0.03,0.29388583180013494,0.11187192371229907,30
positive_derived,0.085,0.038538810670601456,0.293880833184367,0.11208001307495863,30
positive_derived,0.085,0.049507997596815526,0.29454598178558744,0.11276646622985251,30
positive_derived,0.085,0.06359931153547553,0.29457763520452573,0.11274169758251067,30
positive_derived,0.085,0.08170139420154304,0.2946559560065307,0.11282332965099515,30
positive_derived,0.085,0.10495581875524816,0.29473157609122524,0.1126871405496805,30
positive_derived,0.085,0.1348290809262157,0.29564531878128364,0.11342729123182378,30
positive_derived,0.085,0.17320508075688773,0.29261401366664525,0.11422579454142158,30
positive_derived,0.085,0.2225039271491978,0.2921770881371002,0.11376197387227718,30
positive_derived,0.085,0.2858345573956079,0.2960237816300524,0.1134602854098657,30
positive_derived,0.085,0.3671907963528168,0.29669597307522044,0.11359994124962251,30
positive_derived,0.085,0.47170321935428616,0.2957454446149038,0.11143608687542256,30
positive_derived,0.085,0.6059627021136009,0.2951443324232451,0.11038404927255513,30
positive_derived,0.085,0.778436061673405,0.3004298981482176,0.11138241871304502,30
positive_derived,0.085,1.0,0.3049891071210413,0.11117646780894631,30
positive_derived,0.09,0.03,0.29390019056099553,0.11230811070305412,30
positive_derived,0.09,0.038538810670601456,0.2938059220843741,0.11221451965404416,30
positive_derived,0.09,0.049507997596815526,0.2944542767016675,0.1128842605732188,30
positive_derived,0.09,0.06359931153547553,0.2945325975036725,0.11296590365686247,30
positive_derived,0.09,0.08170139420154304,0.2918091024452718,0.11404265785036176,30
positive_derived,0.09,0.10495581875524816,0.29278059944722234,0.11517102707344158,30
positive_derived,0.09,0.1348290809262157,0.29349590853470214,0.11573719877593165,30
positive_derived,0.09,0.17320508075688773,0.2929701734792079,0.11517733151733714,30
positive_derived,0.09,0.2225039271491978,0.2925546062429108,0.11447625950398765,30
positive_derived,0.09,0.2858345573956079,0.2965299344375431,0.11420943146066126,30
positive_derived,0.09,0.3671907963528168,0.2993981364475614,0.1116616610488369,30
positive_derived,0.09,0.47170321935428616,0.2998077617563818,0.11073305507346365,30
positive_derived,0.09,0.6059627021136009,0.2987512713418701,0.11013780178121588,30
positive_derived,0.09,0.778436061673405,0.29962121182272994,0.11083060585194972,30
positive_derived,0.09,1.0,0.30496778741732433,0.11081728033023312,30
positive_derived,0.095,0.03,0.29078507260494957,0.11334002445720151,30
positive_derived,0.095,0.038538810670601456,0.2935956849014896,0.11245588384053315,30
positive_derived,0.095,0.049507997596815526,0.29441307149640483,0.1131037978222013,30
positive_derived,0.095,0.06359931153547553,0.29441307149640483,0.1131037978222013,30
positive_derived,0.095,0.08170139420154304,0.2947564780898114,0.11346367794208156,30
positive_derived,0.095,0.10495581875524816,0.2948459493860437,0.11364306581458103,30
positive_derived,0.095,0.1348290809262157,0.2952832989376796,0.11391591436040838,30
positive_derived,0.095,0.17320508075688773,0.29481166987704316,0.11344163903647111,30
positive_derived,0.095,0.2225039271491978,0.29993808953870293,0.11346718911700486,30
positive_derived,0.095,0.2858345573956079,0.29936583639706676,0.11231191576762413,30
positive_derived,0.095,0.3671907963528168,0.2992885327881988,0.11139071193891661,30
positive_derived,0.095,0.47170321935428616,0.2993945106786544,0.10986851784096426,30
positive_derived,0.095,0.6059627021136009,0.298370119600035,0.10959793909619102,30
positive_derived,0.095,0.778436061673405,0.3043827752163085,0.11015993056973744,30
positive_derived,0.095,1.0,0.30485697181448745,0.11102888498209713,30
positive_derived,0.1,0.03,0.2916152751482269,0.11427179727943551,30
positive_derived,0.1,0.038538810670601456,0.29409800201502817,0.11296125320692477,30
positive_derived,0.1,0.049507997596815526,0.2940523211356545,0.11272901141268604,30
positive_derived,0.1,0.06359931153547553,0.2941334899668233,0.11281304459633862,30
positive_derived,0.1,0.08170139420154304,0.2941334625379935,0.11277247779319557,30
positive_derived,0.1,0.10495581875524816,0.2940734340331115,0.11271737875876402,30
positive_derived,0.1,0.1348290809262157,0.29439073587832665,0.11289735411383954,30
positive_derived,0.1,0.17320508075688773,0.29435323128351926,0.11284517629545227,30
positive_derived,0.1,0.2225039271491978,0.29881739673595387,0.11254162010346,30
positive_derived,0.1,0.2858345573956079,0.29843112999802296,0.11156423314695842,30
positive_derived,0.1,0.3671907963528168,0.2992465437758338,0.1109898014403011,30
positive_derived,0.1,0.47170321935428616,0.304872977119193,0.11000442802786345,30
positive_derived,0.1,0.6059627021136009,0.3039491022344204,0.10987149905952474,30
positive_derived,0.1,0.778436061673405,0.3036329652034178,0.10927079531448691,30
positive_derived,0.1,1.0,0.30424422671644824,0.1103501983182985,30
