feature,impurity_importance
사출_전환압력_상대편차,0.12856457310239544
Clamp_Close_Time,0.11583954150221726
Max_Injection_Speed,0.08097193410335163
Filling_Time,0.07976559123464666
Hopper_Temperature,0.07220534226118908
Barrel_Temperature_6,0.06580241729070606
Mold_Temperature_3,0.05971383439357414
Max_Injection_Pressure,0.05352390292082427
Plasticizing_Position,0.03672292553242234
Barrel_Temperature_1,0.03656479097471655
Injection_Time,0.03415119418325344
Barrel_Temperature_5,0.033415951763008496
Plasticizing_Time,0.033240992024187836
Max_Back_Pressure,0.031301335435449607
Barrel_Temperature_3,0.028654450732060147
Mold_Temperature_4,0.028224754216736828
Cycle_Time,0.01849016972665914
Barrel_Temperature_2,0.01637333393441377
Max_Switch_Over_Pressure,0.013805451623374848
Barrel_Temperature_4,0.011541907244553925
Average_Back_Pressure,0.00995735104070778
Max_Screw_RPM,0.009616020003004459
Cushion_Position,0.0015522347565463982
Average_Screw_RPM,0.0
