scenario,candidate_id,threshold,tp,fp,fn,tn,f1,fold_f1_std,mean_fold_f1,max_features_used,fold_0_tp,fold_0_fp,fold_0_fn,fold_0_tn,fold_0_f1,fold_1_tp,fold_1_fp,fold_1_fn,fold_1_tn,fold_1_f1,fold_2_tp,fold_2_fp,fold_2_fn,fold_2_tn,fold_2_f1,fold_3_tp,fold_3_fp,fold_3_fn,fold_3_tn,fold_3_f1
pressure,237,0.222,4,0,7,473,0.5333333333333333,0.0833333333333333,0.5416666666666666,24,1,0,1,119,0.6666666666666666,1,0,2,118,0.5,1,0,2,118,0.5,1,0,2,118,0.5
pressure,237,0.223,4,0,7,473,0.5333333333333333,0.0833333333333333,0.5416666666666666,24,1,0,1,119,0.6666666666666666,1,0,2,118,0.5,1,0,2,118,0.5,1,0,2,118,0.5
pressure,237,0.224,4,0,7,473,0.5333333333333333,0.0833333333333333,0.5416666666666666,24,1,0,1,119,0.6666666666666666,1,0,2,118,0.5,1,0,2,118,0.5,1,0,2,118,0.5
pressure,237,0.225,4,0,7,473,0.5333333333333333,0.0833333333333333,0.5416666666666666,24,1,0,1,119,0.6666666666666666,1,0,2,118,0.5,1,0,2,118,0.5,1,0,2,118,0.5
pressure,237,0.226,4,0,7,473,0.5333333333333333,0.0833333333333333,0.5416666666666666,24,1,0,1,119,0.6666666666666666,1,0,2,118,0.5,1,0,2,118,0.5,1,0,2,118,0.5
pressure,237,0.227,4,0,7,473,0.5333333333333333,0.0833333333333333,0.5416666666666666,24,1,0,1,119,0.6666666666666666,1,0,2,118,0.5,1,0,2,118,0.5,1,0,2,118,0.5
pressure,237,0.228,4,0,7,473,0.5333333333333333,0.0833333333333333,0.5416666666666666,24,1,0,1,119,0.6666666666666666,1,0,2,118,0.5,1,0,2,118,0.5,1,0,2,118,0.5
pressure,237,0.229,4,0,7,473,0.5333333333333333,0.0833333333333333,0.5416666666666666,24,1,0,1,119,0.6666666666666666,1,0,2,118,0.5,1,0,2,118,0.5,1,0,2,118,0.5
raw_no_scaler,21,0.186,4,1,7,472,0.5,0.1105541596785133,0.5166666666666666,23,1,0,1,119,0.6666666666666666,1,0,2,118,0.5,1,0,2,118,0.5,1,1,2,117,0.4
raw_no_scaler,21,0.187,4,1,7,472,0.5,0.1105541596785133,0.5166666666666666,23,1,0,1,119,0.6666666666666666,1,0,2,118,0.5,1,0,2,118,0.5,1,1,2,117,0.4
raw_no_scaler,21,0.188,4,1,7,472,0.5,0.1105541596785133,0.5166666666666666,23,1,0,1,119,0.6666666666666666,1,0,2,118,0.5,1,0,2,118,0.5,1,1,2,117,0.4
raw_no_scaler,21,0.189,4,1,7,472,0.5,0.1105541596785133,0.5166666666666666,23,1,0,1,119,0.6666666666666666,1,0,2,118,0.5,1,0,2,118,0.5,1,1,2,117,0.4
raw_no_scaler,21,0.19,4,1,7,472,0.5,0.1105541596785133,0.5166666666666666,23,1,0,1,119,0.6666666666666666,1,0,2,118,0.5,1,0,2,118,0.5,1,1,2,117,0.4
raw_no_scaler,21,0.191,4,1,7,472,0.5,0.1105541596785133,0.5166666666666666,23,1,0,1,119,0.6666666666666666,1,0,2,118,0.5,1,0,2,118,0.5,1,1,2,117,0.4
raw_no_scaler,21,0.192,4,1,7,472,0.5,0.1105541596785133,0.5166666666666666,23,1,0,1,119,0.6666666666666666,1,0,2,118,0.5,1,0,2,118,0.5,1,1,2,117,0.4
raw_no_scaler,21,0.193,4,1,7,472,0.5,0.1105541596785133,0.5166666666666666,23,1,0,1,119,0.6666666666666666,1,0,2,118,0.5,1,0,2,118,0.5,1,1,2,117,0.4
raw_no_scaler,21,0.194,4,1,7,472,0.5,0.1105541596785133,0.5166666666666666,23,1,0,1,119,0.6666666666666666,1,0,2,118,0.5,1,0,2,118,0.5,1,1,2,117,0.4
raw_no_scaler,54,0.178,4,1,7,472,0.5,0.1105541596785133,0.5166666666666666,23,1,0,1,119,0.6666666666666666,1,0,2,118,0.5,1,0,2,118,0.5,1,1,2,117,0.4
pressure,237,0.194,4,1,7,472,0.5,0.1105541596785133,0.5166666666666666,24,1,0,1,119,0.6666666666666666,1,0,2,118,0.5,1,0,2,118,0.5,1,1,2,117,0.4
pressure,237,0.195,4,1,7,472,0.5,0.1105541596785133,0.5166666666666666,24,1,0,1,119,0.6666666666666666,1,0,2,118,0.5,1,0,2,118,0.5,1,1,2,117,0.4
