target,retained,reason,oof_r2,oof_mae,residual_scale,predictor_count,normal_reference_rows
Injection_Time,False,weak_normal_relationship,-0.048290656245972396,0.0927791814009109,0.13435360837481197,91.0,337.0
Filling_Time,True,retained,0.7349144154905997,0.2889406361575642,0.9807900190901452,91.0,337.0
Plasticizing_Time,True,retained,0.5436886869764247,0.49041017353835564,0.9824834488484069,91.0,337.0
Cycle_Time,False,weak_normal_relationship,0.1777187415516286,0.2196344690431426,0.5222068108176711,91.0,337.0
Clamp_Close_Time,True,retained,0.9183924298885885,0.04074851240394088,0.06655631110114801,91.0,337.0
Cushion_Position,True,retained,0.6850504107634917,0.32990975585454113,0.7050652498840677,91.0,337.0
Plasticizing_Position,True,retained,0.6818867445950454,0.4117253030478876,0.9030797607613776,91.0,337.0
Clamp_Open_Position,False,constant_reference_target,,,,,
Max_Injection_Speed,True,retained,0.7699645698835441,0.2504506813879744,0.5601352094597362,91.0,337.0
Max_Screw_RPM,False,weak_normal_relationship,0.14694703422471633,0.6929922482354547,1.5423179367306075,91.0,337.0
Average_Screw_RPM,True,retained,0.3124106117163953,0.6294904814737362,1.4212352574620346,91.0,337.0
Max_Injection_Pressure,True,retained,0.7255834801831222,0.3620656175305125,0.6921233839345573,91.0,337.0
Max_Switch_Over_Pressure,False,weak_normal_relationship,0.09644353422426832,0.3177632873149248,0.5169623043613859,91.0,337.0
Max_Back_Pressure,True,retained,0.8941225873744748,0.20533116343720745,0.45519043939949255,91.0,337.0
Average_Back_Pressure,True,retained,0.8452160180073788,0.24059833487006116,0.5573106934263518,91.0,337.0
Barrel_Temperature_1,True,retained,0.22511022200521613,0.6850240923479659,1.461879200949304,91.0,337.0
Barrel_Temperature_2,False,weak_normal_relationship,0.0187695879344415,0.8929159385472739,1.657013016788097,91.0,337.0
Barrel_Temperature_3,True,retained,0.2747756576363556,0.7064593614785242,1.464384668037439,91.0,337.0
Barrel_Temperature_4,True,retained,0.7699087827182373,0.35868232834560965,0.7734433659635974,91.0,337.0
Barrel_Temperature_5,False,weak_normal_relationship,0.12820530879444092,0.6907451240088497,1.6358562207081417,91.0,337.0
Barrel_Temperature_6,True,retained,0.232980925688261,0.6477865852349906,1.4214340686318674,91.0,337.0
Hopper_Temperature,True,retained,0.5831227909186191,0.343217229507068,0.8470660839323897,91.0,337.0
Mold_Temperature_3,True,retained,0.9804496251120246,0.06418784076505087,0.14233905661930085,91.0,337.0
Mold_Temperature_4,True,retained,0.9828881847011388,0.048666068696809055,0.09749368213228188,91.0,337.0
