feature,mean,std,positive_folds,derived
Max_Injection_Speed,0.051723878157676983,0.08658358023731794,3,False
속도_사출압력_상호작용,0.046052184193780335,0.07613308831205676,4,True
속도_충전시간_상호작용,0.045396636324336395,0.08751824857991321,2,True
속도_쿠션_상호작용,0.03897147160123171,0.08559119591976992,2,True
사출_전환압력_상대편차,0.035392906637972725,0.07016121917078674,3,True
Plasticizing_Time,0.010349760308587544,0.009928303283834452,4,False
Filling_Time,0.010129388246012812,0.010215677366824947,4,False
Injection_Time,0.0099229915961503,0.009759992562813506,4,False
배압_상대편차,0.009646058671581434,0.01026562047444153,4,True
Max_Switch_Over_Pressure,0.007278376949376211,0.011918385761775193,2,False
Cushion_Position,0.006648997122307033,0.009761510563505913,3,False
Barrel_Temperature_1,0.006348548563851852,0.01404586891459147,3,False
Max_Injection_Pressure,0.006246961911978794,0.012494895655453446,2,False
Barrel_Temperature_2,0.005531072096688343,0.012351653342962416,2,False
Average_Screw_RPM,0.004995417329582327,0.014217837905191965,2,False
배럴_상대수준평균,0.004985384198771809,0.015583280387053868,1,True
스크루RPM_상대편차,0.0048470423867358736,0.009762033687553205,2,True
Barrel_Temperature_3,0.0046908401000381,0.011508912271750061,2,False
Max_Screw_RPM,0.0023545093786151074,0.002243086498009925,3,False
Clamp_Close_Time,0.0018792882447265583,0.004203690123253784,2,False
Plasticizing_Position,0.0015923011847008605,0.0008224558419942919,4,False
Barrel_Temperature_5,0.0006447578008655938,0.004690454921757373,2,False
사출_충전_상대편차,-0.00011535297722394146,0.001098066256566034,2,True
Barrel_Temperature_6,-0.0002219086111548078,0.005174408944591465,2,False
금형_상대수준평균,-0.0004034145014731066,0.0015013572451195052,2,True
Barrel_Temperature_4,-0.000519486362720508,0.001708468346278908,2,False
Mold_Temperature_4,-0.000872597528807239,0.002912724840846355,2,False
배럴_상대편차범위,-0.002610425889103198,0.0034475502928192027,1,True
Mold_Temperature_3,-0.002677363707618113,0.002504532416934374,0,False
계량시간_평균배압_상호작용,-0.0032866222199856967,0.007679657619594726,2,True
배럴_상대편차표준편차,-0.0037278871283324415,0.002682602944225878,0,True
Hopper_Temperature,-0.004129158340256586,0.009121834233300204,1,False
Max_Back_Pressure,-0.004534169126221527,0.006102938046353605,1,False
Average_Back_Pressure,-0.004572031204071202,0.014730706707063166,1,False
금형온도_상대편차,-0.0059018362506800225,0.00861951905706463,1,True
Cycle_Time,-0.008788820821191963,0.00869671086380861,1,False
