fold,backend,target,retained,reason,oof_r2,oof_mae,residual_scale,predictor_count,normal_reference_rows
train_fold_0,ridge,Injection_Time,True,retained,0.9475156802428483,0.15494826383258686,0.2884941009266679,22.0,177.0
train_fold_0,ridge,Filling_Time,True,retained,0.9483993718357641,0.16745933745584768,0.335357385255733,22.0,177.0
train_fold_0,ridge,Plasticizing_Time,True,retained,0.420807609420635,0.2534227246464891,0.4914732643653961,22.0,177.0
train_fold_0,ridge,Cycle_Time,True,retained,0.49873314280243697,0.4063916707704475,0.8290653475082075,22.0,177.0
train_fold_0,ridge,Clamp_Close_Time,True,retained,0.5744580055284805,0.46509982787878124,0.958597835846577,22.0,177.0
train_fold_0,ridge,Cushion_Position,True,retained,0.5927318546963223,0.376680950373487,0.7649091784889314,22.0,177.0
train_fold_0,ridge,Plasticizing_Position,True,retained,0.9436707213268504,0.13245024350965307,0.2639045505376974,22.0,177.0
train_fold_0,ridge,Clamp_Open_Position,False,constant_reference_target,,,,,
train_fold_0,ridge,Max_Injection_Speed,True,retained,0.9687550767034888,0.10096472257563922,0.19778237338303772,22.0,177.0
train_fold_0,ridge,Max_Screw_RPM,False,weak_normal_relationship,0.03902063771008668,0.8033848894172086,1.5879734595338904,22.0,177.0
train_fold_0,ridge,Average_Screw_RPM,True,retained,0.7049530853221753,0.4200416514416316,0.7668635662347766,22.0,177.0
train_fold_0,ridge,Max_Injection_Pressure,True,retained,0.5490559587455266,0.44017366754906,0.9090704621127305,22.0,177.0
train_fold_0,ridge,Max_Switch_Over_Pressure,True,retained,0.7018535493536011,0.41137847653787546,0.8536813965206956,22.0,177.0
train_fold_0,ridge,Max_Back_Pressure,True,retained,0.9679318653761656,0.13083482554149364,0.2557116912754594,22.0,177.0
train_fold_0,ridge,Average_Back_Pressure,True,retained,0.9219098644094919,0.18057572625080784,0.3658075598695445,22.0,177.0
train_fold_0,ridge,Barrel_Temperature_1,False,weak_normal_relationship,0.009613729299858598,0.707023109638901,1.3360770298046862,22.0,177.0
train_fold_0,ridge,Barrel_Temperature_2,False,weak_normal_relationship,-0.03931119186403875,0.8055723071117666,1.6181903351003946,22.0,177.0
train_fold_0,ridge,Barrel_Temperature_3,False,weak_normal_relationship,-0.061295282449535415,0.6624537512764955,1.5486323380494889,22.0,177.0
train_fold_0,ridge,Barrel_Temperature_4,True,retained,0.23754689974365784,0.6587209076786877,1.3165281425184088,22.0,177.0
train_fold_0,ridge,Barrel_Temperature_5,False,weak_normal_relationship,-0.14590897414755855,0.8639242144287278,1.7056800934978174,22.0,177.0
train_fold_0,ridge,Barrel_Temperature_6,False,weak_normal_relationship,-0.018297754499966512,0.7785090492551364,1.57977167704444,22.0,177.0
train_fold_0,ridge,Hopper_Temperature,True,retained,0.3278553291222077,0.47805639179440174,1.0144444785155018,22.0,177.0
train_fold_0,ridge,Mold_Temperature_3,True,retained,0.949608575000494,0.1437566759356722,0.29630803598512756,22.0,177.0
train_fold_0,ridge,Mold_Temperature_4,True,retained,0.9871222051532818,0.07676413409606092,0.18094910439182474,22.0,177.0
train_fold_0,extra,Injection_Time,True,retained,0.8608594702747355,0.17964285426521856,0.3199641639497591,22.0,177.0
train_fold_0,extra,Filling_Time,True,retained,0.8506120837661022,0.21425417138024955,0.3569792593251419,22.0,177.0
train_fold_0,extra,Plasticizing_Time,False,weak_normal_relationship,0.19892722528292928,0.18301116246361263,0.26979494923562153,22.0,177.0
train_fold_0,extra,Cycle_Time,True,retained,0.6116050829517614,0.3659504978470268,0.7917671145966343,22.0,177.0
train_fold_0,extra,Clamp_Close_Time,True,retained,0.5554708882113965,0.39646354582579585,1.047492412328088,22.0,177.0
train_fold_0,extra,Cushion_Position,True,retained,0.6885679429051151,0.2577855752523314,0.4670153587914537,22.0,177.0
train_fold_0,extra,Plasticizing_Position,True,retained,0.986851691263294,0.06786387363819034,0.13071603776258972,22.0,177.0
train_fold_0,extra,Clamp_Open_Position,False,constant_reference_target,,,,,
train_fold_0,extra,Max_Injection_Speed,True,retained,0.6965355020157544,0.1581150258346277,0.2684218250094334,22.0,177.0
train_fold_0,extra,Max_Screw_RPM,False,weak_normal_relationship,0.07610579870007961,0.7916111388871189,1.4953108860364732,22.0,177.0
train_fold_0,extra,Average_Screw_RPM,False,weak_normal_relationship,0.10977305423490924,0.4557019106707391,0.8706285860110107,22.0,177.0
train_fold_0,extra,Max_Injection_Pressure,True,retained,0.49747507285433523,0.4616884176151118,0.8365604141155677,22.0,177.0
train_fold_0,extra,Max_Switch_Over_Pressure,True,retained,0.5161529298568124,0.5145788450395562,0.9855928242955038,22.0,177.0
train_fold_0,extra,Max_Back_Pressure,True,retained,0.9470179814487295,0.16647050473873742,0.35690653899148633,22.0,177.0
train_fold_0,extra,Average_Back_Pressure,True,retained,0.8753335704205366,0.19669386337635428,0.37886201972912237,22.0,177.0
train_fold_0,extra,Barrel_Temperature_1,False,weak_normal_relationship,0.010853861947859311,0.7010098984270351,1.4664993923139262,22.0,177.0
train_fold_0,extra,Barrel_Temperature_2,False,weak_normal_relationship,-0.013491154921242643,0.7834359094096448,1.6565793871492136,22.0,177.0
train_fold_0,extra,Barrel_Temperature_3,False,weak_normal_relationship,0.04649818390080329,0.6231931603756468,1.596223586452551,22.0,177.0
train_fold_0,extra,Barrel_Temperature_4,True,retained,0.32793176351875153,0.6974249072379338,1.3616114106328883,22.0,177.0
train_fold_0,extra,Barrel_Temperature_5,False,weak_normal_relationship,-0.04092166892079874,0.807111676234842,1.7621718417153585,22.0,177.0
train_fold_0,extra,Barrel_Temperature_6,False,weak_normal_relationship,-0.010603646085613594,0.7625445463869868,1.4589295119655847,22.0,177.0
train_fold_0,extra,Hopper_Temperature,True,retained,0.7447550861572201,0.36024712491204625,0.8494679780047306,22.0,177.0
train_fold_0,extra,Mold_Temperature_3,True,retained,0.9622028532156012,0.10392363586920546,0.2086423946429036,22.0,177.0
train_fold_0,extra,Mold_Temperature_4,True,retained,0.9854258232389511,0.07313017919082308,0.139375499945317,22.0,177.0
train_fold_1,ridge,Injection_Time,True,retained,0.959261596544564,0.1786784550889769,0.37210648090044596,22.0,177.0
train_fold_1,ridge,Filling_Time,True,retained,0.9679265835794598,0.1645902730789589,0.3254989861566822,22.0,177.0
train_fold_1,ridge,Plasticizing_Time,True,retained,0.8493720070116728,0.3789742118530673,0.6784596011327767,22.0,177.0
train_fold_1,ridge,Cycle_Time,True,retained,0.5450373929055039,0.4244745393292756,0.846743436686597,22.0,177.0
train_fold_1,ridge,Clamp_Close_Time,True,retained,0.4698814983609386,0.5192231404354328,1.0489550544798982,22.0,177.0
train_fold_1,ridge,Cushion_Position,True,retained,0.6853210426223777,0.43814131520102323,1.019239825122988,22.0,177.0
train_fold_1,ridge,Plasticizing_Position,True,retained,0.9620472766864337,0.15491274110652,0.2986763880065118,22.0,177.0
train_fold_1,ridge,Clamp_Open_Position,False,constant_reference_target,,,,,
train_fold_1,ridge,Max_Injection_Speed,True,retained,0.9788188122571418,0.10663480969502359,0.20582893670993369,22.0,177.0
train_fold_1,ridge,Max_Screw_RPM,False,weak_normal_relationship,0.01660756886329584,0.8263750293472665,1.679768376900654,22.0,177.0
train_fold_1,ridge,Average_Screw_RPM,True,retained,0.8724533148769839,0.4415438993361956,0.7979459082728603,22.0,177.0
train_fold_1,ridge,Max_Injection_Pressure,True,retained,0.7937988434803385,0.44523958308092904,0.994892111275923,22.0,177.0
train_fold_1,ridge,Max_Switch_Over_Pressure,True,retained,0.82548904403223,0.4188801731594049,0.8253314955191084,22.0,177.0
train_fold_1,ridge,Max_Back_Pressure,True,retained,0.9637721910002077,0.137320063234975,0.29455783358450144,22.0,177.0
train_fold_1,ridge,Average_Back_Pressure,True,retained,0.9592096205054109,0.17317358050231435,0.3631764904596687,22.0,177.0
train_fold_1,ridge,Barrel_Temperature_1,False,weak_normal_relationship,-0.165355992810573,0.8006400973092228,1.6991667896611757,22.0,177.0
train_fold_1,ridge,Barrel_Temperature_2,False,weak_normal_relationship,-0.19438357810304896,0.8793433525883052,1.8204531392048544,22.0,177.0
train_fold_1,ridge,Barrel_Temperature_3,False,weak_normal_relationship,-0.08354144956320719,0.8158066573716646,1.680616254937142,22.0,177.0
train_fold_1,ridge,Barrel_Temperature_4,True,retained,0.3949249750911811,0.6315031784314249,1.333333116383977,22.0,177.0
train_fold_1,ridge,Barrel_Temperature_5,False,weak_normal_relationship,-0.13250985725475584,0.8221249942464417,1.869547326495911,22.0,177.0
train_fold_1,ridge,Barrel_Temperature_6,False,weak_normal_relationship,-0.20726869732690112,0.8364642330636928,1.6434734126469464,22.0,177.0
train_fold_1,ridge,Hopper_Temperature,True,retained,0.6541224992785947,0.4808784151271848,1.0011195236400683,22.0,177.0
train_fold_1,ridge,Mold_Temperature_3,True,retained,0.9548087073609177,0.16023885653402845,0.3399300989000061,22.0,177.0
train_fold_1,ridge,Mold_Temperature_4,True,retained,0.9876389552569482,0.08337652884736979,0.18139157063804007,22.0,177.0
train_fold_1,extra,Injection_Time,True,retained,0.7273729211679809,0.23337342922095902,0.3502385438330672,22.0,177.0
train_fold_1,extra,Filling_Time,True,retained,0.7182434000915668,0.24055019163111832,0.3876323935735367,22.0,177.0
train_fold_1,extra,Plasticizing_Time,False,weak_normal_relationship,0.14033372947939038,0.3562777980056815,0.5048954921321548,22.0,177.0
train_fold_1,extra,Cycle_Time,True,retained,0.5366438248983054,0.3926736120942332,0.801939215151646,22.0,177.0
train_fold_1,extra,Clamp_Close_Time,True,retained,0.5838569632505806,0.39170725144936364,0.9383451829027963,22.0,177.0
train_fold_1,extra,Cushion_Position,True,retained,0.42002437442658813,0.4317609045847641,1.2768602024675504,22.0,177.0
train_fold_1,extra,Plasticizing_Position,True,retained,0.9575232950694024,0.07567881011700724,0.1392815397356963,22.0,177.0
train_fold_1,extra,Clamp_Open_Position,False,constant_reference_target,,,,,
train_fold_1,extra,Max_Injection_Speed,True,retained,0.508766513283041,0.203038932981599,0.27281814780739044,22.0,177.0
train_fold_1,extra,Max_Screw_RPM,False,weak_normal_relationship,-0.007544127621677221,0.8491446080346883,1.6498134124919974,22.0,177.0
train_fold_1,extra,Average_Screw_RPM,False,weak_normal_relationship,0.17441389577658573,0.5592694396316868,0.9854025797864546,22.0,177.0
train_fold_1,extra,Max_Injection_Pressure,True,retained,0.3832807915891341,0.5561033277876463,1.0102356803567825,22.0,177.0
train_fold_1,extra,Max_Switch_Over_Pressure,True,retained,0.40254916664357554,0.5615692362308417,0.9889246928004237,22.0,177.0
train_fold_1,extra,Max_Back_Pressure,True,retained,0.935596498932007,0.17364256153174445,0.36590861682942033,22.0,177.0
train_fold_1,extra,Average_Back_Pressure,True,retained,0.7176937262977329,0.24417566074609695,0.41319573895344947,22.0,177.0
train_fold_1,extra,Barrel_Temperature_1,False,weak_normal_relationship,-0.10816682009065737,0.7899904494258664,1.7306448586896224,22.0,177.0
train_fold_1,extra,Barrel_Temperature_2,False,weak_normal_relationship,-0.03157170466310988,0.8076127768266124,1.6381302948822438,22.0,177.0
train_fold_1,extra,Barrel_Temperature_3,False,weak_normal_relationship,0.006223215564094331,0.7820735827339049,1.647262237960808,22.0,177.0
train_fold_1,extra,Barrel_Temperature_4,True,retained,0.2579843469299593,0.7225813661969415,1.3356943980543687,22.0,177.0
train_fold_1,extra,Barrel_Temperature_5,False,weak_normal_relationship,-0.021450184335638056,0.7619617439849922,1.690553317632556,22.0,177.0
train_fold_1,extra,Barrel_Temperature_6,False,weak_normal_relationship,-0.13466123422069076,0.8159135612610948,1.589434718961256,22.0,177.0
train_fold_1,extra,Hopper_Temperature,True,retained,0.7084444077646888,0.4281669804814526,0.9340635582207313,22.0,177.0
train_fold_1,extra,Mold_Temperature_3,True,retained,0.9779466512423435,0.10186927490443283,0.2349508937692144,22.0,177.0
train_fold_1,extra,Mold_Temperature_4,True,retained,0.9875556046884495,0.07619410043637183,0.16718597773042815,22.0,177.0
train_fold_2,ridge,Injection_Time,True,retained,0.9630718458322082,0.17006911418901818,0.3289570287416799,22.0,177.0
train_fold_2,ridge,Filling_Time,True,retained,0.9701743854289888,0.1577062087023956,0.34042679305542783,22.0,177.0
train_fold_2,ridge,Plasticizing_Time,True,retained,0.8650180574319374,0.3196058480784314,0.5910202471408688,22.0,177.0
train_fold_2,ridge,Cycle_Time,True,retained,0.5254280702540572,0.4516412783387527,0.8694299239631785,22.0,177.0
train_fold_2,ridge,Clamp_Close_Time,True,retained,0.5311477491959866,0.481482525321611,1.0040769546721342,22.0,177.0
train_fold_2,ridge,Cushion_Position,True,retained,0.7571611526387481,0.3826634039668185,0.6944429955821969,22.0,177.0
train_fold_2,ridge,Plasticizing_Position,True,retained,0.9676083263686746,0.14154273887308863,0.2776243939890353,22.0,177.0
train_fold_2,ridge,Clamp_Open_Position,False,constant_reference_target,,,,,
train_fold_2,ridge,Max_Injection_Speed,True,retained,0.979358686612567,0.10713660888975056,0.20230699822151746,22.0,177.0
train_fold_2,ridge,Max_Screw_RPM,False,weak_normal_relationship,0.13781096580622165,0.7434724596569043,1.5750119683675814,22.0,177.0
train_fold_2,ridge,Average_Screw_RPM,True,retained,0.8779675508423216,0.41442007920498747,0.8158424797805224,22.0,177.0
train_fold_2,ridge,Max_Injection_Pressure,True,retained,0.7802339991239005,0.4693743080977899,0.9528223608734406,22.0,177.0
train_fold_2,ridge,Max_Switch_Over_Pressure,True,retained,0.8554576273933314,0.3951810235762586,0.7994111835622099,22.0,177.0
train_fold_2,ridge,Max_Back_Pressure,True,retained,0.9605733590595655,0.14390061801394072,0.3005850570332451,22.0,177.0
train_fold_2,ridge,Average_Back_Pressure,True,retained,0.9602469540724791,0.16989136297523655,0.3380589973142999,22.0,177.0
train_fold_2,ridge,Barrel_Temperature_1,False,weak_normal_relationship,-0.10276148565985821,0.8370690173672498,1.8387106512183695,22.0,177.0
train_fold_2,ridge,Barrel_Temperature_2,False,weak_normal_relationship,-0.21983751860034895,0.8363918910945278,1.8036016942114674,22.0,177.0
train_fold_2,ridge,Barrel_Temperature_3,False,weak_normal_relationship,-0.19334045704459846,0.7377730812356511,1.8111409683498794,22.0,177.0
train_fold_2,ridge,Barrel_Temperature_4,True,retained,0.35495702301216436,0.6625815712992819,1.3091569812679724,22.0,177.0
train_fold_2,ridge,Barrel_Temperature_5,False,weak_normal_relationship,-0.17285050593064444,0.6912494308263939,1.3782755904956916,22.0,177.0
train_fold_2,ridge,Barrel_Temperature_6,False,weak_normal_relationship,-0.11737467820757552,0.8320887105107362,1.7814732832657156,22.0,177.0
train_fold_2,ridge,Hopper_Temperature,True,retained,0.6632230023821526,0.44868103825454253,0.9740717661064294,22.0,177.0
train_fold_2,ridge,Mold_Temperature_3,True,retained,0.9667148444341094,0.13744185768793338,0.2876256474323179,22.0,177.0
train_fold_2,ridge,Mold_Temperature_4,True,retained,0.9895122799018214,0.07682862213248456,0.16496743299490904,22.0,177.0
train_fold_2,extra,Injection_Time,True,retained,0.7338842333329652,0.2254728748134572,0.3193326383984548,22.0,177.0
train_fold_2,extra,Filling_Time,True,retained,0.7163907821394109,0.2386702052043675,0.38896783718880856,22.0,177.0
train_fold_2,extra,Plasticizing_Time,False,weak_normal_relationship,0.12374552154517227,0.3613311332535099,0.4964072139092745,22.0,177.0
train_fold_2,extra,Cycle_Time,True,retained,0.5216399664175315,0.410600479300748,0.8518637599319748,22.0,177.0
train_fold_2,extra,Clamp_Close_Time,True,retained,0.5677501359271542,0.390965434423419,1.0588328974868384,22.0,177.0
train_fold_2,extra,Cushion_Position,True,retained,0.512432934629298,0.33227751630163727,0.6729837008906514,22.0,177.0
train_fold_2,extra,Plasticizing_Position,True,retained,0.9572145998212758,0.07922585984929079,0.14714912906829614,22.0,177.0
train_fold_2,extra,Clamp_Open_Position,False,constant_reference_target,,,,,
train_fold_2,extra,Max_Injection_Speed,True,retained,0.5012978023706935,0.21338456300737446,0.30565846988448064,22.0,177.0
train_fold_2,extra,Max_Screw_RPM,False,weak_normal_relationship,-0.029610220386514063,0.8025779661667384,1.55820882662624,22.0,177.0
train_fold_2,extra,Average_Screw_RPM,False,weak_normal_relationship,0.1647665572353385,0.5065115272518705,1.0152074925553798,22.0,177.0
train_fold_2,extra,Max_Injection_Pressure,True,retained,0.3843479232610857,0.5374668994566493,0.925157692935793,22.0,177.0
train_fold_2,extra,Max_Switch_Over_Pressure,True,retained,0.47316999695440565,0.5200168404353892,0.9536316499679443,22.0,177.0
train_fold_2,extra,Max_Back_Pressure,True,retained,0.9358573631151337,0.17187636414116597,0.38764446624899646,22.0,177.0
train_fold_2,extra,Average_Back_Pressure,True,retained,0.7074362790383677,0.25537058933299145,0.4574873043445962,22.0,177.0
train_fold_2,extra,Barrel_Temperature_1,False,weak_normal_relationship,-0.02392417032887395,0.8023591117108061,1.728813623694293,22.0,177.0
train_fold_2,extra,Barrel_Temperature_2,False,weak_normal_relationship,-0.1177373643705395,0.8259014772954285,1.638692012246633,22.0,177.0
train_fold_2,extra,Barrel_Temperature_3,False,weak_normal_relationship,-0.046241683026505775,0.6898523960446518,1.650134042452405,22.0,177.0
train_fold_2,extra,Barrel_Temperature_4,False,weak_normal_relationship,0.15223828981438248,0.7869516255194777,1.4205553503040993,22.0,177.0
train_fold_2,extra,Barrel_Temperature_5,False,weak_normal_relationship,-0.056525355844236014,0.6630376247269557,1.345060603870982,22.0,177.0
train_fold_2,extra,Barrel_Temperature_6,False,weak_normal_relationship,-0.09199129865512168,0.8262715715652168,1.76913636488568,22.0,177.0
train_fold_2,extra,Hopper_Temperature,True,retained,0.7630507794682554,0.3482759074876171,0.8487759898913702,22.0,177.0
train_fold_2,extra,Mold_Temperature_3,True,retained,0.9794416076452199,0.0990627307272994,0.251743415425108,22.0,177.0
train_fold_2,extra,Mold_Temperature_4,True,retained,0.9882717020202011,0.07402850152263044,0.185698899827466,22.0,177.0
train_fold_3,ridge,Injection_Time,True,retained,0.9359673522720591,0.17322954140300934,0.32863924152928864,22.0,177.0
train_fold_3,ridge,Filling_Time,True,retained,0.955801297791942,0.17040766022081186,0.32608503722254545,22.0,177.0
train_fold_3,ridge,Plasticizing_Time,True,retained,0.29466720177590666,0.3921074415566178,0.7717862247925666,22.0,177.0
train_fold_3,ridge,Cycle_Time,True,retained,0.3780724217223146,0.4282243106458046,0.8026787969802974,22.0,177.0
train_fold_3,ridge,Clamp_Close_Time,True,retained,0.5342687129717696,0.4646259823537967,0.9689214041696927,22.0,177.0
train_fold_3,ridge,Cushion_Position,True,retained,0.5708083815099861,0.4044613959655532,0.6535237109448797,22.0,177.0
train_fold_3,ridge,Plasticizing_Position,True,retained,0.8829892504365476,0.14851888392843193,0.24784179314009525,22.0,177.0
train_fold_3,ridge,Clamp_Open_Position,False,constant_reference_target,,,,,
train_fold_3,ridge,Max_Injection_Speed,True,retained,0.981102628790882,0.09892241815109977,0.19611495473537954,22.0,177.0
train_fold_3,ridge,Max_Screw_RPM,False,weak_normal_relationship,0.02231804435601248,0.8105799621410347,1.5388389146934525,22.0,177.0
train_fold_3,ridge,Average_Screw_RPM,True,retained,0.8272410562552214,0.436265889467665,0.9012977712356719,22.0,177.0
train_fold_3,ridge,Max_Injection_Pressure,True,retained,0.5864673050222846,0.4826646185132616,0.989112939561081,22.0,177.0
train_fold_3,ridge,Max_Switch_Over_Pressure,True,retained,0.7101199589756755,0.4201059056524512,0.7576439026352929,22.0,177.0
train_fold_3,ridge,Max_Back_Pressure,True,retained,0.9499443854997806,0.15758280001637698,0.3099567473984793,22.0,177.0
train_fold_3,ridge,Average_Back_Pressure,True,retained,0.9397840252040773,0.17079777171716015,0.3305319425929626,22.0,177.0
train_fold_3,ridge,Barrel_Temperature_1,False,weak_normal_relationship,0.0007412584578989634,0.8082039132634846,1.6873840727000806,22.0,177.0
train_fold_3,ridge,Barrel_Temperature_2,False,weak_normal_relationship,-0.2966996204482637,0.7658439988235434,1.6456626928645364,22.0,177.0
train_fold_3,ridge,Barrel_Temperature_3,False,weak_normal_relationship,-0.22408336146776575,0.7304906814506511,1.6562051916425253,22.0,177.0
train_fold_3,ridge,Barrel_Temperature_4,False,weak_normal_relationship,-0.24554583953371645,0.6814385234691254,1.2147197333631001,22.0,177.0
train_fold_3,ridge,Barrel_Temperature_5,False,weak_normal_relationship,-0.7935304275047621,0.8632575438656303,1.7199732101401368,22.0,177.0
train_fold_3,ridge,Barrel_Temperature_6,False,weak_normal_relationship,-0.32969750802093833,0.8119018823950099,1.6963852612167993,22.0,177.0
train_fold_3,ridge,Hopper_Temperature,False,weak_normal_relationship,-0.6010487187485469,0.5646599051282504,0.9917563796951362,22.0,177.0
train_fold_3,ridge,Mold_Temperature_3,True,retained,0.9375105674627471,0.14560541640425445,0.2949699815826667,22.0,177.0
train_fold_3,ridge,Mold_Temperature_4,True,retained,0.987561261768925,0.07836655414678592,0.16723070768170417,22.0,177.0
train_fold_3,extra,Injection_Time,True,retained,0.7497123866971815,0.21039743673908132,0.35162677436377354,22.0,177.0
train_fold_3,extra,Filling_Time,True,retained,0.7353475665798084,0.2200606376605196,0.3635524309982482,22.0,177.0
train_fold_3,extra,Plasticizing_Time,False,weak_normal_relationship,0.05574815972974678,0.2943584688524644,0.48088839299808117,22.0,177.0
train_fold_3,extra,Cycle_Time,True,retained,0.4503679379775013,0.40176268758977657,0.8934227158928908,22.0,177.0
train_fold_3,extra,Clamp_Close_Time,True,retained,0.5442908576272982,0.3666869191777257,0.9827984032870155,22.0,177.0
train_fold_3,extra,Cushion_Position,True,retained,0.5823439592536244,0.25600906019425923,0.41660224509381577,22.0,177.0
train_fold_3,extra,Plasticizing_Position,True,retained,0.9579095075350327,0.07327443412440002,0.14408190904411664,22.0,177.0
train_fold_3,extra,Clamp_Open_Position,False,constant_reference_target,,,,,
train_fold_3,extra,Max_Injection_Speed,True,retained,0.5168989733862348,0.1739410389102165,0.3055447275388119,22.0,177.0
train_fold_3,extra,Max_Screw_RPM,False,weak_normal_relationship,0.09494160505873495,0.7783850070174023,1.51247985494872,22.0,177.0
train_fold_3,extra,Average_Screw_RPM,False,weak_normal_relationship,0.10615295750711118,0.5069047079920701,1.001237068313791,22.0,177.0
train_fold_3,extra,Max_Injection_Pressure,True,retained,0.36322893236976184,0.5341102304198249,0.9633247065181448,22.0,177.0
train_fold_3,extra,Max_Switch_Over_Pressure,True,retained,0.4697066626313694,0.47506884644013797,0.8533144884928334,22.0,177.0
train_fold_3,extra,Max_Back_Pressure,True,retained,0.9206503472374944,0.196112034989787,0.3978437208510991,22.0,177.0
train_fold_3,extra,Average_Back_Pressure,True,retained,0.729863688584651,0.2304122060488791,0.41072108805447466,22.0,177.0
train_fold_3,extra,Barrel_Temperature_1,False,weak_normal_relationship,0.016141458578325274,0.8227359761692652,1.650625015677699,22.0,177.0
train_fold_3,extra,Barrel_Temperature_2,False,weak_normal_relationship,-0.007584730035723686,0.6981599845819029,1.5024713029430075,22.0,177.0
train_fold_3,extra,Barrel_Temperature_3,False,weak_normal_relationship,0.012936173473151902,0.6973531639166501,1.60632338944943,22.0,177.0
train_fold_3,extra,Barrel_Temperature_4,True,retained,0.25427483284436714,0.7673416417878157,1.357571802559512,22.0,177.0
train_fold_3,extra,Barrel_Temperature_5,False,weak_normal_relationship,-0.09277072944508702,0.7648344908192815,1.5067784178168189,22.0,177.0
train_fold_3,extra,Barrel_Temperature_6,False,weak_normal_relationship,-0.025976424917808938,0.7642071922782705,1.6259625579589632,22.0,177.0
train_fold_3,extra,Hopper_Temperature,True,retained,0.7352709460555074,0.3882941725157121,0.8937016408429864,22.0,177.0
train_fold_3,extra,Mold_Temperature_3,True,retained,0.9713037470915123,0.10323499494225719,0.2233771080687539,22.0,177.0
train_fold_3,extra,Mold_Temperature_4,True,retained,0.9849357761764478,0.07573083000464695,0.1679711196366677,22.0,177.0
