candidate_id,nu,gamma_multiplier,mean_AP,std_AP,mean_ROC_AUC
88,0.015,0.003,0.3444424257105943,0.15046433782036586,0.8545672506290651
66,0.01,0.003,0.3366781659729366,0.1470850073062899,0.823529411764706
67,0.01,0.005,0.335002014747955,0.1451228924026913,0.8220991786545127
68,0.01,0.01,0.33228383458646615,0.1405072673319851,0.8301761382519109
70,0.01,0.03,0.33196330455259027,0.12304201052318425,0.8301583345202488
71,0.01,0.038538810670601456,0.3313883459754603,0.12144474192540403,0.8280396904524522
12,0.001,0.2225039271491978,0.3312477358239742,0.12464139568918411,0.7938683948155534
34,0.0025,0.2225039271491978,0.3312477358239742,0.12464139568918411,0.7938683948155534
56,0.005,0.2225039271491978,0.3312477358239742,0.12464139568918411,0.7938683948155534
11,0.001,0.17320508075688773,0.3298066323248549,0.12344912074318516,0.7878566680909652
33,0.0025,0.17320508075688773,0.3298066323248549,0.12344912074318516,0.7878566680909652
3,0.001,0.02,0.32967270383937053,0.15369075177871838,0.8150904429568437
25,0.0025,0.02,0.32967270383937053,0.15369075177871838,0.8150904429568437
47,0.005,0.02,0.32967270383937053,0.15369075177871838,0.8150904429568437
69,0.01,0.02,0.32941157916222236,0.13858919589967178,0.8322947823197075
77,0.01,0.17320508075688773,0.3284071144822288,0.12186992862122593,0.7882008735697669
55,0.005,0.17320508075688773,0.3282914808097034,0.12209976037321338,0.7871504534016996
72,0.01,0.049507997596815526,0.32766965262472925,0.12035734637252832,0.8068888572378103
73,0.01,0.06359931153547553,0.3246329097596092,0.11946332688688767,0.7853760148127047
74,0.01,0.08170139420154304,0.32436518852224594,0.11904604699547504,0.7758332146417889
10,0.001,0.1348290809262157,0.32374796124044664,0.11934237462916265,0.769857095380525
32,0.0025,0.1348290809262157,0.32351054433636306,0.11921245126387067,0.7691508806912596
54,0.005,0.1348290809262157,0.32351054433636306,0.11921245126387067,0.7691508806912596
4,0.001,0.03,0.3232291401409048,0.1470789698830513,0.8175176850401178
26,0.0025,0.03,0.3232291401409048,0.1470789698830513,0.8175176850401178
48,0.005,0.03,0.3232291401409048,0.1470789698830513,0.8175176850401178
614,0.4,3.0,0.32256422229087967,0.11601911521417589,0.8272978682998623
76,0.01,0.1348290809262157,0.3225529838708239,0.11807305038388659,0.7694950861700612
7,0.001,0.06359931153547553,0.32219892768991437,0.11523006043135972,0.7793108768931301
29,0.0025,0.06359931153547553,0.32203867127965796,0.11554819296829728,0.7782604567250628
51,0.005,0.06359931153547553,0.32203867127965796,0.11554819296829728,0.7782604567250628
8,0.001,0.08170139420154304,0.3214686278396256,0.11686170694924006,0.7680648530598679
52,0.005,0.08170139420154304,0.3213478548927657,0.11710181424956062,0.7670144328918007
31,0.0025,0.10495581875524816,0.3212112801230168,0.11735721453776761,0.7617267245881403
75,0.01,0.10495581875524816,0.3212112801230168,0.11735721453776761,0.7617267245881403
9,0.001,0.10495581875524816,0.3211736408577353,0.11732484119343115,0.7610205098988748
53,0.005,0.10495581875524816,0.3211736408577353,0.11732484119343115,0.7610205098988748
30,0.0025,0.08170139420154304,0.32077418339518116,0.11632226870709195,0.7673586383706025
592,0.3,3.0,0.31980501223922275,0.11657196756227318,0.8142952096092674
6,0.001,0.049507997596815526,0.319141117000706,0.11301514686433423,0.7800170915823956
28,0.0025,0.049507997596815526,0.31909483784483783,0.11299333633605015,0.7793108768931301
50,0.005,0.049507997596815526,0.31909483784483783,0.11299333633605015,0.7793108768931301
42,0.0025,3.0,0.31879618744325383,0.1163964996687655,0.8086632958268053
20,0.001,3.0,0.31879172813770335,0.11639440784671978,0.8086632958268053
570,0.25,3.0,0.3187794710360633,0.11650291248240348,0.8079570811375397
64,0.005,3.0,0.318741314747907,0.11637080428503986,0.8079570811375397
86,0.01,3.0,0.318741314747907,0.11637080428503986,0.8079570811375397
108,0.015,3.0,0.318741314747907,0.11637080428503986,0.8079570811375397
130,0.02,3.0,0.318741314747907,0.11637080428503986,0.8079570811375397
152,0.025,3.0,0.318741314747907,0.11637080428503986,0.8079570811375397
174,0.03,3.0,0.318741314747907,0.11637080428503986,0.8079570811375397
196,0.035,3.0,0.318741314747907,0.11637080428503986,0.8079570811375397
218,0.04,3.0,0.318741314747907,0.11637080428503986,0.8079570811375397
240,0.045,3.0,0.318741314747907,0.11637080428503986,0.8079570811375397
262,0.05,3.0,0.318741314747907,0.11637080428503986,0.8079570811375397
284,0.055,3.0,0.318741314747907,0.11637080428503986,0.8079570811375397
306,0.06,3.0,0.318741314747907,0.11637080428503986,0.8079570811375397
328,0.065,3.0,0.318741314747907,0.11637080428503986,0.8079570811375397
350,0.07,3.0,0.318741314747907,0.11637080428503986,0.8079570811375397
372,0.075,3.0,0.318741314747907,0.11637080428503986,0.8079570811375397
394,0.08,3.0,0.318741314747907,0.11637080428503986,0.8079570811375397
416,0.085,3.0,0.318741314747907,0.11637080428503986,0.8079570811375397
438,0.09,3.0,0.318741314747907,0.11637080428503986,0.8079570811375397
460,0.095,3.0,0.318741314747907,0.11637080428503986,0.8079570811375397
482,0.1,3.0,0.318741314747907,0.11637080428503986,0.8079570811375397
504,0.125,3.0,0.318741314747907,0.11637080428503986,0.8079570811375397
526,0.15,3.0,0.318741314747907,0.11637080428503986,0.8079570811375397
548,0.2,3.0,0.31868634442279375,0.11634696157445999,0.8086632958268053
613,0.4,2.0,0.3183346711839359,0.11878612231899359,0.8191496937758154
612,0.4,1.0,0.31635996237992114,0.11667779705324897,0.8113813321938945
5,0.001,0.038538810670601456,0.3158872417434894,0.12768397707552628,0.7973282533352324
27,0.0025,0.038538810670601456,0.3149914155767654,0.1269093930515079,0.7952096092674358
49,0.005,0.038538810670601456,0.3149914155767654,0.1269093930515079,0.7952096092674358
134,0.025,0.01,0.31288807189542484,0.1475729993126341,0.865522480178512
110,0.02,0.003,0.3125798443370907,0.15297579241089673,0.8701217775245692
17,0.001,0.778436061673405,0.3122925441262273,0.14291737846213773,0.7539761667378816
39,0.0025,0.778436061673405,0.3122925441262273,0.14291737846213773,0.7539761667378816
61,0.005,0.778436061673405,0.3122925441262273,0.14291737846213773,0.7539761667378816
83,0.01,0.778436061673405,0.3122925441262273,0.14291737846213773,0.7539761667378816
105,0.015,0.778436061673405,0.3122925441262273,0.14291737846213773,0.7539761667378816
127,0.02,0.778436061673405,0.3122925441262273,0.14291737846213773,0.7539761667378816
149,0.025,0.778436061673405,0.3122925441262273,0.14291737846213773,0.7539761667378816
171,0.03,0.778436061673405,0.3122925441262273,0.14291737846213773,0.7539761667378816
193,0.035,0.778436061673405,0.3122925441262273,0.14291737846213773,0.7539761667378816
215,0.04,0.778436061673405,0.31225834439982514,0.14293351547820435,0.753269952048616
111,0.02,0.005,0.31161019536019535,0.1517472413438496,0.8704659830033709
133,0.025,0.005,0.31102923635818375,0.14937568298849402,0.8697597683141053
155,0.03,0.005,0.3106825297446829,0.14874670316100588,0.8507631866305845
154,0.03,0.003,0.3106677409194102,0.14949076671308942,0.8550004747661776
132,0.025,0.003,0.31050320465568143,0.1487998466277107,0.8711721976926363
591,0.3,2.0,0.3103943967767313,0.11451047624849904,0.7969840478564307
112,0.02,0.01,0.3091884212278949,0.1495473470575862,0.8672791150358448
611,0.4,0.778436061673405,0.30911422500850017,0.1176359903263188,0.7983430660399753
525,0.15,2.0,0.30889550264550264,0.11408712982120339,0.7850140056022409
90,0.015,0.01,0.30874518999518996,0.15089273265339742,0.8601991644115273
547,0.2,2.0,0.3084621622536021,0.11320674129142723,0.7885450790485685
19,0.001,2.0,0.3084111432501506,0.11355163413455899,0.7797084935669183
41,0.0025,2.0,0.3084111432501506,0.11355163413455899,0.7797084935669183
63,0.005,2.0,0.3084111432501506,0.11355163413455899,0.7797084935669183
85,0.01,2.0,0.3084111432501506,0.11355163413455899,0.7797084935669183
107,0.015,2.0,0.3084111432501506,0.11355163413455899,0.7797084935669183
129,0.02,2.0,0.3084111432501506,0.11355163413455899,0.7797084935669183
151,0.025,2.0,0.3084111432501506,0.11355163413455899,0.7797084935669183
173,0.03,2.0,0.3084111432501506,0.11355163413455899,0.7797084935669183
195,0.035,2.0,0.3084111432501506,0.11355163413455899,0.7797084935669183
217,0.04,2.0,0.3084111432501506,0.11355163413455899,0.7797084935669183
239,0.045,2.0,0.3084111432501506,0.11355163413455899,0.7797084935669183
261,0.05,2.0,0.3084111432501506,0.11355163413455899,0.7797084935669183
283,0.055,2.0,0.3084111432501506,0.11355163413455899,0.7797084935669183
305,0.06,2.0,0.3084111432501506,0.11355163413455899,0.7797084935669183
327,0.065,2.0,0.3084111432501506,0.11355163413455899,0.7797084935669183
349,0.07,2.0,0.3084111432501506,0.11355163413455899,0.7797084935669183
371,0.075,2.0,0.3084111432501506,0.11355163413455899,0.7797084935669183
393,0.08,2.0,0.3084111432501506,0.11355163413455899,0.7797084935669183
415,0.085,2.0,0.3084111432501506,0.11355163413455899,0.7797084935669183
437,0.09,2.0,0.3084111432501506,0.11355163413455899,0.7797084935669183
459,0.095,2.0,0.3084111432501506,0.11355163413455899,0.7797084935669183
481,0.1,2.0,0.3084111432501506,0.11355163413455899,0.7797084935669183
503,0.125,2.0,0.3084111432501506,0.11355163413455899,0.7797084935669183
590,0.3,1.0,0.30819932717505455,0.11273141781274207,0.7775542420357974
569,0.25,2.0,0.30793857282831116,0.11207678880932989,0.7927645634524996
156,0.03,0.01,0.3077716409958785,0.1346934298466168,0.8426328158381997
458,0.095,1.0,0.3077041001307961,0.11277608553677519,0.763085742771685
436,0.09,1.0,0.30755892010756725,0.11304786804485557,0.7620353226036177
414,0.085,1.0,0.3074583358923997,0.11297088159472787,0.7606228932250867
524,0.15,1.0,0.30681443894126936,0.11117534584203251,0.7655485923182832
237,0.045,0.778436061673405,0.3066367211909926,0.1343844010538361,0.7511513079808194
502,0.125,1.0,0.30649213168268047,0.11134554247064352,0.7623795280824194
480,0.1,1.0,0.30629923763904976,0.1115451665629728,0.7613291079143522
521,0.15,0.47170321935428616,0.3061066943966179,0.11196840547022992,0.7687710677491335
522,0.15,0.6059627021136009,0.30601072145575237,0.1111749742061209,0.770871908085268
523,0.15,0.778436061673405,0.3059684559318423,0.11043383282547006,0.7694416749750748
479,0.1,0.778436061673405,0.3058770766103263,0.11155290824787135,0.7560413996106917
457,0.095,0.778436061673405,0.30587420781768443,0.11152326469025647,0.7560413996106917
501,0.125,0.778436061673405,0.30586032636347144,0.11080683848810689,0.753904951811233
456,0.095,0.6059627021136009,0.30547714168331275,0.11216052455766193,0.7507714950386934
478,0.1,0.6059627021136009,0.30547714168331275,0.11216052455766193,0.7507714950386934
546,0.2,1.0,0.3053998891072748,0.11179529691279595,0.7648957888240042
545,0.2,0.778436061673405,0.30525632300246636,0.11237323427349764,0.7635011631771352
568,0.25,1.0,0.30523087444488184,0.11199978332881551,0.7599522859991454
145,0.025,0.2858345573956079,0.3050252720909777,0.13063661113346786,0.8140044153254522
18,0.001,1.0,0.3047061443702954,0.11765682756380852,0.75569719413189
40,0.0025,1.0,0.3047061443702954,0.11765682756380852,0.75569719413189
62,0.005,1.0,0.3047061443702954,0.11765682756380852,0.75569719413189
84,0.01,1.0,0.3047061443702954,0.11765682756380852,0.75569719413189
106,0.015,1.0,0.3047061443702954,0.11765682756380852,0.75569719413189
128,0.02,1.0,0.3047061443702954,0.11765682756380852,0.75569719413189
150,0.025,1.0,0.3047061443702954,0.11765682756380852,0.75569719413189
172,0.03,1.0,0.3047061443702954,0.11765682756380852,0.75569719413189
194,0.035,1.0,0.3047061443702954,0.11765682756380852,0.75569719413189
216,0.04,1.0,0.3047061443702954,0.11765682756380852,0.75569719413189
238,0.045,1.0,0.3047061443702954,0.11765682756380852,0.75569719413189
260,0.05,1.0,0.30466658740827013,0.11766325093371269,0.7549909794426244
282,0.055,1.0,0.30466658740827013,0.11766325093371269,0.7549909794426244
497,0.125,0.2858345573956079,0.30454977941992994,0.11243589032592272,0.7638987798509234
500,0.125,0.6059627021136009,0.30425191168840093,0.11020966890352904,0.7479288325499691
167,0.03,0.2858345573956079,0.3041846573466461,0.12999045241311677,0.809767127189859
610,0.4,0.6059627021136009,0.30417406667406666,0.11968252755536492,0.7906103119213788
433,0.09,0.47170321935428616,0.30404630761852575,0.11038104205972704,0.7543025684850211
496,0.125,0.2225039271491978,0.303995170419589,0.11209826782447115,0.7628483596828561
455,0.095,0.47170321935428616,0.3039606913654354,0.11060683835555447,0.7532521483169539
191,0.035,0.47170321935428616,0.3039466695377548,0.13215419153230937,0.7847054075867635
498,0.125,0.3671907963528168,0.3038760994218356,0.11082182860769295,0.761038313630537
520,0.15,0.3671907963528168,0.3037570488391388,0.11106065225142826,0.7592816787732042
495,0.125,0.17320508075688773,0.30372392351002375,0.11254538062074891,0.7582846698001234
518,0.15,0.2225039271491978,0.3036999674591865,0.11241495260435866,0.7565102312111285
511,0.15,0.038538810670601456,0.30369033563881787,0.11227501670053149,0.7639343873142477
512,0.15,0.049507997596815526,0.30369033563881787,0.11227501670053149,0.7639343873142477
513,0.15,0.06359931153547553,0.3036561359124157,0.11227175814475594,0.7632281726249822
514,0.15,0.08170139420154304,0.3035339298307999,0.11196099250125749,0.763572378103784
519,0.15,0.2858345573956079,0.3035298911985935,0.11181910035774303,0.7564924274794663
499,0.125,0.47170321935428616,0.30351885852156846,0.1099046779859688,0.7500652803494279
477,0.1,0.47170321935428616,0.3035126678876679,0.11057075458407904,0.7493768693918245
492,0.125,0.08170139420154304,0.3034816149603606,0.11234026725849301,0.762177752456915
493,0.125,0.10495581875524816,0.30347754236339164,0.1121469069153092,0.7618157432464511
516,0.15,0.1348290809262157,0.30342911877394635,0.11177252524863598,0.7589730807577268
124,0.02,0.3671907963528168,0.30334911836573397,0.12877760728502713,0.8040996059440726
146,0.025,0.3671907963528168,0.30334911836573397,0.12877760728502713,0.8040996059440726
544,0.2,0.6059627021136009,0.3032873625279539,0.11011511517393795,0.759263875041542
517,0.15,0.17320508075688773,0.30322417074291136,0.11160867405876945,0.7575606513791957
392,0.08,1.0,0.30318815244023095,0.11484384099091204,0.7577980344680244
494,0.125,0.1348290809262157,0.30317291442877675,0.11194075045132575,0.758990884489389
236,0.045,0.6059627021136009,0.30313694121269036,0.12928700943008442,0.7547001851588093
168,0.03,0.3671907963528168,0.30311521849948114,0.12871613956859243,0.801980961876276
189,0.035,0.2858345573956079,0.30299195422348135,0.12902208230130302,0.8012925509186726
515,0.15,0.10495581875524816,0.30298297120116546,0.11149102645177292,0.7593350899681907
258,0.05,0.6059627021136009,0.3029803798352185,0.12903016956259322,0.7522195318805488
89,0.015,0.005,0.3029740570063151,0.15961396477997267,0.8563238854863979
213,0.04,0.47170321935428616,0.30291226004620214,0.13196742828348587,0.7755424203579737
369,0.075,0.778436061673405,0.3028428365985321,0.1149989783519025,0.752510326164364
476,0.1,0.3671907963528168,0.30282546760807627,0.11134151754398804,0.7487240658975454
304,0.06,1.0,0.3027706671622705,0.11520343987275725,0.7535785500640934
370,0.075,1.0,0.3027670673574737,0.11490453144830418,0.752510326164364
348,0.07,1.0,0.30266620899673086,0.11477603789400372,0.7510978967858329
326,0.065,1.0,0.3025858335245455,0.11508019925267755,0.7507536913070312
190,0.035,0.3671907963528168,0.3024639753573124,0.12829722866812912,0.7963312443621516
212,0.04,0.3671907963528168,0.3014651963338466,0.12827633154828674,0.7857558277548308
16,0.001,0.6059627021136009,0.3014465273288803,0.12589144538929445,0.7695306936333856
170,0.03,0.6059627021136009,0.3014465273288803,0.12589144538929445,0.7695306936333856
391,0.08,0.778436061673405,0.3013893301785724,0.11308608032733879,0.7532165408536295
38,0.0025,0.6059627021136009,0.3013756656508757,0.12584215048259148,0.76882447894412
60,0.005,0.6059627021136009,0.3013756656508757,0.12584215048259148,0.76882447894412
82,0.01,0.6059627021136009,0.3013756656508757,0.12584215048259148,0.76882447894412
104,0.015,0.6059627021136009,0.3013756656508757,0.12584215048259148,0.76882447894412
126,0.02,0.6059627021136009,0.3013756656508757,0.12584215048259148,0.76882447894412
148,0.025,0.6059627021136009,0.3013756656508757,0.12584215048259148,0.76882447894412
177,0.035,0.005,0.30137176420071154,0.13411900889766193,0.8369830983240754
91,0.015,0.02,0.3013329490045176,0.14127357594809903,0.8566680909651996
192,0.035,0.6059627021136009,0.3012403842655943,0.1258990039081389,0.7659996201870578
125,0.02,0.47170321935428616,0.30122835755409194,0.12815077453587823,0.7861178369652946
147,0.025,0.47170321935428616,0.30122835755409194,0.12815077453587823,0.7861178369652946
169,0.03,0.47170321935428616,0.30122835755409194,0.12815077453587823,0.7861178369652946
176,0.035,0.003,0.30121766700836183,0.13982413854749304,0.8366388928452737
15,0.001,0.47170321935428616,0.3011158969153155,0.1280656388779672,0.7854116222760291
37,0.0025,0.47170321935428616,0.3011158969153155,0.1280656388779672,0.7854116222760291
59,0.005,0.47170321935428616,0.3011158969153155,0.1280656388779672,0.7854116222760291
81,0.01,0.47170321935428616,0.3011158969153155,0.1280656388779672,0.7854116222760291
103,0.015,0.47170321935428616,0.3011158969153155,0.1280656388779672,0.7854116222760291
484,0.125,0.003,0.30090517199892197,0.1140268053268057,0.7847410150500878
374,0.08,0.003,0.30082593356150233,0.11927151103936189,0.7999513364667901
214,0.04,0.6059627021136009,0.3007932835138717,0.1256193565079178,0.7610561173621991
14,0.001,0.3671907963528168,0.30075056936759065,0.12539126367453118,0.8012747471870104
36,0.0025,0.3671907963528168,0.3006822633566617,0.12530173331195216,0.8005685324977448
58,0.005,0.3671907963528168,0.3006822633566617,0.12530173331195216,0.8005685324977448
80,0.01,0.3671907963528168,0.3006822633566617,0.12530173331195216,0.8005685324977448
102,0.015,0.3671907963528168,0.3006822633566617,0.12530173331195216,0.8005685324977448
325,0.065,0.778436061673405,0.30067705264963784,0.11843479141774954,0.7503916820965675
166,0.03,0.2225039271491978,0.3006189082081939,0.12486454686642025,0.8125919859469212
589,0.3,0.778436061673405,0.3003719418758795,0.11206613860194885,0.766290414470873
435,0.09,0.778436061673405,0.30026689242776033,0.111612450632122,0.7546289702321607
413,0.085,0.778436061673405,0.30016171792154833,0.11151150681991301,0.7532165408536295
123,0.02,0.2858345573956079,0.30008872075008886,0.12462750713510115,0.8090609125005934
434,0.09,0.6059627021136009,0.2999777028505406,0.1123631287861979,0.7507714950386934
485,0.125,0.005,0.29997117215254465,0.11343536523886481,0.7794533067464273
375,0.08,0.005,0.29996657657728437,0.11841200502204612,0.7964202630204624
178,0.035,0.01,0.29994917611378713,0.12604890605455477,0.8256658595641646
352,0.075,0.003,0.2998174684250265,0.11862655967055216,0.795731852062859
507,0.15,0.005,0.2997612690326529,0.1135644332708652,0.7777144756207568
92,0.015,0.03,0.29970118453017,0.13420321613545494,0.8471252907942838
396,0.085,0.003,0.2997010397405401,0.11820714932746179,0.7950078336419314
509,0.15,0.02,0.29969574000851873,0.11402871132932538,0.7710143379385652
259,0.05,0.778436061673405,0.2995241125100929,0.12403697595277112,0.7476202345344918
486,0.125,0.01,0.2994848256661101,0.11345412482915201,0.7745276076532308
508,0.15,0.01,0.299416453368938,0.1134892253281601,0.7745454113848929
488,0.125,0.03,0.2993805504257146,0.11352802761026645,0.7688778901391065
418,0.09,0.003,0.2993143778987699,0.1175308304420122,0.7932333950529364
211,0.04,0.2858345573956079,0.29921348681117993,0.12555503397008666,0.7843612021079618
353,0.075,0.005,0.29915333437465524,0.1179837731477915,0.7950256373735936
489,0.125,0.038538810670601456,0.29906066727075936,0.11323233934615995,0.7667592460713099
397,0.085,0.005,0.29904185255416155,0.11756225675587947,0.7921829748848692
330,0.07,0.003,0.2990229762700085,0.11827843413598943,0.791512367658928
188,0.035,0.2225039271491978,0.29902012817219265,0.12354175622869717,0.8012925509186726
487,0.125,0.02,0.29881810713854057,0.11293952388010192,0.7688778901391065
200,0.04,0.01,0.2988115843441349,0.12608107480992872,0.8168648815458387
235,0.045,0.47170321935428616,0.29878576577664756,0.12721404398090655,0.7624863504723923
347,0.07,0.778436061673405,0.2987543942736405,0.11593534264761375,0.7489792527180363
144,0.025,0.2225039271491978,0.29873761732728843,0.12125048814018304,0.8178618905189194
510,0.15,0.03,0.2986374328346967,0.11296520195853678,0.7657088259032426
419,0.09,0.005,0.2986341564012108,0.11691954663408174,0.7897023216066088
466,0.1,0.03,0.2985312265808448,0.11181077976859584,0.7695484973650477
308,0.065,0.003,0.2984165146997215,0.11748819674496125,0.789737929069933
309,0.065,0.005,0.29824850394703334,0.11732490447346526,0.7890317143806675
376,0.08,0.01,0.2980413128439444,0.11661811614007896,0.787945686749276
223,0.045,0.02,0.2980392126193978,0.11959852796207433,0.8006219436927313
331,0.07,0.005,0.2979958438914562,0.1172204858129591,0.7893937235911314
122,0.02,0.2225039271491978,0.29797869840176255,0.12038455259832971,0.8143308170725918
490,0.125,0.049507997596815526,0.29796826596370424,0.112216333599079,0.7618157432464511
467,0.1,0.038538810670601456,0.29794152630105974,0.11106230256271805,0.7656554147082562
491,0.125,0.06359931153547553,0.29789264587900977,0.11235599799176821,0.7607653230783838
469,0.1,0.06359931153547553,0.2978769518467139,0.11106909833301716,0.7642429853297251
468,0.1,0.049507997596815526,0.29775617889985395,0.11096267312335091,0.7635367706404596
93,0.015,0.038538810670601456,0.2975850062247121,0.12994343303439593,0.8320039880358924
101,0.015,0.2858345573956079,0.2975813837380922,0.12156160686365673,0.8019987656079381
407,0.085,0.17320508075688773,0.2975462029279301,0.11068671048507664,0.7600056971941318
429,0.09,0.17320508075688773,0.2975442817164309,0.11073987329695016,0.7607119118833974
450,0.095,0.1348290809262157,0.2975433223787377,0.1104999805496505,0.7617623320514646
13,0.001,0.2858345573956079,0.297528101555654,0.12158627542304196,0.8012925509186726
35,0.0025,0.2858345573956079,0.297528101555654,0.12158627542304196,0.8012925509186726
57,0.005,0.2858345573956079,0.297528101555654,0.12158627542304196,0.8012925509186726
79,0.01,0.2858345573956079,0.297528101555654,0.12158627542304196,0.8012925509186726
609,0.4,0.47170321935428616,0.2975119262596559,0.11689987023020249,0.7856846128281821
451,0.095,0.17320508075688773,0.2974957576907621,0.11044899019789257,0.7610561173621991
472,0.1,0.1348290809262157,0.29748097422898045,0.11067073967615972,0.761418126572663
543,0.2,0.47170321935428616,0.2974577956387888,0.11064575826273207,0.7554063998480748
303,0.06,0.778436061673405,0.2974554957960944,0.11988254464845992,0.748290841760433
165,0.03,0.17320508075688773,0.29743794440971516,0.12018272535013481,0.8139866115937902
179,0.035,0.02,0.2974355809321247,0.12305687913805424,0.8217727769073732
398,0.085,0.01,0.2974295253900517,0.11595949827338246,0.7844146133029483
332,0.07,0.01,0.29724012493720786,0.1164802877041978,0.7865688648340692
354,0.075,0.01,0.2972254061237112,0.11616716208163752,0.7858448464131416
410,0.085,0.3671907963528168,0.2971867519693606,0.11008034653885246,0.7543381759483454
281,0.055,0.778436061673405,0.29717076125081743,0.12053904130787588,0.7458457959454968
244,0.05,0.01,0.29716901462591117,0.11876891854838482,0.7988653088353985
408,0.085,0.2225039271491978,0.2971634292581913,0.11037222021215909,0.7564746237478042
386,0.08,0.2225039271491978,0.2971143431241995,0.11058418361479498,0.7561304182690025
470,0.1,0.08170139420154304,0.2971008501304788,0.11024516302449344,0.7621243412619285
473,0.1,0.17320508075688773,0.29700557971431085,0.11052444827649074,0.7568366329582681
471,0.1,0.10495581875524816,0.29693631191961223,0.11009085010686884,0.7607119118833974
452,0.095,0.2225039271491978,0.29686285550256136,0.11065825549714767,0.7543737834116697
432,0.09,0.3671907963528168,0.2968312874962491,0.10999924584842033,0.7497566823339505
454,0.095,0.3671907963528168,0.29681116862099977,0.1105011101554117,0.7497744860656127
385,0.08,0.17320508075688773,0.2967693019716891,0.11064534523532622,0.7575606513791957
310,0.065,0.01,0.29674501640223866,0.11599081626328751,0.7844502207662727
232,0.045,0.2225039271491978,0.2966887426030291,0.12327970858526953,0.776610644257703
474,0.1,0.2225039271491978,0.2966723879013795,0.11072162446371435,0.7526171485543369
157,0.03,0.02,0.29665004026706154,0.1213781605463067,0.821754973175711
464,0.1,0.01,0.29657089519800006,0.11492604621892995,0.7752160186108341
199,0.04,0.005,0.29650389791899223,0.12810616804710723,0.8175710962351042
420,0.09,0.01,0.29626257788264365,0.11437192108271288,0.7801595214356929
202,0.04,0.03,0.29625394512643766,0.11686080850017896,0.7984676921616104
323,0.065,0.47170321935428616,0.296203700398478,0.1182971367354931,0.7543025684850211
201,0.04,0.02,0.2961871290589186,0.12305193574053093,0.8133160043678488
440,0.095,0.003,0.2961780753968254,0.11835254686980112,0.7882898922280777
301,0.06,0.47170321935428616,0.29615475352521214,0.11817598424420345,0.75289013910649
442,0.095,0.01,0.29602246659625076,0.11439692510268272,0.7769904571998291
588,0.3,0.6059627021136009,0.29601641392967004,0.11377856908643157,0.7627949484878698
412,0.085,0.6059627021136009,0.2960048486600736,0.11322444012677131,0.7500652803494279
210,0.04,0.2225039271491978,0.2959815766729868,0.12161079720726377,0.785791435218155
113,0.02,0.02,0.2959396781535704,0.134082984566933,0.8429058063903527
506,0.15,0.003,0.2958895960311323,0.1142767747505674,0.7784206903100224
377,0.08,0.02,0.29583990217479184,0.11470396746524811,0.7745276076532308
234,0.045,0.3671907963528168,0.29582859128607875,0.1224979260565509,0.7695484973650477
245,0.05,0.02,0.29581227597220555,0.11822951668979231,0.7868774628495466
390,0.08,0.6059627021136009,0.2957885826432022,0.11317652174932348,0.7465342069031002
368,0.075,0.6059627021136009,0.29578527331354,0.11319825203386173,0.7465342069031002
441,0.095,0.005,0.29577246327246326,0.11795189380060338,0.786171248160281
265,0.055,0.005,0.2957160749013582,0.11830821160092508,0.7890139106490054
302,0.06,0.6059627021136009,0.29571464631494937,0.1176179339813001,0.7468784123819019
399,0.085,0.02,0.2957138941102757,0.11456458644564387,0.7731151782746997
280,0.055,0.6059627021136009,0.29562489624847554,0.11778446470979866,0.7465342069031002
587,0.3,0.47170321935428616,0.29562032606647803,0.11433017278427596,0.7592994825048663
324,0.065,0.6059627021136009,0.295611260593185,0.11748103934816978,0.7461721976926363
143,0.025,0.17320508075688773,0.2956087341337501,0.11763582361632524,0.8143308170725918
443,0.095,0.02,0.2955743905996804,0.11404474477831958,0.7709787304752409
222,0.045,0.01,0.29556944854346734,0.12519921919230462,0.8105089493424489
586,0.3,0.3671907963528168,0.29553577782136553,0.11444238192265428,0.7575428476475335
402,0.085,0.049507997596815526,0.29552372244611175,0.11365771380452121,0.7709609267435787
286,0.06,0.003,0.2955176622029455,0.11832240965941894,0.7879634904809381
367,0.075,0.47170321935428616,0.2954766549875245,0.11253305716959429,0.7550087831742867
567,0.25,0.778436061673405,0.2954561559678834,0.11324882954866898,0.7557328015952144
300,0.06,0.3671907963528168,0.2954355326046503,0.11747622118922862,0.7613825191093386
180,0.035,0.03,0.2953941943214331,0.12104581504470281,0.815761050182785
221,0.045,0.005,0.29536703759734934,0.12476368275823553,0.8140400227887765
252,0.05,0.1348290809262157,0.2953398756793886,0.11816286216161542,0.7681360679865166
287,0.06,0.005,0.2953312636045687,0.11817711038000825,0.7858448464131415
463,0.1,0.005,0.2953306219753588,0.11735971325227866,0.7836905948820206
403,0.085,0.06359931153547553,0.2953304222867561,0.11346776443251125,0.7695484973650477
355,0.075,0.02,0.29531972650905325,0.11414897480660789,0.7752338223424963
266,0.055,0.01,0.29526295759363974,0.11810078186832675,0.785138631723876
114,0.02,0.03,0.29520503174679374,0.12223311916428922,0.8273868869581731
389,0.08,0.47170321935428616,0.2951565359226069,0.11216894022028485,0.7507714950386934
411,0.085,0.47170321935428616,0.2951565359226069,0.11216894022028485,0.7507714950386934
257,0.05,0.47170321935428616,0.29515392015392017,0.12347016324995998,0.7483798604187438
311,0.065,0.02,0.29513871715447165,0.11489497572424368,0.7713941508806913
233,0.045,0.2858345573956079,0.2951168375734409,0.12107764369898963,0.7748362056687081
275,0.055,0.17320508075688773,0.2950619527889813,0.11777766581626216,0.7649492000189906
378,0.08,0.03,0.295031935280232,0.11390966483899004,0.7709965342069031
198,0.04,0.003,0.29503094454386497,0.12986239396103283,0.8175710962351042
356,0.075,0.03,0.29501567833611175,0.11386263765619972,0.7717027488961686
421,0.09,0.02,0.2949957389822436,0.11335790346451387,0.7730973745430375
187,0.035,0.17320508075688773,0.2949473954870065,0.11838963410293235,0.7966932535726154
379,0.08,0.038538810670601456,0.2949301379448438,0.1136700048489528,0.7699283103071737
334,0.07,0.03,0.29492798572494966,0.11470398035940678,0.7685692921236291
566,0.25,0.6059627021136009,0.294924619208081,0.11330188344570792,0.7525815410910126
462,0.1,0.003,0.2948766777714146,0.11700765672215149,0.7840526040924845
465,0.1,0.02,0.29485660348483445,0.11326114820730197,0.7688600864074443
268,0.055,0.03,0.29482799588092334,0.11788779999829357,0.7794711104780896
357,0.075,0.038538810670601456,0.2948050128197187,0.1135517295228329,0.7692220956179082
299,0.06,0.2858345573956079,0.29477424964614407,0.11641921817854194,0.7663260219341974
164,0.03,0.1348290809262157,0.2947637406876537,0.11672060414040751,0.8107997436262641
401,0.085,0.038538810670601456,0.2947612267695816,0.11287967660468325,0.7688422826757821
422,0.09,0.03,0.29468519838161783,0.11300867985465511,0.7684980771969805
288,0.06,0.01,0.29465467933705636,0.11766594332759452,0.7833819968665432
333,0.07,0.02,0.29465432612560855,0.11431166484690208,0.7713941508806913
424,0.09,0.049507997596815526,0.29463318402001154,0.1127425631651881,0.7674298532972511
400,0.085,0.03,0.2946329436243069,0.11315078141396574,0.7681538717181788
444,0.095,0.03,0.29459216356918244,0.11281271802281136,0.7670856478184493
365,0.075,0.2858345573956079,0.29457059418862247,0.1124057767974248,0.7592816787732042
358,0.075,0.049507997596815526,0.2945146539537784,0.1133811888070043,0.7656910221715805
423,0.09,0.038538810670601456,0.29451464442778774,0.11263064207362077,0.7667236386079855
585,0.3,0.2858345573956079,0.2944930994930995,0.11338117365092437,0.7550799981009353
380,0.08,0.049507997596815526,0.29448839103570557,0.11333216843656906,0.7642785927930494
427,0.09,0.10495581875524816,0.2943634415552653,0.11226481774627516,0.7635367706404596
584,0.3,0.2225039271491978,0.2943381612636271,0.11317136319643678,0.7529613540331387
256,0.05,0.3671907963528168,0.294291859826972,0.12128201233614418,0.7582490623367991
335,0.07,0.038538810670601456,0.2942869879791367,0.11418259786339476,0.7618513507097755
583,0.3,0.17320508075688773,0.2942544811023944,0.11333765395293358,0.7512047191758059
186,0.035,0.1348290809262157,0.29423984349008847,0.11732325175780388,0.7956250296728861
425,0.09,0.06359931153547553,0.29423569764686985,0.11232324316250542,0.7653112092294545
404,0.085,0.08170139420154304,0.29418539583600467,0.11226798301866157,0.7646049945401889
337,0.07,0.06359931153547553,0.2941849148833465,0.11433427560780446,0.75478920381712
388,0.08,0.3671907963528168,0.2941789708180374,0.11103011767375075,0.7574894364525471
346,0.07,0.6059627021136009,0.29416326278549865,0.11560454265596785,0.7468784123819019
528,0.2,0.003,0.2941016477986234,0.1170518042750327,0.7770260646631534
382,0.08,0.08170139420154304,0.29410041211511795,0.11250755670174285,0.7628483596828561
445,0.095,0.038538810670601456,0.2940806353347778,0.1124446656098058,0.7628483596828561
267,0.055,0.02,0.29405430563183765,0.11666960756386058,0.7815897545458862
274,0.055,0.1348290809262157,0.2940501122249019,0.11654284129014925,0.7649492000189906
220,0.045,0.003,0.29404787583042635,0.12553556302128338,0.8126275934102454
381,0.08,0.06359931153547553,0.29404752883855045,0.11290820139981388,0.7614537340359873
542,0.2,0.3671907963528168,0.29402515536377405,0.11175293100393294,0.7603499026729336
246,0.05,0.03,0.29402309487851397,0.11676356728246703,0.778764895788824
203,0.04,0.038538810670601456,0.29401563519290186,0.11462896011534483,0.788580686511893
264,0.055,0.003,0.29400841522418597,0.1191008164742863,0.7942838152210037
276,0.055,0.2225039271491978,0.2940001291572067,0.11594425382708973,0.765637610976594
405,0.085,0.10495581875524816,0.2939679561460117,0.11178097683822123,0.7642429853297251
426,0.09,0.08170139420154304,0.2939551827497473,0.11180664916381175,0.7635367706404596
529,0.2,0.005,0.29389686674641025,0.11671110514032122,0.775957840763424
581,0.3,0.10495581875524816,0.29385512944253855,0.11292757713473742,0.7529791577648008
446,0.095,0.049507997596815526,0.2938136618283677,0.112432679903786,0.7610917248255235
136,0.025,0.03,0.2937972129243681,0.11687863791041918,0.8206511418126572
359,0.075,0.06359931153547553,0.29377644608407116,0.11295500431509777,0.758990884489389
255,0.05,0.2858345573956079,0.2937672182315039,0.11956287046080856,0.767050040355125
428,0.09,0.1348290809262157,0.29376414006864215,0.1113652872659223,0.7624685467407302
447,0.095,0.06359931153547553,0.29376278945186857,0.11192016725279194,0.7617801357831269
608,0.4,0.3671907963528168,0.2937484135800419,0.11715173689566069,0.7825333523239804
279,0.055,0.47170321935428616,0.2937426504645104,0.11945180848480044,0.7511335042491573
231,0.045,0.17320508075688773,0.29374022912819986,0.11961613602805063,0.7737857855006409
565,0.25,0.47170321935428616,0.293661448087806,0.11252583461366564,0.7480178512082799
448,0.095,0.08170139420154304,0.2936219894482094,0.1114988366669029,0.761418126572663
383,0.08,0.10495581875524816,0.2936120620401176,0.11227249212897047,0.7589730807577268
251,0.05,0.10495581875524816,0.293590962841423,0.11598669662145585,0.7681360679865166
121,0.02,0.17320508075688773,0.29358594082679856,0.11567019010738534,0.8079748848692019
582,0.3,0.1348290809262157,0.29352937948443564,0.11264487082241548,0.7501542990077387
564,0.25,0.3671907963528168,0.2934747374460199,0.11200623313888051,0.7543737834116697
534,0.2,0.049507997596815526,0.29342048248389047,0.11232212816392163,0.76040331386792
607,0.4,0.2858345573956079,0.29339402427637723,0.11798986315941692,0.7797441010302426
182,0.035,0.049507997596815526,0.2933541271682314,0.11639190490460546,0.7977436737406827
535,0.2,0.06359931153547553,0.2933236958017379,0.1122337862488829,0.7596970991786545
536,0.2,0.08170139420154304,0.2933236958017379,0.1122337862488829,0.7596970991786545
364,0.075,0.2225039271491978,0.29330779233840726,0.11201155158959142,0.7575606513791957
273,0.055,0.10495581875524816,0.29330635228723606,0.11587549655001497,0.7646049945401889
530,0.2,0.01,0.29330173198073806,0.11600071932125654,0.7734771874851636
430,0.09,0.2225039271491978,0.2932511998693566,0.11136753726369461,0.7568366329582681
537,0.2,0.10495581875524816,0.293231410825732,0.11214979961569012,0.7589908844893889
541,0.2,0.2858345573956079,0.2931838202207003,0.1112689768402518,0.7575428476475335
363,0.075,0.17320508075688773,0.2931758692502686,0.111905046011424,0.7554420073113992
115,0.02,0.038538810670601456,0.29311490365471715,0.11876706711369538,0.82240777666999
449,0.095,0.10495581875524816,0.29311123096632086,0.11063461237687836,0.7617623320514646
538,0.2,0.1348290809262157,0.29309860307759467,0.11176734698255097,0.7586288752789252
224,0.045,0.03,0.2930975143256845,0.1147409467538244,0.7808479323932963
406,0.085,0.1348290809262157,0.29308794641002384,0.11087685588849669,0.7592994825048663
159,0.03,0.038538810670601456,0.2930856365796147,0.1179908110536889,0.8104555381474623
183,0.035,0.06359931153547553,0.29306573400487723,0.11570928380847273,0.7973816645302189
204,0.04,0.049507997596815526,0.293013753206537,0.11354838758964661,0.7836371836870342
184,0.035,0.08170139420154304,0.29299051926760905,0.11535838720770328,0.7956072259412239
289,0.06,0.02,0.29298689586780235,0.11657647020306142,0.7724445710487585
139,0.025,0.06359931153547553,0.2929712246288333,0.11366360727127624,0.8107641361629397
100,0.015,0.2225039271491978,0.2929180108813976,0.1148939425657591,0.7995003085980155
475,0.1,0.2858345573956079,0.2929114901940989,0.11173922893333867,0.7490860751080093
140,0.025,0.08170139420154304,0.2928887969329146,0.11424319781125272,0.8100757252053363
137,0.025,0.038538810670601456,0.29288126996652786,0.11349354284408428,0.8100579214736742
562,0.25,0.2225039271491978,0.2928412221701672,0.11157514994380308,0.7512047191758059
135,0.025,0.02,0.29283380834851425,0.12531927952936459,0.8344490338508285
384,0.08,0.1348290809262157,0.2928154068324392,0.11135088153997055,0.7568544366899302
278,0.055,0.3671907963528168,0.2928054744900662,0.11895647854456706,0.758231258605137
272,0.055,0.08170139420154304,0.2927965064018053,0.11514809305715447,0.7667236386079855
253,0.05,0.17320508075688773,0.29279507654712744,0.11900440930559626,0.7660174239187201
163,0.03,0.10495581875524816,0.29279326264441446,0.11768975767976828,0.8100935289369986
209,0.04,0.17320508075688773,0.29279135905020337,0.11770797817107205,0.7836727911503584
539,0.2,0.17320508075688773,0.2927718848759824,0.11164384962424335,0.7561660257323268
142,0.025,0.1348290809262157,0.2927562073084461,0.11733084832025464,0.8104377344158002
431,0.09,0.2858345573956079,0.2927449011543439,0.1107220246500825,0.752237335612211
269,0.055,0.038538810670601456,0.2927303500697253,0.11568887057665939,0.7717027488961687
563,0.25,0.2858345573956079,0.29272687643689743,0.11148594132895513,0.7515667283862698
185,0.035,0.10495581875524816,0.2927188376583273,0.11527367922937336,0.7945568057731567
242,0.05,0.003,0.2927144212470299,0.12235034879044529,0.8052212410387884
254,0.05,0.2225039271491978,0.2926812260468793,0.11839396215667139,0.7667058348763234
362,0.075,0.1348290809262157,0.29266102825644646,0.11143038432181164,0.7533233632436025
409,0.085,0.2858345573956079,0.2926605556752615,0.1106276912191617,0.7508249062336799
540,0.2,0.2225039271491978,0.29261460681833706,0.11125231517038557,0.755804016521863
250,0.05,0.08170139420154304,0.2926089502740446,0.11474196074542442,0.7695484973650477
453,0.095,0.2858345573956079,0.292596662466207,0.1111541889444135,0.7501364952760765
387,0.08,0.2858345573956079,0.2925609828582974,0.11057550432053458,0.7515311209229454
161,0.03,0.06359931153547553,0.2925077992321825,0.11724768948345025,0.8097315197265347
345,0.07,0.47170321935428616,0.2924790210678426,0.11350431364176447,0.7535963537957555
344,0.07,0.3671907963528168,0.2924680261909097,0.11312642112565431,0.762070930066942
594,0.4,0.003,0.29245132129193274,0.12075055548564376,0.7822603617718273
595,0.4,0.005,0.29245132129193274,0.12075055548564376,0.7822603617718273
322,0.065,0.3671907963528168,0.2924001122188006,0.11302990468097981,0.760658500688411
225,0.045,0.038538810670601456,0.29237450417057015,0.11393755457208485,0.7748362056687081
158,0.03,0.03,0.2922766828562373,0.11952578836711716,0.8136424061149884
296,0.06,0.1348290809262157,0.29225286659674,0.11475292233448815,0.7617801357831268
298,0.06,0.2225039271491978,0.2922468220016767,0.11416670988192644,0.7645871908085268
315,0.065,0.06359931153547553,0.29224352383057556,0.11661113111537036,0.7565636424061151
243,0.05,0.005,0.2922418356463666,0.12202710977853722,0.8031025969709917
293,0.06,0.06359931153547553,0.29223624158099964,0.11655623233170659,0.756563642406115
226,0.045,0.049507997596815526,0.29222851211281337,0.11380002839401317,0.7748362056687081
277,0.055,0.2858345573956079,0.29220217613074756,0.11745027790342648,0.7631569576983336
294,0.06,0.08170139420154304,0.2921816852737905,0.11609849678285751,0.7579582680529839
160,0.03,0.049507997596815526,0.2921102522205463,0.11662718153392136,0.8104377344158002
181,0.035,0.038538810670601456,0.2921032998122722,0.11796317590395905,0.8030491857760054
297,0.06,0.17320508075688773,0.2920965421992343,0.11436970196372485,0.761418126572663
271,0.055,0.06359931153547553,0.29205806141290014,0.11452750683769902,0.7649670037506527
575,0.3,0.02,0.29203176818308396,0.11526776569947109,0.7561660257323268
295,0.06,0.10495581875524816,0.2920257998977908,0.11544058372803173,0.757578455110858
162,0.03,0.08170139420154304,0.29201001117850306,0.11720902987318581,0.8076306793904002
596,0.4,0.01,0.2920093007770437,0.12060603821852905,0.7783850828466979
208,0.04,0.1348290809262157,0.29194256344991637,0.11638605472760434,0.7815363433508997
319,0.065,0.17320508075688773,0.2919254294165144,0.11476711641726425,0.7586110715472629
577,0.3,0.038538810670601456,0.29191833505908743,0.11523018043236105,0.7540473816645302
316,0.065,0.08170139420154304,0.29188676466902275,0.11633206182406577,0.7530325689597873
290,0.06,0.03,0.2918832715203683,0.11584524104240064,0.7643320039880359
228,0.045,0.08170139420154304,0.29187619131760145,0.11374674190096942,0.7723733561221098
249,0.05,0.06359931153547553,0.29182467858938443,0.1143490633707102,0.7667414423396477
576,0.3,0.03,0.29182012620910686,0.11508899228177792,0.7533411669752647
578,0.3,0.049507997596815526,0.29181204254208065,0.11513555653836899,0.7533411669752647
320,0.065,0.2225039271491978,0.2918021071467227,0.11434033129314229,0.7589552770260646
227,0.045,0.06359931153547553,0.2917888398151556,0.11389832512450834,0.7713229359540426
343,0.07,0.2858345573956079,0.2917529800330552,0.11350027857641064,0.7599878934624698
580,0.3,0.08170139420154304,0.29174121271202125,0.11503396197131807,0.7533411669752647
579,0.3,0.06359931153547553,0.2917100017257541,0.11504501394872373,0.7526349522859991
531,0.2,0.02,0.2917009688706217,0.11413057249421203,0.7674654607605754
230,0.045,0.1348290809262157,0.29169956663977614,0.11715139521187103,0.7716671414328442
342,0.07,0.2225039271491978,0.2916879085652391,0.11450085090855706,0.7571986421687319
318,0.065,0.1348290809262157,0.29168416643390416,0.11515907142474692,0.7547535963537958
317,0.065,0.10495581875524816,0.2916151097796297,0.11585742541948797,0.7519643450600579
366,0.075,0.3671907963528168,0.2916066115784134,0.11244466191828638,0.7603142952096092
321,0.065,0.2858345573956079,0.2916001257133678,0.1135165737882136,0.7589374732944024
341,0.07,0.17320508075688773,0.29158517878475254,0.11484663646954442,0.754391587143332
314,0.065,0.049507997596815526,0.2915487470318979,0.11584761387917854,0.7551512130275839
340,0.07,0.1348290809262157,0.2915460484606248,0.11524737388839519,0.7537031761857285
270,0.055,0.049507997596815526,0.2915212922046855,0.11382684690671929,0.7663794331291838
292,0.06,0.049507997596815526,0.29146237181041934,0.1156486291303834,0.7558574277168495
94,0.015,0.049507997596815526,0.29144492533368577,0.1247602561419052,0.82034254379718
65,0.005,10.0,0.29142849481746835,0.12593326909355515,0.8551221335992024
109,0.015,10.0,0.29142849481746835,0.12593326909355515,0.8551221335992024
131,0.02,10.0,0.29142849481746835,0.12593326909355515,0.8551221335992024
153,0.025,10.0,0.29142849481746835,0.12593326909355515,0.8551221335992024
175,0.03,10.0,0.29142849481746835,0.12593326909355515,0.8551221335992024
197,0.035,10.0,0.29142849481746835,0.12593326909355515,0.8551221335992024
219,0.04,10.0,0.29142849481746835,0.12593326909355515,0.8551221335992024
241,0.045,10.0,0.29142849481746835,0.12593326909355515,0.8551221335992024
263,0.05,10.0,0.29142849481746835,0.12593326909355515,0.8551221335992024
285,0.055,10.0,0.29142849481746835,0.12593326909355515,0.8551221335992024
307,0.06,10.0,0.29142849481746835,0.12593326909355515,0.8551221335992024
329,0.065,10.0,0.29142849481746835,0.12593326909355515,0.8551221335992024
351,0.07,10.0,0.29142849481746835,0.12593326909355515,0.8551221335992024
373,0.075,10.0,0.29142849481746835,0.12593326909355515,0.8551221335992024
395,0.08,10.0,0.29142849481746835,0.12593326909355515,0.8551221335992024
417,0.085,10.0,0.29142849481746835,0.12593326909355515,0.8551221335992024
439,0.09,10.0,0.29142849481746835,0.12593326909355515,0.8551221335992024
461,0.095,10.0,0.29142849481746835,0.12593326909355515,0.8551221335992024
483,0.1,10.0,0.29142849481746835,0.12593326909355515,0.8551221335992024
505,0.125,10.0,0.29142849481746835,0.12593326909355515,0.8551221335992024
527,0.15,10.0,0.29142849481746835,0.12593326909355515,0.8551221335992024
549,0.2,10.0,0.29142849481746835,0.12593326909355515,0.8551221335992024
571,0.25,10.0,0.29142849481746835,0.12593326909355515,0.8551221335992024
593,0.3,10.0,0.29142849481746835,0.12593326909355515,0.8551221335992024
615,0.4,10.0,0.29142849481746835,0.12593326909355515,0.8551221335992024
574,0.3,0.01,0.29142733449041497,0.11452726032875667,0.7575784551108579
606,0.4,0.2225039271491978,0.2913799782365053,0.11919928738548885,0.7769370460048426
207,0.04,0.10495581875524816,0.2913459510257723,0.11563738308696937,0.7822425580401652
553,0.25,0.02,0.29124998661240903,0.1142467536163234,0.7547535963537957
21,0.001,10.0,0.2912080362636765,0.12572768694018419,0.854415918909937
87,0.01,10.0,0.2912080362636765,0.12572768694018419,0.854415918909937
248,0.05,0.049507997596815526,0.29119884744884744,0.11388469573129673,0.7649848074823149
247,0.05,0.038538810670601456,0.2911728369750758,0.11381153581582153,0.7649848074823149
43,0.0025,10.0,0.2910972206608396,0.1257889570207055,0.8537097042206714
605,0.4,0.17320508075688773,0.2910757770055983,0.1190675050248435,0.7744741964582442
604,0.4,0.1348290809262157,0.2910699548489705,0.1190883488980954,0.7737679817689788
141,0.025,0.10495581875524816,0.29105719467677094,0.11541656703170036,0.8083190903480035
338,0.07,0.08170139420154304,0.2910431175098762,0.11515697304903122,0.7519643450600579
291,0.06,0.038538810670601456,0.2910101336272181,0.11500001820172694,0.7586822864739116
313,0.065,0.038538810670601456,0.2909891481923621,0.11513443460886037,0.7558574277168495
206,0.04,0.08170139420154304,0.29094425578120975,0.11506353245760308,0.7818805488297014
312,0.065,0.03,0.2909385709457335,0.11489770817411465,0.7593885011631771
339,0.07,0.10495581875524816,0.29087679468448147,0.1146290648854425,0.7519465413283957
138,0.025,0.049507997596815526,0.2907988464202885,0.11409872012107916,0.8086454920951431
360,0.075,0.08170139420154304,0.2907436625122384,0.11387019959431839,0.7568722404215924
532,0.2,0.03,0.2907085998136459,0.11327647671249824,0.7625219579357166
336,0.07,0.049507997596815526,0.29070792261483197,0.11459336968778104,0.7554954185063856
533,0.2,0.038538810670601456,0.29056502991177446,0.11318765139559041,0.7611095285571856
361,0.075,0.10495581875524816,0.2905410905781076,0.11345621556222703,0.755804016521863
559,0.25,0.10495581875524816,0.29050066996495566,0.11324483608169678,0.7543915871433319
554,0.25,0.03,0.29046745196359536,0.11335975654640441,0.7533411669752647
555,0.25,0.038538810670601456,0.29046745196359536,0.11335975654640441,0.7533411669752647
205,0.04,0.06359931153547553,0.29044153813432194,0.11421370988688923,0.7815185396192376
597,0.4,0.02,0.2904151876887248,0.1187769898248864,0.7741477947111047
556,0.25,0.049507997596815526,0.29039690190780676,0.11334639905017008,0.7526349522859992
558,0.25,0.08170139420154304,0.29036893019280496,0.11311208445068088,0.7529791577648008
557,0.25,0.06359931153547553,0.2901885685744734,0.1131544152430136,0.751222522907468
598,0.4,0.03,0.29016225461117934,0.11860161070882785,0.7720291506433081
601,0.4,0.06359931153547553,0.2900619396942926,0.11774070237173709,0.7730617670797132
229,0.045,0.10495581875524816,0.29004776375387975,0.11521204977034556,0.7716671414328442
599,0.4,0.038538810670601456,0.2899919505830156,0.11847084284737536,0.7713229359540426
602,0.4,0.08170139420154304,0.28997776461011754,0.1176652494770511,0.7723555523904477
600,0.4,0.049507997596815526,0.28992909097075764,0.11791530729408196,0.7713051322223805
603,0.4,0.10495581875524816,0.2898714720931107,0.11757024616419313,0.7716493377011822
560,0.25,0.1348290809262157,0.28982503440864227,0.11282231337551817,0.7483976641504059
561,0.25,0.17320508075688773,0.28981600370820143,0.11260675629225937,0.7487418696292076
550,0.25,0.003,0.2897890471013449,0.11619099362414102,0.7607653230783838
78,0.01,0.2225039271491978,0.2896918847601444,0.11440695024971563,0.794212600294355
95,0.015,0.06359931153547553,0.28961966735730515,0.1176572627145723,0.8111083416417415
551,0.25,0.005,0.289560952790043,0.11597489078515726,0.7593528936998528
99,0.015,0.17320508075688773,0.28950481235771564,0.11422168743891008,0.7952630204624223
573,0.3,0.005,0.28920060987996943,0.11550920803297877,0.7575784551108579
116,0.02,0.049507997596815526,0.2890739476463579,0.11440246291116458,0.8058028296064188
120,0.02,0.1348290809262157,0.2890215011067414,0.1158074693886738,0.8033755875231449
552,0.25,0.01,0.2889533955567436,0.11538042966198085,0.754409390874994
572,0.3,0.003,0.2873487580281176,0.11635843688575696,0.7568722404215923
117,0.02,0.06359931153547553,0.2867886463119514,0.11400005552555102,0.80085932678156
118,0.02,0.08170139420154304,0.2866930023104877,0.11403118787046243,0.802633765370555
119,0.02,0.10495581875524816,0.28632869155567364,0.11448901962915686,0.8008949342448843
96,0.015,0.08170139420154304,0.2859478021138013,0.11396232902413407,0.7938149836205668
98,0.015,0.1348290809262157,0.2856141433930537,0.11430987411359748,0.7899575084270997
97,0.015,0.10495581875524816,0.28449620427881295,0.11319004835841474,0.7857202202915063
2,0.001,0.01,0.21578335049832426,0.14065956775204025,0.8147462374780421
24,0.0025,0.01,0.215531334369292,0.14018804709888805,0.8140400227887765
46,0.005,0.01,0.215531334369292,0.14018804709888805,0.8140400227887765
1,0.001,0.005,0.09794750363870454,0.022505925660799453,0.7977970849356691
23,0.0025,0.005,0.09794750363870454,0.022505925660799453,0.7977970849356691
45,0.005,0.005,0.09794750363870454,0.022505925660799453,0.7977970849356691
0,0.001,0.003,0.08985434202497,0.02588589574047619,0.7861534444286189
22,0.0025,0.003,0.08941574553374193,0.025281369350209026,0.7854472297393534
44,0.005,0.003,0.08941574553374193,0.025281369350209026,0.7854472297393534
