pattern_id,rows,defect_rows,normal_rows,pattern_type
0,1,0,1,normal_only
1,2,0,2,normal_only
2,2,0,2,normal_only
3,2,0,2,normal_only
4,2,0,2,normal_only
5,2,0,2,normal_only
6,2,0,2,normal_only
7,2,0,2,normal_only
8,2,0,2,normal_only
9,2,0,2,normal_only
10,2,0,2,normal_only
11,2,0,2,normal_only
12,2,0,2,normal_only
13,2,0,2,normal_only
14,2,0,2,normal_only
15,2,0,2,normal_only
16,2,0,2,normal_only
17,2,0,2,normal_only
18,2,0,2,normal_only
19,2,0,2,normal_only
20,2,0,2,normal_only
21,2,0,2,normal_only
22,2,0,2,normal_only
23,2,0,2,normal_only
24,2,1,1,conflicting
25,2,0,2,normal_only
26,2,0,2,normal_only
27,2,0,2,normal_only
28,2,0,2,normal_only
29,2,0,2,normal_only
30,2,0,2,normal_only
31,2,0,2,normal_only
32,2,0,2,normal_only
33,2,0,2,normal_only
34,2,0,2,normal_only
35,2,0,2,normal_only
36,2,0,2,normal_only
37,2,0,2,normal_only
38,2,0,2,normal_only
39,2,0,2,normal_only
40,2,1,1,conflicting
41,2,0,2,normal_only
42,2,0,2,normal_only
43,2,0,2,normal_only
44,2,0,2,normal_only
45,2,0,2,normal_only
46,2,0,2,normal_only
47,2,0,2,normal_only
48,2,1,1,conflicting
49,2,0,2,normal_only
50,2,1,1,conflicting
51,2,1,1,conflicting
52,2,1,1,conflicting
53,2,1,1,conflicting
54,2,1,1,conflicting
55,2,1,1,conflicting
56,2,1,1,conflicting
57,2,1,1,conflicting
58,2,2,0,defect_only
59,2,2,0,defect_only
60,2,2,0,defect_only
61,2,0,2,normal_only
62,2,0,2,normal_only
63,2,0,2,normal_only
64,2,0,2,normal_only
65,2,0,2,normal_only
66,2,0,2,normal_only
67,2,0,2,normal_only
68,2,0,2,normal_only
69,2,0,2,normal_only
70,2,0,2,normal_only
71,2,0,2,normal_only
72,2,0,2,normal_only
73,2,0,2,normal_only
74,2,0,2,normal_only
75,2,0,2,normal_only
76,2,0,2,normal_only
77,2,0,2,normal_only
78,2,0,2,normal_only
79,2,0,2,normal_only
80,2,0,2,normal_only
81,2,0,2,normal_only
82,2,0,2,normal_only
83,2,0,2,normal_only
84,2,0,2,normal_only
85,2,0,2,normal_only
86,2,0,2,normal_only
87,2,0,2,normal_only
88,2,0,2,normal_only
89,2,0,2,normal_only
90,2,0,2,normal_only
91,2,0,2,normal_only
92,2,0,2,normal_only
93,2,0,2,normal_only
94,2,0,2,normal_only
95,2,0,2,normal_only
96,2,0,2,normal_only
97,2,0,2,normal_only
98,2,0,2,normal_only
99,2,0,2,normal_only
100,2,0,2,normal_only
101,2,0,2,normal_only
102,2,0,2,normal_only
103,2,0,2,normal_only
104,2,0,2,normal_only
105,2,0,2,normal_only
106,2,0,2,normal_only
107,2,0,2,normal_only
108,2,0,2,normal_only
109,2,0,2,normal_only
110,2,0,2,normal_only
111,2,0,2,normal_only
112,2,0,2,normal_only
113,2,0,2,normal_only
114,2,0,2,normal_only
115,2,0,2,normal_only
116,2,0,2,normal_only
117,2,0,2,normal_only
118,2,0,2,normal_only
119,2,0,2,normal_only
120,2,0,2,normal_only
121,2,0,2,normal_only
122,2,0,2,normal_only
123,2,0,2,normal_only
124,2,0,2,normal_only
125,2,0,2,normal_only
126,2,0,2,normal_only
127,2,0,2,normal_only
128,2,0,2,normal_only
129,2,0,2,normal_only
130,2,0,2,normal_only
131,2,0,2,normal_only
132,2,0,2,normal_only
133,2,0,2,normal_only
134,2,0,2,normal_only
135,2,0,2,normal_only
136,2,0,2,normal_only
137,2,0,2,normal_only
138,2,0,2,normal_only
139,2,0,2,normal_only
140,2,0,2,normal_only
141,2,0,2,normal_only
142,2,0,2,normal_only
143,2,0,2,normal_only
144,2,0,2,normal_only
145,2,0,2,normal_only
146,2,0,2,normal_only
147,2,0,2,normal_only
148,2,0,2,normal_only
149,2,0,2,normal_only
150,2,0,2,normal_only
151,2,0,2,normal_only
152,2,0,2,normal_only
153,2,0,2,normal_only
154,2,0,2,normal_only
155,2,0,2,normal_only
156,2,0,2,normal_only
157,2,0,2,normal_only
158,2,0,2,normal_only
159,2,0,2,normal_only
160,2,0,2,normal_only
161,2,0,2,normal_only
162,2,0,2,normal_only
163,2,0,2,normal_only
164,2,0,2,normal_only
165,2,0,2,normal_only
166,2,0,2,normal_only
167,2,0,2,normal_only
168,2,0,2,normal_only
169,2,0,2,normal_only
170,2,0,2,normal_only
171,2,0,2,normal_only
172,2,0,2,normal_only
173,2,0,2,normal_only
174,2,0,2,normal_only
175,2,0,2,normal_only
176,2,0,2,normal_only
177,2,0,2,normal_only
178,2,0,2,normal_only
179,2,0,2,normal_only
180,2,0,2,normal_only
181,2,0,2,normal_only
182,2,0,2,normal_only
183,2,0,2,normal_only
184,2,0,2,normal_only
185,2,0,2,normal_only
186,2,0,2,normal_only
187,2,0,2,normal_only
188,2,0,2,normal_only
189,2,0,2,normal_only
190,2,0,2,normal_only
191,2,0,2,normal_only
192,2,0,2,normal_only
193,2,0,2,normal_only
194,2,0,2,normal_only
195,2,0,2,normal_only
196,2,0,2,normal_only
197,2,0,2,normal_only
198,2,0,2,normal_only
199,2,0,2,normal_only
200,2,0,2,normal_only
201,2,0,2,normal_only
202,2,0,2,normal_only
203,2,0,2,normal_only
204,2,0,2,normal_only
205,2,0,2,normal_only
206,2,0,2,normal_only
207,2,0,2,normal_only
208,2,0,2,normal_only
209,2,0,2,normal_only
210,2,0,2,normal_only
211,2,0,2,normal_only
212,2,0,2,normal_only
213,2,0,2,normal_only
214,2,0,2,normal_only
215,2,0,2,normal_only
216,2,0,2,normal_only
217,2,0,2,normal_only
218,2,0,2,normal_only
219,2,0,2,normal_only
220,2,0,2,normal_only
221,2,0,2,normal_only
222,2,0,2,normal_only
223,2,0,2,normal_only
224,2,0,2,normal_only
225,2,0,2,normal_only
226,2,0,2,normal_only
227,2,0,2,normal_only
228,2,0,2,normal_only
229,2,0,2,normal_only
230,2,0,2,normal_only
231,2,0,2,normal_only
232,2,0,2,normal_only
233,2,0,2,normal_only
234,2,0,2,normal_only
235,2,0,2,normal_only
236,2,0,2,normal_only
237,2,0,2,normal_only
238,2,0,2,normal_only
239,2,0,2,normal_only
240,2,0,2,normal_only
241,2,0,2,normal_only
242,2,0,2,normal_only
243,2,0,2,normal_only
244,2,0,2,normal_only
245,2,0,2,normal_only
246,2,0,2,normal_only
247,2,0,2,normal_only
248,2,0,2,normal_only
249,2,0,2,normal_only
250,2,0,2,normal_only
251,2,0,2,normal_only
252,2,0,2,normal_only
253,2,0,2,normal_only
254,2,0,2,normal_only
255,2,0,2,normal_only
256,2,0,2,normal_only
257,2,0,2,normal_only
258,2,0,2,normal_only
259,2,0,2,normal_only
260,2,0,2,normal_only
261,2,0,2,normal_only
262,2,0,2,normal_only
263,2,0,2,normal_only
264,2,0,2,normal_only
265,2,0,2,normal_only
266,2,0,2,normal_only
267,2,0,2,normal_only
268,2,0,2,normal_only
269,2,0,2,normal_only
270,2,0,2,normal_only
271,2,0,2,normal_only
272,2,0,2,normal_only
273,2,0,2,normal_only
274,2,0,2,normal_only
275,2,0,2,normal_only
276,2,0,2,normal_only
277,2,0,2,normal_only
278,2,0,2,normal_only
279,2,0,2,normal_only
280,2,0,2,normal_only
281,2,0,2,normal_only
282,2,0,2,normal_only
283,2,0,2,normal_only
284,2,0,2,normal_only
285,2,0,2,normal_only
286,2,0,2,normal_only
287,2,0,2,normal_only
288,2,0,2,normal_only
289,2,0,2,normal_only
290,2,0,2,normal_only
291,2,0,2,normal_only
292,2,0,2,normal_only
293,2,0,2,normal_only
294,2,0,2,normal_only
295,2,0,2,normal_only
296,2,0,2,normal_only
297,2,0,2,normal_only
298,2,0,2,normal_only
299,2,0,2,normal_only
300,2,0,2,normal_only
301,2,0,2,normal_only
302,2,0,2,normal_only
303,2,0,2,normal_only
304,2,0,2,normal_only
305,2,0,2,normal_only
306,2,0,2,normal_only
307,2,0,2,normal_only
308,2,0,2,normal_only
309,2,0,2,normal_only
310,2,0,2,normal_only
311,2,0,2,normal_only
312,2,0,2,normal_only
313,2,0,2,normal_only
314,2,0,2,normal_only
315,2,0,2,normal_only
316,2,0,2,normal_only
317,2,0,2,normal_only
318,2,0,2,normal_only
319,2,0,2,normal_only
320,2,0,2,normal_only
321,2,0,2,normal_only
322,2,0,2,normal_only
323,2,0,2,normal_only
324,2,0,2,normal_only
325,2,0,2,normal_only
326,2,0,2,normal_only
327,2,0,2,normal_only
328,2,0,2,normal_only
329,2,0,2,normal_only
330,2,0,2,normal_only
331,2,0,2,normal_only
332,2,0,2,normal_only
333,2,0,2,normal_only
334,2,0,2,normal_only
335,2,0,2,normal_only
336,2,0,2,normal_only
337,2,0,2,normal_only
338,2,0,2,normal_only
339,2,0,2,normal_only
340,2,0,2,normal_only
341,2,0,2,normal_only
342,2,0,2,normal_only
343,2,0,2,normal_only
344,2,0,2,normal_only
345,2,0,2,normal_only
346,2,0,2,normal_only
347,2,0,2,normal_only
348,2,0,2,normal_only
349,2,0,2,normal_only
350,2,0,2,normal_only
351,2,0,2,normal_only
352,2,0,2,normal_only
353,2,0,2,normal_only
354,2,0,2,normal_only
355,2,0,2,normal_only
356,2,0,2,normal_only
357,2,0,2,normal_only
358,2,0,2,normal_only
359,2,0,2,normal_only
360,2,0,2,normal_only
361,2,0,2,normal_only
362,2,0,2,normal_only
363,2,0,2,normal_only
364,2,0,2,normal_only
365,2,0,2,normal_only
366,2,0,2,normal_only
367,2,0,2,normal_only
368,2,0,2,normal_only
369,2,0,2,normal_only
370,2,0,2,normal_only
371,2,0,2,normal_only
372,2,0,2,normal_only
373,2,0,2,normal_only
374,2,0,2,normal_only
375,2,0,2,normal_only
376,2,0,2,normal_only
377,2,0,2,normal_only
378,2,0,2,normal_only
379,2,0,2,normal_only
380,2,0,2,normal_only
381,2,0,2,normal_only
382,2,0,2,normal_only
383,2,0,2,normal_only
384,2,0,2,normal_only
385,2,0,2,normal_only
386,2,0,2,normal_only
387,2,0,2,normal_only
388,2,0,2,normal_only
389,2,0,2,normal_only
390,2,0,2,normal_only
391,2,0,2,normal_only
392,2,0,2,normal_only
393,2,0,2,normal_only
394,2,0,2,normal_only
395,2,0,2,normal_only
396,2,0,2,normal_only
397,2,0,2,normal_only
398,2,0,2,normal_only
399,2,0,2,normal_only
400,2,0,2,normal_only
401,2,0,2,normal_only
402,2,0,2,normal_only
403,2,0,2,normal_only
404,2,0,2,normal_only
405,2,0,2,normal_only
406,2,0,2,normal_only
407,2,0,2,normal_only
408,2,0,2,normal_only
409,2,0,2,normal_only
410,2,0,2,normal_only
411,2,0,2,normal_only
412,2,0,2,normal_only
413,2,0,2,normal_only
414,2,0,2,normal_only
415,2,0,2,normal_only
416,2,0,2,normal_only
417,2,0,2,normal_only
418,2,0,2,normal_only
419,2,0,2,normal_only
420,2,0,2,normal_only
421,2,0,2,normal_only
422,2,0,2,normal_only
423,2,0,2,normal_only
424,2,0,2,normal_only
425,2,0,2,normal_only
426,2,0,2,normal_only
427,2,0,2,normal_only
428,2,0,2,normal_only
429,2,0,2,normal_only
430,2,0,2,normal_only
431,2,0,2,normal_only
432,2,0,2,normal_only
433,2,0,2,normal_only
434,2,0,2,normal_only
435,2,0,2,normal_only
436,2,0,2,normal_only
437,2,0,2,normal_only
438,2,0,2,normal_only
439,2,0,2,normal_only
440,2,0,2,normal_only
441,2,0,2,normal_only
442,2,0,2,normal_only
443,2,0,2,normal_only
444,2,0,2,normal_only
445,2,0,2,normal_only
446,2,0,2,normal_only
447,2,0,2,normal_only
448,2,0,2,normal_only
449,2,0,2,normal_only
450,2,0,2,normal_only
451,2,0,2,normal_only
452,2,0,2,normal_only
453,2,0,2,normal_only
454,2,0,2,normal_only
455,2,0,2,normal_only
456,2,0,2,normal_only
457,2,0,2,normal_only
458,2,0,2,normal_only
459,2,0,2,normal_only
460,2,0,2,normal_only
461,2,0,2,normal_only
462,2,0,2,normal_only
463,2,0,2,normal_only
464,2,0,2,normal_only
465,2,0,2,normal_only
466,2,0,2,normal_only
467,2,0,2,normal_only
468,2,0,2,normal_only
469,2,0,2,normal_only
470,2,0,2,normal_only
471,2,0,2,normal_only
472,2,0,2,normal_only
473,2,0,2,normal_only
474,2,0,2,normal_only
475,2,0,2,normal_only
476,2,0,2,normal_only
477,2,0,2,normal_only
478,2,0,2,normal_only
479,2,0,2,normal_only
480,2,0,2,normal_only
481,2,0,2,normal_only
482,2,0,2,normal_only
483,2,0,2,normal_only
484,2,0,2,normal_only
485,2,0,2,normal_only
486,2,0,2,normal_only
487,2,0,2,normal_only
488,2,0,2,normal_only
489,2,0,2,normal_only
490,2,0,2,normal_only
491,2,0,2,normal_only
492,2,0,2,normal_only
493,2,0,2,normal_only
494,2,0,2,normal_only
495,2,0,2,normal_only
496,2,0,2,normal_only
497,2,0,2,normal_only
498,2,0,2,normal_only
499,2,0,2,normal_only
500,2,0,2,normal_only
501,2,0,2,normal_only
502,2,0,2,normal_only
503,2,0,2,normal_only
504,2,0,2,normal_only
505,2,0,2,normal_only
506,2,0,2,normal_only
507,2,0,2,normal_only
508,2,0,2,normal_only
509,2,0,2,normal_only
510,2,0,2,normal_only
511,2,0,2,normal_only
512,2,0,2,normal_only
513,2,0,2,normal_only
514,2,0,2,normal_only
515,2,0,2,normal_only
516,2,0,2,normal_only
517,2,0,2,normal_only
518,2,0,2,normal_only
519,2,0,2,normal_only
520,2,0,2,normal_only
521,2,0,2,normal_only
522,2,0,2,normal_only
523,2,0,2,normal_only
524,2,0,2,normal_only
525,2,0,2,normal_only
526,2,0,2,normal_only
527,2,0,2,normal_only
528,2,0,2,normal_only
529,2,0,2,normal_only
530,2,0,2,normal_only
531,2,0,2,normal_only
532,2,0,2,normal_only
533,2,0,2,normal_only
534,2,0,2,normal_only
535,2,0,2,normal_only
536,2,0,2,normal_only
537,2,0,2,normal_only
538,2,0,2,normal_only
539,2,0,2,normal_only
540,2,0,2,normal_only
541,2,0,2,normal_only
542,2,0,2,normal_only
543,2,0,2,normal_only
544,2,0,2,normal_only
545,2,0,2,normal_only
546,2,0,2,normal_only
547,2,0,2,normal_only
548,2,0,2,normal_only
549,2,0,2,normal_only
550,2,0,2,normal_only
551,2,0,2,normal_only
552,2,0,2,normal_only
553,2,0,2,normal_only
554,2,0,2,normal_only
555,2,0,2,normal_only
556,2,0,2,normal_only
557,2,0,2,normal_only
558,2,0,2,normal_only
559,2,0,2,normal_only
560,2,0,2,normal_only
561,2,0,2,normal_only
562,2,0,2,normal_only
563,2,0,2,normal_only
564,2,0,2,normal_only
565,2,0,2,normal_only
566,2,0,2,normal_only
567,2,0,2,normal_only
568,2,0,2,normal_only
569,2,0,2,normal_only
570,2,0,2,normal_only
571,2,0,2,normal_only
572,2,0,2,normal_only
573,2,0,2,normal_only
574,2,0,2,normal_only
575,2,0,2,normal_only
576,2,0,2,normal_only
577,2,0,2,normal_only
578,2,0,2,normal_only
579,2,0,2,normal_only
580,2,0,2,normal_only
581,2,0,2,normal_only
582,2,0,2,normal_only
583,2,0,2,normal_only
584,2,0,2,normal_only
585,2,0,2,normal_only
586,2,0,2,normal_only
587,2,0,2,normal_only
588,2,0,2,normal_only
589,2,0,2,normal_only
590,2,0,2,normal_only
591,2,0,2,normal_only
592,2,0,2,normal_only
593,2,0,2,normal_only
594,2,0,2,normal_only
595,2,0,2,normal_only
596,2,0,2,normal_only
597,2,0,2,normal_only
598,2,0,2,normal_only
599,2,0,2,normal_only
600,2,0,2,normal_only
601,2,0,2,normal_only
602,2,0,2,normal_only
603,2,0,2,normal_only
604,2,0,2,normal_only
605,2,0,2,normal_only
