source_row,source_id,pattern_id,original_label,pattern_row,representative_label
0,1211,RG3_L_000000,0,0,0
1,1212,RG3_L_000000,0,0,0
2,1213,RG3_L_000001,0,1,0
3,1214,RG3_L_000001,0,1,0
4,1215,RG3_L_000002,0,2,0
5,1216,RG3_L_000002,0,2,0
6,1217,RG3_L_000003,0,3,0
7,1218,RG3_L_000003,0,3,0
8,1219,RG3_L_000004,0,4,0
9,1220,RG3_L_000004,0,4,0
10,1221,RG3_L_000005,0,5,0
11,1222,RG3_L_000005,0,5,0
12,1223,RG3_L_000006,0,6,0
13,1224,RG3_L_000006,0,6,0
14,1225,RG3_L_000007,0,7,0
15,1226,RG3_L_000007,0,7,0
16,1227,RG3_L_000008,0,8,0
17,1228,RG3_L_000008,0,8,0
18,1229,RG3_L_000009,0,9,0
19,1230,RG3_L_000009,0,9,0
20,1231,RG3_L_000010,0,10,0
21,1232,RG3_L_000010,0,10,0
22,1233,RG3_L_000011,0,11,0
23,1234,RG3_L_000011,0,11,0
24,1235,RG3_L_000012,0,12,0
25,1236,RG3_L_000012,0,12,0
26,1237,RG3_L_000013,0,13,0
27,1238,RG3_L_000013,0,13,0
28,1239,RG3_L_000014,0,14,0
29,1240,RG3_L_000014,0,14,0
30,1241,RG3_L_000015,0,15,0
31,1242,RG3_L_000015,0,15,0
32,1243,RG3_L_000016,0,16,0
33,1244,RG3_L_000016,0,16,0
34,1245,RG3_L_000017,0,17,0
35,1246,RG3_L_000017,0,17,0
36,1247,RG3_L_000018,0,18,0
37,1248,RG3_L_000018,0,18,0
38,1249,RG3_L_000019,0,19,0
39,1250,RG3_L_000019,0,19,0
40,1251,RG3_L_000020,0,20,0
41,1252,RG3_L_000020,0,20,0
42,1253,RG3_L_000021,0,21,0
43,1254,RG3_L_000021,0,21,0
44,1255,RG3_L_000022,0,22,0
45,1256,RG3_L_000022,0,22,0
46,1257,RG3_L_000023,0,23,0
47,1258,RG3_L_000023,0,23,0
48,1259,RG3_L_000024,0,24,0
49,1260,RG3_L_000024,0,24,0
50,1261,RG3_L_000025,0,25,0
51,1262,RG3_L_000025,0,25,0
52,1263,RG3_L_000026,0,26,0
53,1264,RG3_L_000026,0,26,0
54,1265,RG3_L_000027,0,27,0
55,1266,RG3_L_000027,0,27,0
56,1267,RG3_L_000028,0,28,0
57,1268,RG3_L_000028,0,28,0
58,1269,RG3_L_000029,0,29,0
59,1270,RG3_L_000029,0,29,0
60,1271,RG3_L_000030,0,30,0
61,1272,RG3_L_000030,0,30,0
62,1273,RG3_L_000031,0,31,0
63,1274,RG3_L_000031,0,31,0
64,1275,RG3_L_000032,0,32,0
65,1276,RG3_L_000032,0,32,0
66,1277,RG3_L_000033,0,33,0
67,1278,RG3_L_000033,0,33,0
68,1279,RG3_L_000034,0,34,0
69,1280,RG3_L_000034,0,34,0
70,1281,RG3_L_000035,0,35,0
71,1282,RG3_L_000035,0,35,0
72,1283,RG3_L_000036,0,36,0
73,1284,RG3_L_000036,0,36,0
74,1285,RG3_L_000037,0,37,0
75,1286,RG3_L_000037,0,37,0
76,1287,RG3_L_000038,0,38,0
77,1288,RG3_L_000038,0,38,0
78,1289,RG3_L_000039,0,39,0
79,1290,RG3_L_000039,0,39,0
80,1291,RG3_L_000040,0,40,0
81,1292,RG3_L_000040,0,40,0
82,1293,RG3_L_000041,0,41,0
83,1294,RG3_L_000041,0,41,0
84,1295,RG3_L_000042,0,42,0
85,1296,RG3_L_000042,0,42,0
86,1297,RG3_L_000043,0,43,0
87,1298,RG3_L_000043,0,43,0
88,1299,RG3_L_000044,0,44,0
89,1300,RG3_L_000044,0,44,0
90,1301,RG3_L_000045,0,45,0
91,1302,RG3_L_000045,0,45,0
92,1303,RG3_L_000046,0,46,0
93,1304,RG3_L_000046,0,46,0
94,1305,RG3_L_000047,0,47,0
95,1306,RG3_L_000047,0,47,0
96,1307,RG3_L_000048,0,48,0
97,1308,RG3_L_000048,0,48,0
98,1309,RG3_L_000049,0,49,0
99,1310,RG3_L_000049,0,49,0
100,1311,RG3_L_000050,0,50,0
101,1312,RG3_L_000050,0,50,0
102,1313,RG3_L_000051,0,51,0
103,1314,RG3_L_000051,0,51,0
104,1315,RG3_L_000052,0,52,0
105,1316,RG3_L_000052,0,52,0
106,1317,RG3_L_000053,0,53,0
107,1318,RG3_L_000053,0,53,0
108,1319,RG3_L_000054,0,54,0
109,1320,RG3_L_000054,0,54,0
110,1321,RG3_L_000055,0,55,0
111,1322,RG3_L_000055,0,55,0
112,1323,RG3_L_000056,0,56,0
113,1324,RG3_L_000056,0,56,0
114,1325,RG3_L_000057,0,57,0
115,1326,RG3_L_000057,0,57,0
116,1327,RG3_L_000058,0,58,0
117,1328,RG3_L_000058,0,58,0
118,1329,RG3_L_000059,0,59,0
119,1330,RG3_L_000059,0,59,0
120,1331,RG3_L_000060,0,60,0
121,1332,RG3_L_000060,0,60,0
122,1333,RG3_L_000061,0,61,0
123,1334,RG3_L_000061,0,61,0
124,1335,RG3_L_000062,0,62,0
125,1336,RG3_L_000062,0,62,0
126,1337,RG3_L_000063,0,63,0
127,1338,RG3_L_000063,0,63,0
128,1339,RG3_L_000064,0,64,0
129,1340,RG3_L_000064,0,64,0
130,1341,RG3_L_000065,0,65,0
131,1342,RG3_L_000065,0,65,0
132,1343,RG3_L_000066,0,66,0
133,1344,RG3_L_000066,0,66,0
134,1345,RG3_L_000067,0,67,0
135,1346,RG3_L_000067,0,67,0
136,1347,RG3_L_000068,1,68,1
137,1348,RG3_L_000068,0,68,1
138,1349,RG3_L_000069,0,69,0
139,1350,RG3_L_000069,0,69,0
140,1351,RG3_L_000070,0,70,0
141,1352,RG3_L_000071,0,71,0
142,1353,RG3_L_000070,0,70,0
143,1354,RG3_L_000071,0,71,0
144,1355,RG3_L_000072,0,72,0
145,1356,RG3_L_000072,0,72,0
146,1357,RG3_L_000073,0,73,0
147,1358,RG3_L_000073,0,73,0
148,1359,RG3_L_000074,0,74,0
149,1360,RG3_L_000074,0,74,0
150,1361,RG3_L_000075,0,75,0
151,1362,RG3_L_000075,0,75,0
152,1363,RG3_L_000076,0,76,0
153,1364,RG3_L_000076,0,76,0
154,1365,RG3_L_000077,0,77,0
155,1366,RG3_L_000077,0,77,0
156,1367,RG3_L_000078,0,78,0
157,1368,RG3_L_000078,0,78,0
158,1369,RG3_L_000079,0,79,0
159,1370,RG3_L_000079,0,79,0
160,1371,RG3_L_000080,1,80,1
161,1372,RG3_L_000080,0,80,1
162,1373,RG3_L_000081,0,81,0
163,1374,RG3_L_000081,0,81,0
164,1375,RG3_L_000082,0,82,0
165,1376,RG3_L_000082,0,82,0
166,1377,RG3_L_000083,0,83,0
167,1378,RG3_L_000083,0,83,0
168,1379,RG3_L_000084,0,84,0
169,1380,RG3_L_000084,0,84,0
170,1381,RG3_L_000085,1,85,1
171,1382,RG3_L_000085,0,85,1
172,1383,RG3_L_000086,0,86,0
173,1384,RG3_L_000086,0,86,0
174,1385,RG3_L_000087,0,87,0
175,1386,RG3_L_000087,0,87,0
176,1387,RG3_L_000088,0,88,0
177,1388,RG3_L_000088,0,88,0
178,1389,RG3_L_000089,0,89,0
179,1390,RG3_L_000089,0,89,0
180,1391,RG3_L_000090,0,90,0
181,1392,RG3_L_000090,0,90,0
182,1393,RG3_L_000091,0,91,0
183,1394,RG3_L_000091,0,91,0
184,1395,RG3_L_000092,0,92,0
185,1396,RG3_L_000092,0,92,0
186,1397,RG3_L_000093,0,93,0
187,1398,RG3_L_000093,0,93,0
188,1399,RG3_L_000094,0,94,0
189,1400,RG3_L_000094,0,94,0
190,1401,RG3_L_000095,0,95,0
191,1402,RG3_L_000095,0,95,0
192,1403,RG3_L_000096,0,96,0
193,1404,RG3_L_000096,0,96,0
194,1405,RG3_L_000097,0,97,0
195,1406,RG3_L_000097,0,97,0
196,1407,RG3_L_000098,0,98,0
197,1408,RG3_L_000098,0,98,0
198,1409,RG3_L_000099,0,99,0
199,1410,RG3_L_000099,0,99,0
200,1411,RG3_L_000100,0,100,0
201,1412,RG3_L_000100,0,100,0
202,1413,RG3_L_000101,0,101,0
203,1414,RG3_L_000101,0,101,0
204,1415,RG3_L_000102,1,102,1
205,1416,RG3_L_000102,0,102,1
206,1417,RG3_L_000103,0,103,0
207,1418,RG3_L_000103,0,103,0
208,1419,RG3_L_000104,0,104,0
209,1420,RG3_L_000104,0,104,0
210,1421,RG3_L_000105,0,105,0
211,1422,RG3_L_000105,0,105,0
212,1423,RG3_L_000106,0,106,0
213,1424,RG3_L_000106,0,106,0
214,1425,RG3_L_000107,0,107,0
215,1426,RG3_L_000107,0,107,0
216,1427,RG3_L_000108,0,108,0
217,1428,RG3_L_000108,0,108,0
218,1429,RG3_L_000109,0,109,0
219,1430,RG3_L_000109,0,109,0
220,1431,RG3_L_000110,0,110,0
221,1432,RG3_L_000110,0,110,0
222,1433,RG3_L_000111,0,111,0
223,1434,RG3_L_000111,0,111,0
224,1435,RG3_L_000112,0,112,0
225,1436,RG3_L_000112,0,112,0
226,1437,RG3_L_000113,0,113,0
227,1438,RG3_L_000113,0,113,0
228,1439,RG3_L_000114,0,114,0
229,1440,RG3_L_000114,0,114,0
230,1441,RG3_L_000115,0,115,0
231,1442,RG3_L_000115,0,115,0
232,1443,RG3_L_000116,0,116,0
233,1444,RG3_L_000116,0,116,0
234,1445,RG3_L_000117,0,117,0
235,1446,RG3_L_000117,0,117,0
236,1447,RG3_L_000118,0,118,0
237,1448,RG3_L_000118,0,118,0
238,1449,RG3_L_000119,0,119,0
239,1450,RG3_L_000119,0,119,0
240,1451,RG3_L_000120,0,120,0
241,1452,RG3_L_000120,0,120,0
242,1453,RG3_L_000121,0,121,0
243,1454,RG3_L_000121,0,121,0
244,1455,RG3_L_000122,1,122,1
245,1456,RG3_L_000122,0,122,1
246,1457,RG3_L_000123,0,123,0
247,1458,RG3_L_000123,0,123,0
248,1459,RG3_L_000124,0,124,0
249,1460,RG3_L_000124,0,124,0
250,1461,RG3_L_000125,0,125,0
251,1462,RG3_L_000125,0,125,0
252,1463,RG3_L_000126,0,126,0
253,1464,RG3_L_000126,0,126,0
254,1465,RG3_L_000127,0,127,0
255,1466,RG3_L_000127,0,127,0
256,1467,RG3_L_000128,0,128,0
257,1468,RG3_L_000128,0,128,0
258,1469,RG3_L_000129,0,129,0
259,1470,RG3_L_000129,0,129,0
260,1471,RG3_L_000130,0,130,0
261,1472,RG3_L_000130,0,130,0
262,1473,RG3_L_000131,0,131,0
263,1474,RG3_L_000131,0,131,0
264,1475,RG3_L_000132,0,132,0
265,1476,RG3_L_000132,0,132,0
266,1477,RG3_L_000133,0,133,0
267,1478,RG3_L_000133,0,133,0
268,1479,RG3_L_000134,0,134,0
269,1480,RG3_L_000134,0,134,0
270,1481,RG3_L_000135,0,135,0
271,1482,RG3_L_000135,0,135,0
272,1483,RG3_L_000136,0,136,0
273,1484,RG3_L_000136,0,136,0
274,1485,RG3_L_000137,0,137,0
275,1486,RG3_L_000137,0,137,0
276,1487,RG3_L_000138,0,138,0
277,1488,RG3_L_000138,0,138,0
278,1489,RG3_L_000139,0,139,0
279,1490,RG3_L_000139,0,139,0
280,1491,RG3_L_000140,0,140,0
281,1492,RG3_L_000140,0,140,0
282,1493,RG3_L_000141,0,141,0
283,1494,RG3_L_000141,0,141,0
284,1495,RG3_L_000142,0,142,0
285,1496,RG3_L_000142,0,142,0
286,1497,RG3_L_000143,0,143,0
287,1498,RG3_L_000143,0,143,0
288,1499,RG3_L_000144,0,144,0
289,1500,RG3_L_000144,0,144,0
290,1501,RG3_L_000145,0,145,0
291,1502,RG3_L_000145,0,145,0
292,1503,RG3_L_000146,0,146,0
293,1504,RG3_L_000146,0,146,0
294,1505,RG3_L_000147,0,147,0
295,1506,RG3_L_000147,0,147,0
296,1507,RG3_L_000148,0,148,0
297,1508,RG3_L_000148,0,148,0
298,1509,RG3_L_000149,0,149,0
299,1510,RG3_L_000149,0,149,0
300,1511,RG3_L_000150,1,150,1
301,1512,RG3_L_000150,0,150,1
302,1513,RG3_L_000151,0,151,0
303,1514,RG3_L_000151,0,151,0
304,1515,RG3_L_000152,1,152,1
305,1516,RG3_L_000152,0,152,1
306,1517,RG3_L_000153,0,153,0
307,1518,RG3_L_000153,0,153,0
308,1519,RG3_L_000154,0,154,0
309,1520,RG3_L_000154,0,154,0
310,1521,RG3_L_000155,1,155,1
311,1522,RG3_L_000155,0,155,1
312,1523,RG3_L_000156,0,156,0
313,1524,RG3_L_000156,0,156,0
314,1525,RG3_L_000157,0,157,0
315,1526,RG3_L_000157,0,157,0
316,1527,RG3_L_000158,0,158,0
317,1528,RG3_L_000158,0,158,0
318,1529,RG3_L_000159,0,159,0
319,1530,RG3_L_000159,0,159,0
320,1531,RG3_L_000160,0,160,0
321,1532,RG3_L_000160,0,160,0
322,1533,RG3_L_000161,1,161,1
323,1534,RG3_L_000161,0,161,1
324,1535,RG3_L_000162,0,162,0
325,1536,RG3_L_000162,0,162,0
326,1537,RG3_L_000163,0,163,0
327,1538,RG3_L_000163,0,163,0
328,1539,RG3_L_000164,0,164,0
329,1540,RG3_L_000164,0,164,0
330,1541,RG3_L_000165,0,165,0
331,1542,RG3_L_000165,0,165,0
332,1543,RG3_L_000166,0,166,0
333,1544,RG3_L_000166,0,166,0
334,1545,RG3_L_000167,0,167,0
335,1546,RG3_L_000167,0,167,0
336,1547,RG3_L_000168,0,168,0
337,1548,RG3_L_000168,0,168,0
338,1549,RG3_L_000169,0,169,0
339,1550,RG3_L_000169,0,169,0
340,1551,RG3_L_000170,0,170,0
341,1552,RG3_L_000170,0,170,0
342,1553,RG3_L_000171,0,171,0
343,1554,RG3_L_000171,0,171,0
344,1555,RG3_L_000172,0,172,0
345,1556,RG3_L_000172,0,172,0
346,1557,RG3_L_000173,1,173,1
347,1558,RG3_L_000173,0,173,1
348,1559,RG3_L_000174,0,174,0
349,1560,RG3_L_000174,0,174,0
350,1561,RG3_L_000175,0,175,0
351,1562,RG3_L_000175,0,175,0
352,1563,RG3_L_000176,0,176,0
353,1564,RG3_L_000176,0,176,0
354,1565,RG3_L_000177,0,177,0
355,1566,RG3_L_000177,0,177,0
356,1567,RG3_L_000178,0,178,0
357,1568,RG3_L_000178,0,178,0
358,1569,RG3_L_000179,0,179,0
359,1570,RG3_L_000179,0,179,0
360,1571,RG3_L_000180,0,180,0
361,1572,RG3_L_000180,0,180,0
362,1573,RG3_L_000181,0,181,0
363,1574,RG3_L_000181,0,181,0
364,1575,RG3_L_000182,0,182,0
365,1576,RG3_L_000182,0,182,0
366,1577,RG3_L_000183,0,183,0
367,1578,RG3_L_000183,0,183,0
368,1579,RG3_L_000184,0,184,0
369,1580,RG3_L_000184,0,184,0
370,1581,RG3_L_000185,0,185,0
371,1582,RG3_L_000185,0,185,0
372,1583,RG3_L_000186,0,186,0
373,1584,RG3_L_000186,0,186,0
374,1585,RG3_L_000187,0,187,0
375,1586,RG3_L_000187,0,187,0
376,1587,RG3_L_000188,0,188,0
377,1588,RG3_L_000188,0,188,0
378,1589,RG3_L_000189,0,189,0
379,1590,RG3_L_000189,0,189,0
380,1591,RG3_L_000190,0,190,0
381,1592,RG3_L_000190,0,190,0
382,1593,RG3_L_000191,0,191,0
383,1594,RG3_L_000191,0,191,0
384,1595,RG3_L_000192,0,192,0
385,1596,RG3_L_000192,0,192,0
386,1597,RG3_L_000193,0,193,0
387,1598,RG3_L_000193,0,193,0
388,1599,RG3_L_000194,0,194,0
389,1600,RG3_L_000194,0,194,0
390,1601,RG3_L_000195,0,195,0
391,1602,RG3_L_000195,0,195,0
392,1603,RG3_L_000196,0,196,0
393,1604,RG3_L_000196,0,196,0
394,1605,RG3_L_000197,0,197,0
395,1606,RG3_L_000197,0,197,0
396,1607,RG3_L_000198,0,198,0
397,1608,RG3_L_000198,0,198,0
398,1609,RG3_L_000199,0,199,0
399,1610,RG3_L_000199,0,199,0
400,1611,RG3_L_000200,0,200,0
401,1612,RG3_L_000200,0,200,0
402,1613,RG3_L_000201,0,201,0
403,1614,RG3_L_000201,0,201,0
404,1615,RG3_L_000202,0,202,0
405,1616,RG3_L_000202,0,202,0
406,1617,RG3_L_000203,0,203,1
407,1618,RG3_L_000203,1,203,1
408,1619,RG3_L_000204,0,204,0
409,1620,RG3_L_000204,0,204,0
410,1621,RG3_L_000205,1,205,1
411,1622,RG3_L_000205,0,205,1
412,1623,RG3_L_000206,0,206,0
413,1624,RG3_L_000206,0,206,0
414,1625,RG3_L_000207,0,207,0
415,1626,RG3_L_000207,0,207,0
416,1627,RG3_L_000208,0,208,0
417,1628,RG3_L_000208,0,208,0
418,1629,RG3_L_000209,0,209,0
419,1630,RG3_L_000209,0,209,0
420,1631,RG3_L_000210,0,210,0
421,1632,RG3_L_000210,0,210,0
422,1633,RG3_L_000211,0,211,0
423,1634,RG3_L_000211,0,211,0
424,1635,RG3_L_000212,0,212,0
425,1636,RG3_L_000212,0,212,0
426,1637,RG3_L_000213,0,213,0
427,1638,RG3_L_000213,0,213,0
428,1639,RG3_L_000214,0,214,0
429,1640,RG3_L_000214,0,214,0
430,1641,RG3_L_000215,0,215,0
431,1642,RG3_L_000215,0,215,0
432,1643,RG3_L_000216,0,216,0
433,1644,RG3_L_000216,0,216,0
434,1645,RG3_L_000217,0,217,0
435,1646,RG3_L_000217,0,217,0
436,1647,RG3_L_000218,0,218,0
437,1648,RG3_L_000218,0,218,0
438,1649,RG3_L_000219,0,219,0
439,1650,RG3_L_000219,0,219,0
440,1651,RG3_L_000220,0,220,0
441,1652,RG3_L_000220,0,220,0
442,1653,RG3_L_000221,0,221,0
443,1654,RG3_L_000221,0,221,0
444,1655,RG3_L_000222,0,222,0
445,1656,RG3_L_000222,0,222,0
446,1657,RG3_L_000223,0,223,0
447,1658,RG3_L_000223,0,223,0
448,1659,RG3_L_000224,0,224,0
449,1660,RG3_L_000224,0,224,0
450,1661,RG3_L_000225,0,225,0
451,1662,RG3_L_000225,0,225,0
452,1663,RG3_L_000226,0,226,0
453,1664,RG3_L_000226,0,226,0
454,1665,RG3_L_000227,0,227,0
455,1666,RG3_L_000227,0,227,0
456,1667,RG3_L_000228,0,228,0
457,1668,RG3_L_000228,0,228,0
458,1669,RG3_L_000229,0,229,0
459,1670,RG3_L_000229,0,229,0
460,1671,RG3_L_000230,0,230,0
461,1672,RG3_L_000230,0,230,0
462,1673,RG3_L_000231,0,231,1
463,1674,RG3_L_000231,1,231,1
464,1675,RG3_L_000232,0,232,0
465,1676,RG3_L_000232,0,232,0
466,1677,RG3_L_000233,0,233,0
467,1678,RG3_L_000233,0,233,0
468,1679,RG3_L_000234,0,234,0
469,1680,RG3_L_000234,0,234,0
470,1681,RG3_L_000235,0,235,0
471,1682,RG3_L_000235,0,235,0
472,1683,RG3_L_000236,0,236,0
473,1684,RG3_L_000236,0,236,0
474,1685,RG3_L_000237,0,237,0
475,1686,RG3_L_000237,0,237,0
476,1687,RG3_L_000238,0,238,0
477,1688,RG3_L_000238,0,238,0
478,1689,RG3_L_000239,0,239,0
479,1690,RG3_L_000239,0,239,0
480,1691,RG3_L_000240,0,240,0
481,1692,RG3_L_000240,0,240,0
482,1693,RG3_L_000241,0,241,0
483,1694,RG3_L_000241,0,241,0
484,1695,RG3_L_000242,0,242,0
485,1696,RG3_L_000242,0,242,0
486,1697,RG3_L_000243,0,243,0
487,1698,RG3_L_000243,0,243,0
488,1699,RG3_L_000244,0,244,0
489,1700,RG3_L_000244,0,244,0
490,1701,RG3_L_000245,0,245,0
491,1702,RG3_L_000245,0,245,0
492,1703,RG3_L_000246,0,246,0
493,1704,RG3_L_000246,0,246,0
494,1705,RG3_L_000247,0,247,0
495,1706,RG3_L_000247,0,247,0
496,1707,RG3_L_000248,0,248,0
497,1708,RG3_L_000249,0,249,0
498,1709,RG3_L_000249,0,249,0
499,1710,RG3_L_000248,0,248,0
500,1711,RG3_L_000250,0,250,0
501,1712,RG3_L_000250,0,250,0
502,1713,RG3_L_000251,0,251,0
503,1714,RG3_L_000252,0,252,0
504,1715,RG3_L_000252,0,252,0
505,1716,RG3_L_000251,0,251,0
506,1717,RG3_L_000253,0,253,0
507,1718,RG3_L_000253,0,253,0
508,1719,RG3_L_000254,0,254,0
509,1720,RG3_L_000255,0,255,0
510,1721,RG3_L_000254,0,254,0
511,1722,RG3_L_000255,0,255,0
512,1723,RG3_L_000256,0,256,0
513,1724,RG3_L_000256,0,256,0
514,1725,RG3_L_000257,0,257,0
515,1726,RG3_L_000257,0,257,0
516,1727,RG3_L_000258,0,258,0
517,1728,RG3_L_000258,0,258,0
518,1729,RG3_L_000259,0,259,0
519,1730,RG3_L_000259,0,259,0
520,1731,RG3_L_000260,0,260,0
521,1732,RG3_L_000260,0,260,0
522,1733,RG3_L_000261,0,261,0
523,1734,RG3_L_000261,0,261,0
524,1735,RG3_L_000262,0,262,0
525,1736,RG3_L_000262,0,262,0
526,1737,RG3_L_000263,0,263,0
527,1738,RG3_L_000263,0,263,0
528,1739,RG3_L_000264,0,264,0
529,1740,RG3_L_000264,0,264,0
530,1741,RG3_L_000265,0,265,0
531,1742,RG3_L_000265,0,265,0
532,1743,RG3_L_000266,0,266,0
533,1744,RG3_L_000266,0,266,0
534,1745,RG3_L_000267,0,267,0
535,1746,RG3_L_000267,0,267,0
536,1747,RG3_L_000268,0,268,0
537,1748,RG3_L_000268,0,268,0
538,1749,RG3_L_000269,0,269,0
539,1750,RG3_L_000269,0,269,0
540,1751,RG3_L_000270,0,270,0
541,1752,RG3_L_000270,0,270,0
542,1753,RG3_L_000271,0,271,0
543,1754,RG3_L_000271,0,271,0
544,1755,RG3_L_000272,0,272,0
545,1756,RG3_L_000272,0,272,0
546,1757,RG3_L_000273,0,273,0
547,1758,RG3_L_000273,0,273,0
548,1759,RG3_L_000274,0,274,0
549,1760,RG3_L_000274,0,274,0
550,1761,RG3_L_000275,1,275,1
551,1762,RG3_L_000275,0,275,1
552,1763,RG3_L_000276,0,276,0
553,1764,RG3_L_000276,0,276,0
554,1765,RG3_L_000277,0,277,0
555,1766,RG3_L_000277,0,277,0
556,1767,RG3_L_000278,0,278,0
557,1768,RG3_L_000278,0,278,0
558,1769,RG3_L_000279,0,279,0
559,1770,RG3_L_000279,0,279,0
560,1771,RG3_L_000280,0,280,0
561,1772,RG3_L_000280,0,280,0
562,1773,RG3_L_000281,0,281,0
563,1774,RG3_L_000281,0,281,0
564,1775,RG3_L_000282,0,282,0
565,1776,RG3_L_000282,0,282,0
566,1777,RG3_L_000283,0,283,0
567,1778,RG3_L_000283,0,283,0
568,1779,RG3_L_000284,0,284,0
569,1780,RG3_L_000284,0,284,0
570,1781,RG3_L_000285,0,285,0
571,1782,RG3_L_000285,0,285,0
572,1783,RG3_L_000286,0,286,0
573,1784,RG3_L_000286,0,286,0
574,1785,RG3_L_000287,0,287,0
575,1786,RG3_L_000287,0,287,0
576,1787,RG3_L_000288,0,288,0
577,1788,RG3_L_000288,0,288,0
578,1789,RG3_L_000289,0,289,0
579,1790,RG3_L_000290,0,290,0
580,1791,RG3_L_000290,0,290,0
581,1792,RG3_L_000289,0,289,0
582,1793,RG3_L_000291,0,291,0
583,1794,RG3_L_000291,0,291,0
584,1795,RG3_L_000292,0,292,0
585,1796,RG3_L_000292,0,292,0
586,1797,RG3_L_000293,0,293,0
587,1798,RG3_L_000293,0,293,0
588,1799,RG3_L_000294,0,294,0
589,1800,RG3_L_000294,0,294,0
590,1801,RG3_L_000295,0,295,0
591,1802,RG3_L_000295,0,295,0
592,1803,RG3_L_000296,0,296,0
593,1804,RG3_L_000296,0,296,0
594,1805,RG3_L_000297,0,297,0
595,1806,RG3_L_000297,0,297,0
596,1807,RG3_L_000298,0,298,0
597,1808,RG3_L_000298,0,298,0
598,1809,RG3_L_000299,0,299,0
599,1810,RG3_L_000299,0,299,0
600,1811,RG3_L_000300,0,300,0
601,1812,RG3_L_000300,0,300,0
602,1813,RG3_L_000301,0,301,0
603,1814,RG3_L_000301,0,301,0
604,1815,RG3_L_000302,0,302,0
605,1816,RG3_L_000302,0,302,0
606,1817,RG3_L_000303,0,303,0
607,1818,RG3_L_000303,0,303,0
608,1819,RG3_L_000304,0,304,0
609,1820,RG3_L_000304,0,304,0
610,1821,RG3_L_000305,0,305,0
611,1822,RG3_L_000305,0,305,0
612,1823,RG3_L_000306,0,306,0
613,1824,RG3_L_000306,0,306,0
614,1825,RG3_L_000307,0,307,0
615,1826,RG3_L_000307,0,307,0
616,1827,RG3_L_000308,0,308,0
617,1828,RG3_L_000308,0,308,0
618,1829,RG3_L_000309,0,309,0
619,1830,RG3_L_000309,0,309,0
620,1831,RG3_L_000310,1,310,1
621,1832,RG3_L_000310,0,310,1
622,1833,RG3_L_000311,0,311,0
623,1834,RG3_L_000311,0,311,0
624,1835,RG3_L_000312,0,312,0
625,1836,RG3_L_000312,0,312,0
626,1837,RG3_L_000313,0,313,0
627,1838,RG3_L_000313,0,313,0
628,1839,RG3_L_000314,0,314,0
629,1840,RG3_L_000314,0,314,0
630,1841,RG3_L_000315,0,315,0
631,1842,RG3_L_000315,0,315,0
632,1843,RG3_L_000316,0,316,0
633,1844,RG3_L_000316,0,316,0
634,1845,RG3_L_000317,0,317,0
635,1846,RG3_L_000317,0,317,0
636,1847,RG3_L_000318,0,318,0
637,1848,RG3_L_000318,0,318,0
638,1849,RG3_L_000319,0,319,0
639,1850,RG3_L_000319,0,319,0
640,1851,RG3_L_000320,0,320,0
641,1852,RG3_L_000320,0,320,0
642,1853,RG3_L_000321,0,321,0
643,1854,RG3_L_000321,0,321,0
644,1855,RG3_L_000322,0,322,0
645,1856,RG3_L_000322,0,322,0
646,1857,RG3_L_000323,0,323,0
647,1858,RG3_L_000323,0,323,0
648,1859,RG3_L_000324,0,324,0
649,1860,RG3_L_000324,0,324,0
650,1861,RG3_L_000325,0,325,0
651,1862,RG3_L_000325,0,325,0
652,1863,RG3_L_000326,0,326,0
653,1864,RG3_L_000326,0,326,0
654,1865,RG3_L_000327,0,327,0
655,1866,RG3_L_000327,0,327,0
656,1867,RG3_L_000328,0,328,0
657,1868,RG3_L_000328,0,328,0
658,1869,RG3_L_000329,0,329,0
659,1870,RG3_L_000329,0,329,0
660,1871,RG3_L_000330,0,330,0
661,1872,RG3_L_000330,0,330,0
662,1873,RG3_L_000331,0,331,0
663,1874,RG3_L_000331,0,331,0
664,1875,RG3_L_000332,0,332,0
665,1876,RG3_L_000332,0,332,0
666,1877,RG3_L_000333,0,333,0
667,1878,RG3_L_000333,0,333,0
668,1879,RG3_L_000334,0,334,0
669,1880,RG3_L_000334,0,334,0
670,1881,RG3_L_000335,0,335,0
671,1882,RG3_L_000335,0,335,0
672,1883,RG3_L_000336,0,336,0
673,1884,RG3_L_000336,0,336,0
674,1885,RG3_L_000337,0,337,0
675,1886,RG3_L_000337,0,337,0
676,1887,RG3_L_000338,0,338,0
677,1888,RG3_L_000338,0,338,0
678,1889,RG3_L_000339,0,339,0
679,1890,RG3_L_000339,0,339,0
680,1891,RG3_L_000340,0,340,0
681,1892,RG3_L_000340,0,340,0
682,1893,RG3_L_000341,0,341,0
683,1894,RG3_L_000341,0,341,0
684,1895,RG3_L_000342,0,342,0
685,1896,RG3_L_000342,0,342,0
686,1897,RG3_L_000343,1,343,1
687,1898,RG3_L_000343,0,343,1
688,1899,RG3_L_000344,0,344,0
689,1900,RG3_L_000344,0,344,0
690,1901,RG3_L_000345,0,345,0
691,1902,RG3_L_000345,0,345,0
692,1903,RG3_L_000346,0,346,0
693,1904,RG3_L_000346,0,346,0
694,1905,RG3_L_000347,0,347,0
695,1906,RG3_L_000347,0,347,0
696,1907,RG3_L_000348,0,348,0
697,1908,RG3_L_000348,0,348,0
698,1909,RG3_L_000349,0,349,0
699,1910,RG3_L_000349,0,349,0
700,1911,RG3_L_000350,0,350,0
701,1912,RG3_L_000350,0,350,0
702,1913,RG3_L_000351,0,351,0
703,1914,RG3_L_000351,0,351,0
704,1915,RG3_L_000352,0,352,0
705,1916,RG3_L_000352,0,352,0
706,1917,RG3_L_000353,0,353,0
707,1918,RG3_L_000353,0,353,0
708,1919,RG3_L_000354,0,354,0
709,1920,RG3_L_000354,0,354,0
710,1921,RG3_L_000355,0,355,0
711,1922,RG3_L_000355,0,355,0
712,1923,RG3_L_000356,0,356,0
713,1924,RG3_L_000356,0,356,0
714,1925,RG3_L_000357,0,357,0
715,1926,RG3_L_000357,0,357,0
716,1927,RG3_L_000358,0,358,0
717,1928,RG3_L_000358,0,358,0
718,1929,RG3_L_000359,0,359,0
719,1930,RG3_L_000359,0,359,0
720,1931,RG3_L_000360,0,360,0
721,1932,RG3_L_000360,0,360,0
722,1933,RG3_L_000361,0,361,0
723,1934,RG3_L_000361,0,361,0
724,1935,RG3_L_000362,0,362,0
725,1936,RG3_L_000362,0,362,0
726,1937,RG3_L_000363,1,363,1
727,1938,RG3_L_000363,0,363,1
728,1939,RG3_L_000364,0,364,0
729,1940,RG3_L_000364,0,364,0
730,1941,RG3_L_000365,0,365,0
731,1942,RG3_L_000365,0,365,0
732,1943,RG3_L_000366,0,366,0
733,1944,RG3_L_000366,0,366,0
734,1945,RG3_L_000367,0,367,0
735,1946,RG3_L_000368,0,368,0
736,1947,RG3_L_000368,0,368,0
737,1948,RG3_L_000367,0,367,0
738,1949,RG3_L_000369,0,369,0
739,1950,RG3_L_000369,0,369,0
740,1951,RG3_L_000370,0,370,0
741,1952,RG3_L_000370,0,370,0
742,1953,RG3_L_000371,0,371,0
743,1954,RG3_L_000371,0,371,0
744,1955,RG3_L_000372,0,372,0
745,1956,RG3_L_000372,0,372,0
746,1957,RG3_L_000373,0,373,0
747,1958,RG3_L_000373,0,373,0
748,1959,RG3_L_000374,0,374,0
749,1960,RG3_L_000374,0,374,0
750,1961,RG3_L_000375,0,375,0
751,1962,RG3_L_000375,0,375,0
752,1963,RG3_L_000376,0,376,0
753,1964,RG3_L_000376,0,376,0
754,1965,RG3_L_000377,0,377,0
755,1966,RG3_L_000377,0,377,0
756,1967,RG3_L_000378,0,378,0
757,1968,RG3_L_000378,0,378,0
758,1969,RG3_L_000379,0,379,0
759,1970,RG3_L_000379,0,379,0
760,1971,RG3_L_000380,0,380,0
761,1972,RG3_L_000380,0,380,0
762,1973,RG3_L_000381,1,381,1
763,1974,RG3_L_000381,0,381,1
764,1975,RG3_L_000382,0,382,0
765,1976,RG3_L_000383,0,383,0
766,1977,RG3_L_000383,0,383,0
767,1978,RG3_L_000382,0,382,0
768,1979,RG3_L_000384,0,384,0
769,1980,RG3_L_000384,0,384,0
770,1981,RG3_L_000385,0,385,0
771,1982,RG3_L_000385,0,385,0
772,1983,RG3_L_000386,0,386,0
773,1984,RG3_L_000386,0,386,0
774,1985,RG3_L_000387,0,387,0
775,1986,RG3_L_000387,0,387,0
776,1987,RG3_L_000388,0,388,0
777,1988,RG3_L_000388,0,388,0
778,1989,RG3_L_000389,0,389,0
779,1990,RG3_L_000389,0,389,0
780,1991,RG3_L_000390,0,390,0
781,1992,RG3_L_000390,0,390,0
782,1993,RG3_L_000391,0,391,0
783,1994,RG3_L_000391,0,391,0
784,1995,RG3_L_000392,0,392,0
785,1996,RG3_L_000392,0,392,0
786,1997,RG3_L_000393,0,393,0
787,1998,RG3_L_000393,0,393,0
788,1999,RG3_L_000394,0,394,0
789,2000,RG3_L_000395,0,395,0
790,2001,RG3_L_000395,0,395,0
791,2002,RG3_L_000394,0,394,0
792,2003,RG3_L_000396,0,396,0
793,2004,RG3_L_000396,0,396,0
794,2005,RG3_L_000397,0,397,0
795,2006,RG3_L_000397,0,397,0
796,2007,RG3_L_000398,0,398,0
797,2008,RG3_L_000398,0,398,0
798,2009,RG3_L_000399,0,399,0
799,2010,RG3_L_000399,0,399,0
800,2011,RG3_L_000400,0,400,0
801,2012,RG3_L_000400,0,400,0
802,2013,RG3_L_000401,0,401,0
803,2014,RG3_L_000401,0,401,0
804,2015,RG3_L_000402,0,402,0
805,2016,RG3_L_000402,0,402,0
806,2017,RG3_L_000403,0,403,0
807,2018,RG3_L_000403,0,403,0
808,2019,RG3_L_000404,0,404,0
809,2020,RG3_L_000404,0,404,0
810,2021,RG3_L_000405,1,405,1
811,2022,RG3_L_000405,0,405,1
812,2023,RG3_L_000406,0,406,0
813,2024,RG3_L_000406,0,406,0
814,2025,RG3_L_000407,0,407,0
815,2026,RG3_L_000407,0,407,0
816,2027,RG3_L_000408,0,408,0
817,2028,RG3_L_000408,0,408,0
818,2029,RG3_L_000409,0,409,0
819,2030,RG3_L_000409,0,409,0
820,2031,RG3_L_000410,0,410,0
821,2032,RG3_L_000410,0,410,0
822,2033,RG3_L_000411,0,411,0
823,2034,RG3_L_000411,0,411,0
824,2035,RG3_L_000412,0,412,0
825,2036,RG3_L_000412,0,412,0
826,2037,RG3_L_000413,0,413,0
827,2038,RG3_L_000413,0,413,0
828,2039,RG3_L_000414,0,414,0
829,2040,RG3_L_000414,0,414,0
830,2041,RG3_L_000415,0,415,0
831,2042,RG3_L_000416,0,416,0
832,2043,RG3_L_000415,0,415,0
833,2044,RG3_L_000416,0,416,0
834,2045,RG3_L_000417,0,417,0
835,2046,RG3_L_000417,0,417,0
836,2047,RG3_L_000418,0,418,0
837,2048,RG3_L_000418,0,418,0
838,2049,RG3_L_000419,0,419,0
839,2050,RG3_L_000419,0,419,0
840,2051,RG3_L_000420,0,420,0
841,2052,RG3_L_000420,0,420,0
842,2053,RG3_L_000421,0,421,0
843,2054,RG3_L_000421,0,421,0
844,2055,RG3_L_000422,0,422,0
845,2056,RG3_L_000422,0,422,0
846,2057,RG3_L_000423,0,423,0
847,2058,RG3_L_000423,0,423,0
848,2059,RG3_L_000424,0,424,0
849,2060,RG3_L_000424,0,424,0
850,2061,RG3_L_000425,0,425,0
851,2062,RG3_L_000425,0,425,0
852,2063,RG3_L_000426,0,426,0
853,2064,RG3_L_000426,0,426,0
854,2065,RG3_L_000427,0,427,0
855,2066,RG3_L_000427,0,427,0
856,2067,RG3_L_000428,0,428,0
857,2068,RG3_L_000428,0,428,0
858,2069,RG3_L_000429,0,429,0
859,2070,RG3_L_000429,0,429,0
860,2071,RG3_L_000430,0,430,0
861,2072,RG3_L_000430,0,430,0
862,2073,RG3_L_000431,0,431,0
863,2074,RG3_L_000431,0,431,0
864,2075,RG3_L_000432,0,432,0
865,2076,RG3_L_000432,0,432,0
866,2077,RG3_L_000433,0,433,0
867,2078,RG3_L_000433,0,433,0
868,2079,RG3_L_000434,0,434,0
869,2080,RG3_L_000434,0,434,0
870,2081,RG3_L_000435,0,435,0
871,2082,RG3_L_000435,0,435,0
872,2083,RG3_L_000436,0,436,0
873,2084,RG3_L_000436,0,436,0
874,2085,RG3_L_000437,0,437,0
875,2086,RG3_L_000437,0,437,0
876,2087,RG3_L_000438,0,438,0
877,2088,RG3_L_000438,0,438,0
878,2089,RG3_L_000439,0,439,0
879,2090,RG3_L_000439,0,439,0
880,2091,RG3_L_000440,0,440,0
881,2092,RG3_L_000440,0,440,0
882,2093,RG3_L_000441,0,441,0
883,2094,RG3_L_000441,0,441,0
884,2095,RG3_L_000442,0,442,0
885,2096,RG3_L_000442,0,442,0
886,2097,RG3_L_000443,0,443,0
887,2098,RG3_L_000443,0,443,0
888,2099,RG3_L_000444,0,444,0
889,2100,RG3_L_000444,0,444,0
890,2101,RG3_L_000445,0,445,0
891,2102,RG3_L_000445,0,445,0
892,2103,RG3_L_000446,0,446,0
893,2104,RG3_L_000446,0,446,0
894,2105,RG3_L_000447,1,447,1
895,2106,RG3_L_000447,0,447,1
896,2107,RG3_L_000448,0,448,0
897,2108,RG3_L_000448,0,448,0
898,2109,RG3_L_000449,0,449,0
899,2110,RG3_L_000449,0,449,0
900,2111,RG3_L_000450,0,450,0
901,2112,RG3_L_000450,0,450,0
902,2113,RG3_L_000451,0,451,0
903,2114,RG3_L_000451,0,451,0
904,2115,RG3_L_000452,0,452,0
905,2116,RG3_L_000452,0,452,0
906,2117,RG3_L_000453,0,453,0
907,2118,RG3_L_000453,0,453,0
908,2119,RG3_L_000454,0,454,0
909,2120,RG3_L_000454,0,454,0
910,2121,RG3_L_000455,0,455,0
911,2122,RG3_L_000455,0,455,0
912,2123,RG3_L_000456,0,456,0
913,2124,RG3_L_000456,0,456,0
914,2125,RG3_L_000457,0,457,0
915,2126,RG3_L_000457,0,457,0
916,2127,RG3_L_000458,0,458,0
917,2128,RG3_L_000459,0,459,0
918,2129,RG3_L_000459,0,459,0
919,2130,RG3_L_000458,0,458,0
920,2131,RG3_L_000460,0,460,0
921,2132,RG3_L_000460,0,460,0
922,2133,RG3_L_000461,0,461,0
923,2134,RG3_L_000461,0,461,0
924,2135,RG3_L_000462,0,462,0
925,2136,RG3_L_000462,0,462,0
926,2137,RG3_L_000463,0,463,0
927,2138,RG3_L_000463,0,463,0
928,2139,RG3_L_000464,0,464,0
929,2140,RG3_L_000464,0,464,0
930,2141,RG3_L_000465,0,465,0
931,2142,RG3_L_000465,0,465,0
932,2143,RG3_L_000466,0,466,0
933,2144,RG3_L_000466,0,466,0
934,2145,RG3_L_000467,0,467,0
935,2146,RG3_L_000467,0,467,0
936,2147,RG3_L_000468,0,468,0
937,2148,RG3_L_000469,0,469,0
938,2149,RG3_L_000469,0,469,0
939,2150,RG3_L_000468,0,468,0
940,2151,RG3_L_000470,0,470,0
941,2152,RG3_L_000470,0,470,0
942,2153,RG3_L_000471,0,471,0
943,2154,RG3_L_000471,0,471,0
944,2155,RG3_L_000472,0,472,0
945,2156,RG3_L_000472,0,472,0
946,2157,RG3_L_000473,0,473,0
947,2158,RG3_L_000473,0,473,0
948,2159,RG3_L_000474,0,474,0
949,2160,RG3_L_000474,0,474,0
950,2161,RG3_L_000475,0,475,0
951,2162,RG3_L_000475,0,475,0
952,2163,RG3_L_000476,1,476,1
953,2164,RG3_L_000476,0,476,1
954,2165,RG3_L_000477,0,477,0
955,2166,RG3_L_000477,0,477,0
956,2167,RG3_L_000478,0,478,0
957,2168,RG3_L_000478,0,478,0
958,2169,RG3_L_000479,0,479,0
959,2170,RG3_L_000479,0,479,0
960,2171,RG3_L_000480,0,480,0
961,2172,RG3_L_000480,0,480,0
962,2173,RG3_L_000481,0,481,0
963,2174,RG3_L_000481,0,481,0
964,2175,RG3_L_000482,0,482,0
965,2176,RG3_L_000482,0,482,0
966,2177,RG3_L_000483,1,483,1
967,2178,RG3_L_000483,0,483,1
968,2179,RG3_L_000484,0,484,0
969,2180,RG3_L_000484,0,484,0
970,2181,RG3_L_000485,0,485,0
971,2182,RG3_L_000485,0,485,0
972,2183,RG3_L_000486,1,486,1
973,2184,RG3_L_000486,0,486,1
974,2185,RG3_L_000487,0,487,0
975,2186,RG3_L_000487,0,487,0
976,2187,RG3_L_000488,0,488,0
977,2188,RG3_L_000488,0,488,0
978,2189,RG3_L_000489,0,489,0
979,2190,RG3_L_000489,0,489,0
980,2191,RG3_L_000490,0,490,0
981,2192,RG3_L_000490,0,490,0
982,2193,RG3_L_000491,0,491,0
983,2194,RG3_L_000491,0,491,0
984,2195,RG3_L_000492,0,492,0
985,2196,RG3_L_000492,0,492,0
986,2197,RG3_L_000493,0,493,0
987,2198,RG3_L_000493,0,493,0
988,2199,RG3_L_000494,0,494,0
989,2200,RG3_L_000494,0,494,0
990,2201,RG3_L_000495,0,495,0
991,2202,RG3_L_000495,0,495,0
992,2203,RG3_L_000496,0,496,0
993,2204,RG3_L_000496,0,496,0
994,2205,RG3_L_000497,0,497,0
995,2206,RG3_L_000497,0,497,0
996,2207,RG3_L_000498,0,498,0
997,2208,RG3_L_000498,0,498,0
998,2209,RG3_L_000499,0,499,0
999,2210,RG3_L_000499,0,499,0
1000,2211,RG3_L_000500,0,500,0
1001,2212,RG3_L_000500,0,500,0
1002,2213,RG3_L_000501,0,501,0
1003,2214,RG3_L_000501,0,501,0
1004,2215,RG3_L_000502,0,502,0
1005,2216,RG3_L_000502,0,502,0
1006,2217,RG3_L_000503,0,503,0
1007,2218,RG3_L_000503,0,503,0
1008,2219,RG3_L_000504,0,504,0
1009,2220,RG3_L_000504,0,504,0
1010,2221,RG3_L_000505,0,505,0
1011,2222,RG3_L_000505,0,505,0
1012,2223,RG3_L_000506,0,506,0
1013,2224,RG3_L_000506,0,506,0
1014,2225,RG3_L_000507,0,507,0
1015,2226,RG3_L_000507,0,507,0
1016,2227,RG3_L_000508,0,508,0
1017,2228,RG3_L_000508,0,508,0
1018,2229,RG3_L_000509,0,509,0
1019,2230,RG3_L_000509,0,509,0
1020,2231,RG3_L_000510,0,510,0
1021,2232,RG3_L_000510,0,510,0
1022,2233,RG3_L_000511,0,511,0
1023,2234,RG3_L_000511,0,511,0
1024,2235,RG3_L_000512,0,512,0
1025,2236,RG3_L_000512,0,512,0
1026,2237,RG3_L_000513,0,513,0
1027,2238,RG3_L_000513,0,513,0
1028,2239,RG3_L_000514,0,514,0
1029,2240,RG3_L_000514,0,514,0
1030,2241,RG3_L_000515,0,515,0
1031,2242,RG3_L_000515,0,515,0
1032,2243,RG3_L_000516,0,516,0
1033,2244,RG3_L_000516,0,516,0
1034,2245,RG3_L_000517,0,517,0
1035,2246,RG3_L_000518,0,518,0
1036,2247,RG3_L_000518,0,518,0
1037,2248,RG3_L_000517,0,517,0
1038,2249,RG3_L_000519,0,519,0
1039,2250,RG3_L_000519,0,519,0
1040,2251,RG3_L_000520,0,520,0
1041,2252,RG3_L_000520,0,520,0
1042,2253,RG3_L_000521,0,521,0
1043,2254,RG3_L_000521,0,521,0
1044,2255,RG3_L_000522,0,522,0
1045,2256,RG3_L_000522,0,522,0
1046,2257,RG3_L_000523,0,523,0
1047,2258,RG3_L_000523,0,523,0
1048,2259,RG3_L_000524,0,524,0
1049,2260,RG3_L_000524,0,524,0
1050,2261,RG3_L_000525,0,525,0
1051,2262,RG3_L_000525,0,525,0
1052,2263,RG3_L_000526,0,526,0
1053,2264,RG3_L_000526,0,526,0
1054,2265,RG3_L_000527,0,527,0
1055,2266,RG3_L_000527,0,527,0
1056,2267,RG3_L_000528,0,528,0
1057,2268,RG3_L_000529,0,529,0
1058,2269,RG3_L_000528,0,528,0
1059,2270,RG3_L_000529,0,529,0
1060,2271,RG3_L_000530,0,530,0
1061,2272,RG3_L_000530,0,530,0
1062,2273,RG3_L_000531,0,531,0
1063,2274,RG3_L_000531,0,531,0
1064,2275,RG3_L_000532,0,532,0
1065,2276,RG3_L_000532,0,532,0
1066,2277,RG3_L_000533,0,533,0
1067,2278,RG3_L_000533,0,533,0
1068,2279,RG3_L_000534,0,534,0
1069,2280,RG3_L_000534,0,534,0
1070,2281,RG3_L_000535,0,535,0
1071,2282,RG3_L_000535,0,535,0
1072,2283,RG3_L_000536,0,536,0
1073,2284,RG3_L_000536,0,536,0
1074,2285,RG3_L_000537,0,537,0
1075,2286,RG3_L_000537,0,537,0
1076,2287,RG3_L_000538,0,538,0
1077,2288,RG3_L_000538,0,538,0
1078,2289,RG3_L_000539,0,539,0
1079,2290,RG3_L_000539,0,539,0
1080,2291,RG3_L_000540,0,540,0
1081,2292,RG3_L_000540,0,540,0
1082,2293,RG3_L_000541,0,541,0
1083,2294,RG3_L_000541,0,541,0
1084,2295,RG3_L_000542,0,542,0
1085,2296,RG3_L_000542,0,542,0
1086,2297,RG3_L_000543,0,543,0
1087,2298,RG3_L_000543,0,543,0
1088,2299,RG3_L_000544,0,544,0
1089,2300,RG3_L_000544,0,544,0
1090,2301,RG3_L_000545,0,545,0
1091,2302,RG3_L_000545,0,545,0
1092,2303,RG3_L_000546,0,546,0
1093,2304,RG3_L_000546,0,546,0
1094,2305,RG3_L_000547,0,547,0
1095,2306,RG3_L_000547,0,547,0
1096,2307,RG3_L_000548,0,548,0
1097,2308,RG3_L_000548,0,548,0
1098,2309,RG3_L_000549,0,549,0
1099,2310,RG3_L_000549,0,549,0
1100,2311,RG3_L_000550,0,550,0
1101,2312,RG3_L_000550,0,550,0
1102,2313,RG3_L_000551,0,551,0
1103,2314,RG3_L_000551,0,551,0
1104,2315,RG3_L_000552,0,552,0
1105,2316,RG3_L_000552,0,552,0
1106,2317,RG3_L_000553,0,553,0
1107,2318,RG3_L_000553,0,553,0
1108,2319,RG3_L_000554,0,554,0
1109,2320,RG3_L_000554,0,554,0
1110,2321,RG3_L_000555,0,555,0
1111,2322,RG3_L_000555,0,555,0
1112,2323,RG3_L_000556,0,556,0
1113,2324,RG3_L_000556,0,556,0
1114,2325,RG3_L_000557,0,557,0
1115,2326,RG3_L_000557,0,557,0
1116,2327,RG3_L_000558,0,558,0
1117,2328,RG3_L_000558,0,558,0
1118,2329,RG3_L_000559,0,559,0
1119,2330,RG3_L_000559,0,559,0
1120,2331,RG3_L_000560,1,560,1
1121,2332,RG3_L_000560,0,560,1
1122,2333,RG3_L_000561,0,561,0
1123,2334,RG3_L_000561,0,561,0
1124,2335,RG3_L_000562,0,562,0
1125,2336,RG3_L_000562,0,562,0
1126,2337,RG3_L_000563,0,563,0
1127,2338,RG3_L_000563,0,563,0
1128,2339,RG3_L_000564,0,564,0
1129,2340,RG3_L_000564,0,564,0
1130,2341,RG3_L_000565,0,565,0
1131,2342,RG3_L_000565,0,565,0
1132,2343,RG3_L_000566,1,566,1
1133,2344,RG3_L_000566,0,566,1
1134,2345,RG3_L_000567,0,567,0
1135,2346,RG3_L_000567,0,567,0
1136,2347,RG3_L_000568,0,568,0
1137,2348,RG3_L_000568,0,568,0
1138,2349,RG3_L_000569,0,569,0
1139,2350,RG3_L_000569,0,569,0
1140,2351,RG3_L_000570,0,570,0
1141,2352,RG3_L_000570,0,570,0
1142,2353,RG3_L_000571,0,571,0
1143,2354,RG3_L_000571,0,571,0
1144,2355,RG3_L_000572,0,572,0
1145,2356,RG3_L_000572,0,572,0
1146,2357,RG3_L_000573,0,573,0
1147,2358,RG3_L_000573,0,573,0
1148,2359,RG3_L_000574,0,574,0
1149,2360,RG3_L_000574,0,574,0
1150,2361,RG3_L_000575,0,575,0
1151,2362,RG3_L_000575,0,575,0
1152,2363,RG3_L_000576,0,576,0
1153,2364,RG3_L_000576,0,576,0
1154,2365,RG3_L_000577,0,577,0
1155,2366,RG3_L_000577,0,577,0
1156,2367,RG3_L_000578,0,578,0
1157,2368,RG3_L_000578,0,578,0
1158,2369,RG3_L_000579,0,579,0
1159,2370,RG3_L_000579,0,579,0
1160,2371,RG3_L_000580,0,580,0
1161,2372,RG3_L_000580,0,580,0
1162,2373,RG3_L_000581,0,581,0
1163,2374,RG3_L_000581,0,581,0
1164,2375,RG3_L_000582,0,582,0
1165,2376,RG3_L_000582,0,582,0
1166,2377,RG3_L_000583,0,583,0
1167,2378,RG3_L_000583,0,583,0
1168,2379,RG3_L_000584,0,584,0
1169,2380,RG3_L_000584,0,584,0
1170,2381,RG3_L_000585,0,585,0
1171,2382,RG3_L_000585,0,585,0
1172,2383,RG3_L_000586,0,586,0
1173,2384,RG3_L_000586,0,586,0
1174,2385,RG3_L_000587,0,587,0
1175,2386,RG3_L_000587,0,587,0
1176,2387,RG3_L_000588,0,588,0
1177,2388,RG3_L_000588,0,588,0
1178,2389,RG3_L_000589,0,589,0
1179,2390,RG3_L_000589,0,589,0
1180,2391,RG3_L_000590,0,590,0
1181,2392,RG3_L_000590,0,590,0
