pattern_row,fold,label,probability,threshold,prediction,pattern_id,pattern_type,normal_count,defect_count,if_score,rf_rank_within_fold,if_rank_within_fold
0,0,0,0.0314595970055826,0.222,0,CN7_L_000000,normal_only,1,0,0.5000623698031538,42,17
2,0,0,0.0696562144649811,0.222,0,CN7_L_000002,normal_only,2,0,0.5234474140437706,25,6
3,0,0,0.0848421604018346,0.222,0,CN7_L_000003,normal_only,2,0,0.5060120668431448,20,15
4,3,0,0.0199440323197291,0.222,0,CN7_L_000004,normal_only,2,0,0.46756336923672526,37,29
5,2,0,0.0399669790455175,0.222,0,CN7_L_000005,normal_only,2,0,0.47607217231723764,22,18
6,2,0,0.0498519042154059,0.222,0,CN7_L_000006,normal_only,2,0,0.469186239304039,16,23
7,1,0,0.101292856414284,0.222,0,CN7_L_000007,normal_only,2,0,0.45788390434785736,5,26
8,0,0,0.0399135207337275,0.222,0,CN7_L_000008,normal_only,2,0,0.4942212590872439,37,22
9,1,0,0.093590719611279,0.222,0,CN7_L_000009,normal_only,2,0,0.4918094203220474,7,7
10,0,0,0.0360151209586398,0.222,0,CN7_L_000010,normal_only,2,0,0.48912681803607483,39,30
11,0,0,0.044745560507292,0.222,0,CN7_L_000011,normal_only,2,0,0.47773792571748214,31,40
12,1,0,0.0623841073049385,0.222,0,CN7_L_000012,normal_only,2,0,0.5077166845607829,9,2
15,2,0,0.0679342998682027,0.222,0,CN7_L_000015,normal_only,2,0,0.4996619070217447,8,3
16,1,0,0.177221452297983,0.222,0,CN7_L_000016,normal_only,2,0,0.49423235104301505,2,5
17,3,0,0.0840836945037659,0.222,0,CN7_L_000017,normal_only,2,0,0.4966406560075651,15,9
18,2,0,0.0472038111149975,0.222,0,CN7_L_000018,normal_only,2,0,0.49899749956941547,19,4
19,1,0,0.1007997905033049,0.222,0,CN7_L_000019,normal_only,2,0,0.4875856029597692,6,8
22,0,0,0.1144013653018244,0.222,0,CN7_L_000022,normal_only,2,0,0.5474818494337795,11,3
23,3,0,0.0652898939842841,0.222,0,CN7_L_000023,normal_only,2,0,0.5051193750265127,17,4
24,3,1,0.0317652670263679,0.222,0,CN7_L_000024,conflicting,1,1,0.46362363922123045,30,33
25,0,0,0.0205159346304553,0.222,0,CN7_L_000025,normal_only,2,0,0.4753298809596069,50,42
26,0,0,0.0253871994932414,0.222,0,CN7_L_000026,normal_only,2,0,0.5198904316969346,46,8
27,3,0,0.0334306657112533,0.222,0,CN7_L_000027,normal_only,2,0,0.4581743490151568,29,40
29,0,0,0.0926474750909737,0.222,0,CN7_L_000029,normal_only,2,0,0.5029266158321571,17,16
30,1,0,0.0363892659242051,0.222,0,CN7_L_000030,normal_only,2,0,0.44677718419321116,12,48
31,0,0,0.1785450565892428,0.222,0,CN7_L_000031,normal_only,2,0,0.5344278234965415,2,4
32,2,0,0.0864330837436326,0.222,0,CN7_L_000032,normal_only,2,0,0.5126330497194359,5,2
34,3,0,0.0294515531522961,0.222,0,CN7_L_000034,normal_only,2,0,0.47715877186400146,32,20
36,0,0,0.0894948263234422,0.222,0,CN7_L_000036,normal_only,2,0,0.5175919016627661,18,9
37,0,0,0.1425651494370967,0.222,0,CN7_L_000037,normal_only,2,0,0.5106583731148613,6,10
38,3,0,0.1597654807757672,0.222,0,CN7_L_000038,normal_only,2,0,0.4515976722169123,4,54
39,0,0,0.1628810791456956,0.222,0,CN7_L_000039,normal_only,2,0,0.4867925709904763,3,31
40,1,1,0.0292729976905658,0.222,0,CN7_L_000040,conflicting,1,1,0.4543777626070261,18,34
41,1,0,0.0249387905739463,0.222,0,CN7_L_000041,normal_only,2,0,0.4845442979688085,23,9
43,0,0,0.116634380893842,0.222,0,CN7_L_000043,normal_only,2,0,0.46124234321710894,10,53
44,3,0,0.173775921269926,0.222,0,CN7_L_000044,normal_only,2,0,0.4875402348231018,3,13
45,0,0,0.1377057629890225,0.222,0,CN7_L_000045,normal_only,2,0,0.48965888097373744,7,29
46,0,0,0.1001984396102588,0.222,0,CN7_L_000046,normal_only,2,0,0.48375224405421385,13,33
47,2,0,0.028218394764431,0.222,0,CN7_L_000047,normal_only,2,0,0.4223814931615676,27,95
48,0,1,0.2300461212071616,0.222,1,CN7_L_000048,conflicting,1,1,0.5525963321694702,1,2
49,3,0,0.117725792719042,0.222,0,CN7_L_000049,normal_only,2,0,0.48775712239465097,6,12
52,2,1,0.0596244227814468,0.222,0,CN7_L_000052,conflicting,1,1,0.4670873373078394,11,25
53,1,1,0.0347878210471624,0.222,0,CN7_L_000053,conflicting,1,1,0.44727246852453845,14,47
54,3,1,0.0356706048235924,0.222,0,CN7_L_000054,conflicting,1,1,0.49315378276510247,27,11
55,0,1,0.0340302998853671,0.222,0,CN7_L_000055,conflicting,1,1,0.508768247311014,41,13
56,2,1,0.0485763300677428,0.222,0,CN7_L_000056,conflicting,1,1,0.48135863907095994,17,12
58,1,1,0.2290886206425599,0.222,1,CN7_L_000058,defect_only,0,2,0.5476310421486382,1,1
59,3,1,0.2372640767751331,0.222,1,CN7_L_000059,defect_only,0,2,0.5590965761472473,1,2
60,2,1,0.2423926722606238,0.222,1,CN7_L_000060,defect_only,0,2,0.5617330351552633,1,1
62,1,0,0.0189246623959651,0.222,0,CN7_L_000062,normal_only,2,0,0.4460989790246148,31,49
63,3,0,0.0934375337536158,0.222,0,CN7_L_000063,normal_only,2,0,0.5034142036728979,11,5
64,3,0,0.091877362020744,0.222,0,CN7_L_000064,normal_only,2,0,0.436267231260694,12,76
65,2,0,0.0515404350706922,0.222,0,CN7_L_000065,normal_only,2,0,0.4493075086394457,15,45
67,3,0,0.0987079418777951,0.222,0,CN7_L_000067,normal_only,2,0,0.4725975781799832,9,24
68,3,0,0.2213030800978917,0.222,0,CN7_L_000068,normal_only,2,0,0.5014612565501606,2,7
69,2,0,0.1105694850594774,0.222,0,CN7_L_000069,normal_only,2,0,0.4847271180465009,3,6
70,1,0,0.02601153977636,0.222,0,CN7_L_000070,normal_only,2,0,0.4565321527565498,20,28
71,2,0,0.0544652941615855,0.222,0,CN7_L_000071,normal_only,2,0,0.48348686743731345,13,9
73,0,0,0.0343979935841296,0.222,0,CN7_L_000073,normal_only,2,0,0.4707490611820656,40,44
74,0,0,0.1215831260999735,0.222,0,CN7_L_000074,normal_only,2,0,0.49348318321875856,9,25
77,2,0,0.1933880459139792,0.222,0,CN7_L_000077,normal_only,2,0,0.4845328651574664,2,7
79,3,0,0.0408072568009984,0.222,0,CN7_L_000079,normal_only,2,0,0.4783156090628239,24,18
80,2,0,0.0708231303595912,0.222,0,CN7_L_000080,normal_only,2,0,0.48055305279099814,7,14
81,2,0,0.0368254235523522,0.222,0,CN7_L_000081,normal_only,2,0,0.4274846477414095,24,81
82,3,0,0.0762647527213023,0.222,0,CN7_L_000082,normal_only,2,0,0.501947543315592,16,6
83,2,0,0.0250583481258954,0.222,0,CN7_L_000083,normal_only,2,0,0.4596713975055049,29,29
84,3,0,0.0894653055053477,0.222,0,CN7_L_000084,normal_only,2,0,0.4648029203998494,13,31
86,0,0,0.1000596446014148,0.222,0,CN7_L_000086,normal_only,2,0,0.4991714789021959,14,18
87,3,0,0.0600271695850776,0.222,0,CN7_L_000087,normal_only,2,0,0.43723045876685546,19,75
88,0,0,0.0410865733745768,0.222,0,CN7_L_000088,normal_only,2,0,0.45430938321834213,36,65
89,3,0,0.0402669305606387,0.222,0,CN7_L_000089,normal_only,2,0,0.47462842997494725,25,22
90,1,0,0.0242804665985514,0.222,0,CN7_L_000090,normal_only,2,0,0.43956687007592854,25,61
91,2,0,0.0402463248460465,0.222,0,CN7_L_000091,normal_only,2,0,0.42208757415038134,21,97
92,3,0,0.005851735220313,0.222,0,CN7_L_000092,normal_only,2,0,0.43113024352467244,48,87
93,1,0,0.0253202578496146,0.222,0,CN7_L_000093,normal_only,2,0,0.4421042850339399,21,57
95,0,0,0.0697483533223397,0.222,0,CN7_L_000095,normal_only,2,0,0.5103576031976712,24,11
96,3,0,0.0070741574091061,0.222,0,CN7_L_000096,normal_only,2,0,0.43520772429986326,45,81
97,3,0,0.0364861267270686,0.222,0,CN7_L_000097,normal_only,2,0,0.46998953438714963,26,25
98,3,0,0.1002701587898097,0.222,0,CN7_L_000098,normal_only,2,0,0.48472641381045534,8,14
99,2,0,0.0346376329764436,0.222,0,CN7_L_000099,normal_only,2,0,0.43983301068872627,25,61
100,3,0,0.0036788498226821,0.222,0,CN7_L_000100,normal_only,2,0,0.46785664909243574,57,28
102,3,0,0.0099026716027711,0.222,0,CN7_L_000102,normal_only,2,0,0.45434041196160757,42,50
103,0,0,0.0832437789478482,0.222,0,CN7_L_000103,normal_only,2,0,0.5336006030732885,21,5
104,2,0,0.0160777093105082,0.222,0,CN7_L_000104,normal_only,2,0,0.4811115873106709,40,13
106,3,0,0.0848536794368811,0.222,0,CN7_L_000106,normal_only,2,0,0.46009816348971216,14,39
107,0,0,0.0645272312981812,0.222,0,CN7_L_000107,normal_only,2,0,0.47954729471783,26,37
108,2,0,0.0368890687629756,0.222,0,CN7_L_000108,normal_only,2,0,0.4583045919811947,23,31
109,2,0,0.0570971160555871,0.222,0,CN7_L_000109,normal_only,2,0,0.47238320519833527,12,20
110,0,0,0.1305886564498355,0.222,0,CN7_L_000110,normal_only,2,0,0.5100792793591689,8,12
111,1,0,0.1521511614984958,0.222,0,CN7_L_000111,normal_only,2,0,0.4603507514257664,3,24
115,0,0,0.0210169705547158,0.222,0,CN7_L_000115,normal_only,2,0,0.452019725078032,48,67
117,3,0,0.0949462545403893,0.222,0,CN7_L_000117,normal_only,2,0,0.5167314089595847,10,3
118,3,0,0.0201384907309954,0.222,0,CN7_L_000118,normal_only,2,0,0.461712354909827,36,37
121,3,0,0.0440134671988189,0.222,0,CN7_L_000121,normal_only,2,0,0.4382680153676361,22,73
122,3,0,0.0062469062924587,0.222,0,CN7_L_000122,normal_only,2,0,0.4510862231804191,46,56
123,0,0,0.0024959273754719,0.222,0,CN7_L_000123,normal_only,2,0,0.4809961505355702,66,35
124,2,0,0.0049038863716533,0.222,0,CN7_L_000124,normal_only,2,0,0.45741097841688244,50,34
125,3,0,0.0217910419121315,0.222,0,CN7_L_000125,normal_only,2,0,0.4531355175959524,33,52
126,2,0,0.0944847140035328,0.222,0,CN7_L_000126,normal_only,2,0,0.45829837259830153,4,32
127,0,0,0.0965244066468879,0.222,0,CN7_L_000127,normal_only,2,0,0.49645333172054457,16,20
128,1,0,0.0105691153498444,0.222,0,CN7_L_000128,normal_only,2,0,0.40924124884010493,46,109
129,2,0,0.0169317602344877,0.222,0,CN7_L_000129,normal_only,2,0,0.4362647891969772,39,64
130,1,0,0.1064528462226121,0.222,0,CN7_L_000130,normal_only,2,0,0.4365800794883109,4,68
131,3,0,0.0039337467385972,0.222,0,CN7_L_000131,normal_only,2,0,0.41462317088601447,56,112
132,1,0,0.0110541863868135,0.222,0,CN7_L_000132,normal_only,2,0,0.4120592474109354,45,106
133,1,0,0.0094475932262626,0.222,0,CN7_L_000133,normal_only,2,0,0.44411937488671965,50,51
134,2,0,0.0127724208149285,0.222,0,CN7_L_000134,normal_only,2,0,0.4515682431165371,46,40
136,0,0,0.0998277621504266,0.222,0,CN7_L_000136,normal_only,2,0,0.49129461857926626,15,27
137,3,0,0.0625447840588151,0.222,0,CN7_L_000137,normal_only,2,0,0.4575760966413696,18,43
138,0,0,0.0758518328077398,0.222,0,CN7_L_000138,normal_only,2,0,0.49362860005507037,23,23
139,2,0,0.0279388022453433,0.222,0,CN7_L_000139,normal_only,2,0,0.44338259635858984,28,54
140,1,0,0.0312678910281229,0.222,0,CN7_L_000140,normal_only,2,0,0.45953849185548,17,25
141,3,0,0.0205844153941696,0.222,0,CN7_L_000141,normal_only,2,0,0.484563482445086,35,15
143,1,0,0.0492868850941123,0.222,0,CN7_L_000143,normal_only,2,0,0.45243859063140685,10,39
145,0,0,0.018960430840894,0.222,0,CN7_L_000145,normal_only,2,0,0.4384367099218792,51,90
146,3,0,0.0584197367546451,0.222,0,CN7_L_000146,normal_only,2,0,0.4753785620872592,20,21
147,1,0,0.0247034633296863,0.222,0,CN7_L_000147,normal_only,2,0,0.46742505376940063,24,20
150,3,0,0.0439523288122299,0.222,0,CN7_L_000150,normal_only,2,0,0.47432925486213784,23,23
151,0,0,0.0623587468382162,0.222,0,CN7_L_000151,normal_only,2,0,0.4700210832273597,27,45
153,0,0,0.0543310506798615,0.222,0,CN7_L_000153,normal_only,2,0,0.494542228618434,29,21
154,0,0,0.0079490960919446,0.222,0,CN7_L_000154,normal_only,2,0,0.4601958222145467,59,55
155,1,0,0.0206436917061695,0.222,0,CN7_L_000155,normal_only,2,0,0.463996166728161,29,22
156,0,0,0.0802956476189595,0.222,0,CN7_L_000156,normal_only,2,0,0.5222128454297,22,7
157,0,0,0.0179553442772886,0.222,0,CN7_L_000157,normal_only,2,0,0.44774389557253236,53,78
158,0,0,0.0283226198721951,0.222,0,CN7_L_000158,normal_only,2,0,0.48231629223901357,45,34
159,2,0,0.0208359702908345,0.222,0,CN7_L_000159,normal_only,2,0,0.44780669100383746,32,47
160,1,0,0.035147698282435,0.222,0,CN7_L_000160,normal_only,2,0,0.4699614184380569,13,18
161,1,0,0.0662035553509104,0.222,0,CN7_L_000161,normal_only,2,0,0.4212253992980144,8,95
162,2,0,0.0673830007736396,0.222,0,CN7_L_000162,normal_only,2,0,0.47675564966809125,9,16
163,2,0,0.0236117945765106,0.222,0,CN7_L_000163,normal_only,2,0,0.4837737285222517,30,8
164,0,0,0.0205294119176809,0.222,0,CN7_L_000164,normal_only,2,0,0.4754471962467582,49,41
165,2,0,0.0147161601836286,0.222,0,CN7_L_000165,normal_only,2,0,0.4239571858436715,41,92
166,1,0,0.0112062488087457,0.222,0,CN7_L_000166,normal_only,2,0,0.41928649665533324,44,98
167,2,0,0.0337211682425486,0.222,0,CN7_L_000167,normal_only,2,0,0.4561355403951148,26,36
168,3,0,0.1223276068756632,0.222,0,CN7_L_000168,normal_only,2,0,0.4693124118269393,5,27
169,2,0,0.0092694154398275,0.222,0,CN7_L_000169,normal_only,2,0,0.43313124742052367,48,69
171,3,0,0.0510516267854464,0.222,0,CN7_L_000171,normal_only,2,0,0.42747166896499406,21,96
172,0,0,0.0240345159842386,0.222,0,CN7_L_000172,normal_only,2,0,0.4390622961028266,47,88
173,3,0,0.0164688497675427,0.222,0,CN7_L_000173,normal_only,2,0,0.43933264456970245,39,71
177,1,0,0.0316989342499613,0.222,0,CN7_L_000177,normal_only,2,0,0.4477703609752269,16,45
178,0,0,0.0858475212602238,0.222,0,CN7_L_000178,normal_only,2,0,0.4500191694691612,19,71
179,0,0,0.02885141961239,0.222,0,CN7_L_000179,normal_only,2,0,0.4229315285817237,44,116
181,0,0,0.0090041204434071,0.222,0,CN7_L_000181,normal_only,2,0,0.4597638197548252,57,56
182,0,0,0.1525651133539866,0.222,0,CN7_L_000182,normal_only,2,0,0.4858619539596245,5,32
183,3,0,0.0161263772126695,0.222,0,CN7_L_000183,normal_only,2,0,0.4299229197483916,40,91
184,2,0,0.0202374936279923,0.222,0,CN7_L_000184,normal_only,2,0,0.42136604528342486,33,101
186,0,0,0.0182532564930991,0.222,0,CN7_L_000186,normal_only,2,0,0.43081387509663016,52,107
187,1,0,0.0153908201150299,0.222,0,CN7_L_000187,normal_only,2,0,0.40627979197611214,37,112
188,0,0,0.0013957403015563,0.222,0,CN7_L_000188,normal_only,2,0,0.4280750136432044,72,111
189,0,0,0.0428496513278539,0.222,0,CN7_L_000189,normal_only,2,0,0.4557663958253127,35,60
190,2,0,0.0005325023664465,0.222,0,CN7_L_000190,normal_only,2,0,0.4292563443431853,93,77
191,2,0,0.0017661097413582,0.222,0,CN7_L_000191,normal_only,2,0,0.4349512485340957,65,66
192,0,0,0.0156522771496554,0.222,0,CN7_L_000192,normal_only,2,0,0.4614157422971324,55,52
193,2,0,0.0177600743544512,0.222,0,CN7_L_000193,normal_only,2,0,0.46237280845885786,35,27
194,1,0,0.0012441316787237,0.222,0,CN7_L_000194,normal_only,2,0,0.49456131999549174,108,4
195,0,0,0.0002846291904452,0.222,0,CN7_L_000195,normal_only,2,0,0.508316383447194,109,14
196,0,0,0.0002846291904452,0.222,0,CN7_L_000196,normal_only,2,0,0.4787323353832559,89,38
197,3,0,0.0003763782090764,0.222,0,CN7_L_000197,normal_only,2,0,0.44120352378288363,90,65
198,0,0,0.0002846291904452,0.222,0,CN7_L_000198,normal_only,2,0,0.47102524197356677,115,43
199,2,0,0.0005325023664465,0.222,0,CN7_L_000199,normal_only,2,0,0.4693771734361891,105,22
200,3,0,0.0050243165280673,0.222,0,CN7_L_000200,normal_only,2,0,0.4777581566822313,52,19
202,0,0,0.0002846291904452,0.222,0,CN7_L_000202,normal_only,2,0,0.4472912744235612,86,79
204,0,0,0.0002846291904452,0.222,0,CN7_L_000204,normal_only,2,0,0.4309219428175544,116,106
206,1,0,0.0013150536645393,0.222,0,CN7_L_000206,normal_only,2,0,0.45185916178814545,85,40
207,1,0,0.0101854043792674,0.222,0,CN7_L_000207,normal_only,2,0,0.4954244582711012,47,3
208,2,0,0.0134070582267706,0.222,0,CN7_L_000208,normal_only,2,0,0.47669247022806943,45,17
209,3,0,0.0047301725628707,0.222,0,CN7_L_000209,normal_only,2,0,0.4976661945235937,55,8
210,3,0,0.0079187962719446,0.222,0,CN7_L_000210,normal_only,2,0,0.46370623395844696,43,32
211,3,0,0.0336577692710722,0.222,0,CN7_L_000211,normal_only,2,0,0.49389034771527707,28,10
212,3,0,0.005225716833415,0.222,0,CN7_L_000212,normal_only,2,0,0.44014049124764376,51,67
213,3,0,0.0003763782090764,0.222,0,CN7_L_000213,normal_only,2,0,0.4560196340132939,82,47
216,3,0,0.0003763782090764,0.222,0,CN7_L_000216,normal_only,2,0,0.45561326923698575,118,48
217,1,0,0.0012441316787237,0.222,0,CN7_L_000217,normal_only,2,0,0.4326425003654858,112,75
218,2,0,0.0010061028400469,0.222,0,CN7_L_000218,normal_only,2,0,0.4350054442408375,73,65
220,2,0,0.0005325023664465,0.222,0,CN7_L_000220,normal_only,2,0,0.4317858182618173,104,71
221,2,0,0.0482919743096777,0.222,0,CN7_L_000221,normal_only,2,0,0.4327631343574599,18,70
222,3,0,0.0003763782090764,0.222,0,CN7_L_000222,normal_only,2,0,0.4175122213179797,79,108
223,1,0,0.0012441316787237,0.222,0,CN7_L_000223,normal_only,2,0,0.4926184070113743,109,6
224,3,0,0.0003763782090764,0.222,0,CN7_L_000224,normal_only,2,0,0.4653757693439657,113,30
225,0,0,0.0002846291904452,0.222,0,CN7_L_000225,normal_only,2,0,0.45858792455777275,121,58
226,3,0,0.0059664575741557,0.222,0,CN7_L_000226,normal_only,2,0,0.44764270478658347,47,59
231,1,0,0.0043430442339461,0.222,0,CN7_L_000231,normal_only,2,0,0.47618043161611723,56,13
232,1,0,0.0038904465047534,0.222,0,CN7_L_000232,normal_only,2,0,0.4562315112082776,60,30
233,1,0,0.0201861775371337,0.222,0,CN7_L_000233,normal_only,2,0,0.4795367974690595,30,12
234,3,0,0.0120822047899029,0.222,0,CN7_L_000234,normal_only,2,0,0.4795674779834992,41,17
235,3,0,0.0009319337646319,0.222,0,CN7_L_000235,normal_only,2,0,0.4577671544117273,67,42
236,0,0,0.0002846291904452,0.222,0,CN7_L_000236,normal_only,2,0,0.4380558423202855,110,91
237,3,0,0.0300756122976109,0.222,0,CN7_L_000237,normal_only,2,0,0.44461099235673773,31,62
238,1,0,0.0012441316787237,0.222,0,CN7_L_000238,normal_only,2,0,0.43888637219038457,103,63
239,1,0,0.0012441316787237,0.222,0,CN7_L_000239,normal_only,2,0,0.4575951927347527,110,27
241,1,0,0.0333774749886208,0.222,0,CN7_L_000241,normal_only,2,0,0.44346683513838664,15,55
242,0,0,0.0002846291904452,0.222,0,CN7_L_000242,normal_only,2,0,0.49238200922836844,107,26
243,2,0,0.0005325023664465,0.222,0,CN7_L_000243,normal_only,2,0,0.4306557646535102,112,74
245,1,0,0.0016383434174733,0.222,0,CN7_L_000245,normal_only,2,0,0.4376941487794731,70,65
246,1,0,0.0013581001182328,0.222,0,CN7_L_000246,normal_only,2,0,0.45613037716429866,73,31
247,1,0,0.0013190380457649,0.222,0,CN7_L_000247,normal_only,2,0,0.4805063386961484,81,10
248,2,0,0.0005325023664465,0.222,0,CN7_L_000248,normal_only,2,0,0.4426018758817268,110,55
249,3,0,0.0003763782090764,0.222,0,CN7_L_000249,normal_only,2,0,0.4399888839072747,99,68
250,1,0,0.0012441316787237,0.222,0,CN7_L_000250,normal_only,2,0,0.42035726856269945,93,97
251,2,0,0.0174739197325478,0.222,0,CN7_L_000251,normal_only,2,0,0.4372851668644701,37,62
252,1,0,0.0123884626707299,0.222,0,CN7_L_000252,normal_only,2,0,0.4528731728725485,41,37
253,3,0,0.0003763782090764,0.222,0,CN7_L_000253,normal_only,2,0,0.42996080230178535,121,90
254,3,0,0.0003763782090764,0.222,0,CN7_L_000254,normal_only,2,0,0.4429570908727974,87,63
256,3,0,0.0003763782090764,0.222,0,CN7_L_000256,normal_only,2,0,0.45615928128727173,112,46
258,2,0,0.0005325023664465,0.222,0,CN7_L_000258,normal_only,2,0,0.4332677439646882,102,68
259,0,0,0.0011596269097741,0.222,0,CN7_L_000259,normal_only,2,0,0.43904819693414676,74,89
260,1,0,0.0043039821614783,0.222,0,CN7_L_000260,normal_only,2,0,0.4482966921806131,57,44
261,3,0,0.0033050960290985,0.222,0,CN7_L_000261,normal_only,2,0,0.46945226151076586,60,26
262,3,0,0.0003763782090764,0.222,0,CN7_L_000262,normal_only,2,0,0.4267174020507128,115,99
263,2,0,0.0005325023664465,0.222,0,CN7_L_000263,normal_only,2,0,0.43706502386639806,100,63
264,3,0,0.0003763782090764,0.222,0,CN7_L_000264,normal_only,2,0,0.43617610899902,108,77
267,0,0,0.000588861994678,0.222,0,CN7_L_000267,normal_only,2,0,0.43292299245456145,82,100
268,0,0,0.0002846291904452,0.222,0,CN7_L_000268,normal_only,2,0,0.4502884835173864,120,70
269,1,0,0.0012441316787237,0.222,0,CN7_L_000269,normal_only,2,0,0.4265769776636572,104,86
270,2,0,0.0005325023664465,0.222,0,CN7_L_000270,normal_only,2,0,0.39276487829406914,108,121
271,0,0,0.0008553941055413,0.222,0,CN7_L_000271,normal_only,2,0,0.42031218897838113,77,118
272,2,0,0.0005325023664465,0.222,0,CN7_L_000272,normal_only,2,0,0.4221409341736975,114,96
273,3,0,0.0003763782090764,0.222,0,CN7_L_000273,normal_only,2,0,0.4574026985446106,107,44
275,1,0,0.0013190380457649,0.222,0,CN7_L_000275,normal_only,2,0,0.4043516649128868,82,114
276,1,0,0.0038904465047534,0.222,0,CN7_L_000276,normal_only,2,0,0.4206328041414676,61,96
277,1,0,0.0038904465047534,0.222,0,CN7_L_000277,normal_only,2,0,0.4270905919686837,62,82
278,1,0,0.012502431110239,0.222,0,CN7_L_000278,normal_only,2,0,0.4436276318847952,40,54
279,0,0,0.0002846291904452,0.222,0,CN7_L_000279,normal_only,2,0,0.446111433683876,103,80
280,3,0,0.0020312723889705,0.222,0,CN7_L_000280,normal_only,2,0,0.45644037123377534,61,45
282,0,0,0.0044706097852987,0.222,0,CN7_L_000282,normal_only,2,0,0.45516295289989067,62,63
285,0,0,0.0106171714918503,0.222,0,CN7_L_000285,normal_only,2,0,0.4406156464002514,56,85
286,0,0,0.0002846291904452,0.222,0,CN7_L_000286,normal_only,2,0,0.4240778718307143,90,115
288,2,0,0.0010061028400469,0.222,0,CN7_L_000288,normal_only,2,0,0.4082088131403333,70,117
289,1,0,0.0012441316787237,0.222,0,CN7_L_000289,normal_only,2,0,0.4000677694403264,113,120
291,3,0,0.0004319337646319,0.222,0,CN7_L_000291,normal_only,2,0,0.4359430137360221,70,78
292,3,0,0.0050243165280673,0.222,0,CN7_L_000292,normal_only,2,0,0.4605786036294743,53,38
293,1,0,0.0100785584677242,0.222,0,CN7_L_000293,normal_only,2,0,0.45652880988365624,48,29
294,2,0,0.0005325023664465,0.222,0,CN7_L_000294,normal_only,2,0,0.4184556450037453,111,106
295,1,0,0.0012441316787237,0.222,0,CN7_L_000295,normal_only,2,0,0.4437126243611546,97,53
296,3,0,0.0003763782090764,0.222,0,CN7_L_000296,normal_only,2,0,0.4544721467858399,83,49
297,1,0,0.0013190380457649,0.222,0,CN7_L_000297,normal_only,2,0,0.4002454834938335,80,119
298,0,0,0.0002846291904452,0.222,0,CN7_L_000298,normal_only,2,0,0.4292930299221692,114,109
299,1,0,0.0012441316787237,0.222,0,CN7_L_000299,normal_only,2,0,0.43842050146427786,102,64
300,1,0,0.0174639695610005,0.222,0,CN7_L_000300,normal_only,2,0,0.42642603291509584,36,88
301,1,0,0.0040044149442625,0.222,0,CN7_L_000301,normal_only,2,0,0.45366753483814326,59,36
303,1,0,0.0012441316787237,0.222,0,CN7_L_000303,normal_only,2,0,0.42510293259924864,105,89
304,0,0,0.0002846291904452,0.222,0,CN7_L_000304,normal_only,2,0,0.43132295227661466,83,105
305,0,0,0.0002846291904452,0.222,0,CN7_L_000305,normal_only,2,0,0.4333668156226865,98,98
307,3,0,0.0072029103060587,0.222,0,CN7_L_000307,normal_only,2,0,0.4428128479705649,44,64
308,0,0,0.0002846291904452,0.222,0,CN7_L_000308,normal_only,2,0,0.45842116161706387,96,59
310,3,0,0.0003763782090764,0.222,0,CN7_L_000310,normal_only,2,0,0.43877349788831815,117,72
311,1,0,0.0220486574902262,0.222,0,CN7_L_000311,normal_only,2,0,0.434630498061062,28,73
312,2,0,0.0010061028400469,0.222,0,CN7_L_000312,normal_only,2,0,0.4278669148963274,71,79
313,0,0,0.0017547146605306,0.222,0,CN7_L_000313,normal_only,2,0,0.44821764415269516,69,77
314,1,0,0.0265378452380368,0.222,0,CN7_L_000314,normal_only,2,0,0.46105222016059355,19,23
315,2,0,0.0005325023664465,0.222,0,CN7_L_000315,normal_only,2,0,0.425386611182157,116,86
316,3,0,0.0003763782090764,0.222,0,CN7_L_000316,normal_only,2,0,0.42680181318140065,89,98
317,3,0,0.0003763782090764,0.222,0,CN7_L_000317,normal_only,2,0,0.4627971422584096,98,35
318,2,0,0.0146027986664479,0.222,0,CN7_L_000318,normal_only,2,0,0.42973202514031916,42,76
319,0,0,0.0002846291904452,0.222,0,CN7_L_000319,normal_only,2,0,0.41387352263075156,102,120
320,2,0,0.003308497939474,0.222,0,CN7_L_000320,normal_only,2,0,0.40674719925026886,58,118
321,0,0,0.0002846291904452,0.222,0,CN7_L_000321,normal_only,2,0,0.43519307638555077,112,96
323,0,0,0.0002846291904452,0.222,0,CN7_L_000323,normal_only,2,0,0.43320343445742004,87,99
324,0,0,0.0428496513278539,0.222,0,CN7_L_000324,normal_only,2,0,0.46483201804141433,34,48
325,1,0,0.0180487189228126,0.222,0,CN7_L_000325,normal_only,2,0,0.4751595751561913,32,15
326,1,0,0.0013581001182328,0.222,0,CN7_L_000326,normal_only,2,0,0.44033108520793923,74,60
328,1,0,0.0013581001182328,0.222,0,CN7_L_000328,normal_only,2,0,0.4354204086701978,75,70
330,1,0,0.0012441316787237,0.222,0,CN7_L_000330,normal_only,2,0,0.4054814336704382,90,113
331,1,0,0.0012441316787237,0.222,0,CN7_L_000331,normal_only,2,0,0.4265429909018921,92,87
332,0,0,0.0428496513278539,0.222,0,CN7_L_000332,normal_only,2,0,0.43261058184898665,33,101
333,2,0,0.0173305020640747,0.222,0,CN7_L_000333,normal_only,2,0,0.4267440788049805,38,83
334,3,0,0.0003763782090764,0.222,0,CN7_L_000334,normal_only,2,0,0.4201095756850771,106,104
335,3,0,0.0003763782090764,0.222,0,CN7_L_000335,normal_only,2,0,0.4581098448763906,77,41
336,2,0,0.0005325023664465,0.222,0,CN7_L_000336,normal_only,2,0,0.4410817624489222,96,57
337,2,0,0.0005325023664465,0.222,0,CN7_L_000337,normal_only,2,0,0.4245756620947909,98,90
338,2,0,0.0036615082454523,0.222,0,CN7_L_000338,normal_only,2,0,0.4231988977035052,55,93
339,3,0,0.0003763782090764,0.222,0,CN7_L_000339,normal_only,2,0,0.41559631512296713,95,110
340,2,0,0.0006559591565699,0.222,0,CN7_L_000340,normal_only,2,0,0.46391121319524964,83,26
342,1,0,0.0017132497845145,0.222,0,CN7_L_000342,normal_only,2,0,0.4555001008111688,64,32
343,2,0,0.0025863497536272,0.222,0,CN7_L_000343,normal_only,2,0,0.44480276132727026,61,51
345,1,0,0.0012441316787237,0.222,0,CN7_L_000345,normal_only,2,0,0.4368119155473778,100,66
346,3,0,0.0003763782090764,0.222,0,CN7_L_000346,normal_only,2,0,0.42732657769080507,97,97
347,1,0,0.0012441316787237,0.222,0,CN7_L_000347,normal_only,2,0,0.4277188424904026,95,81
348,1,0,0.0176367016943658,0.222,0,CN7_L_000348,normal_only,2,0,0.44284074363122394,35,56
349,3,0,0.0003763782090764,0.222,0,CN7_L_000349,normal_only,2,0,0.42317602398907855,80,101
350,2,0,0.0005325023664465,0.222,0,CN7_L_000350,normal_only,2,0,0.4061961590827499,89,119
352,2,0,0.0006559591565699,0.222,0,CN7_L_000352,normal_only,2,0,0.4466816605502655,82,48
354,3,0,0.0012905316482298,0.222,0,CN7_L_000354,normal_only,2,0,0.4374182381920252,64,74
355,2,0,0.002356116987093,0.222,0,CN7_L_000355,normal_only,2,0,0.4276385816115349,62,80
356,2,0,0.0036745218456752,0.222,0,CN7_L_000356,normal_only,2,0,0.48225173977962654,54,11
358,2,0,0.0005325023664465,0.222,0,CN7_L_000358,normal_only,2,0,0.43151261388231815,95,72
360,2,0,0.014389030818776,0.222,0,CN7_L_000360,normal_only,2,0,0.44059226770523857,43,58
361,2,0,0.0006559591565699,0.222,0,CN7_L_000361,normal_only,2,0,0.451273982281645,84,42
362,0,0,0.0473344448622778,0.222,0,CN7_L_000362,normal_only,2,0,0.4901115294200647,30,28
363,1,0,0.0251138751586045,0.222,0,CN7_L_000363,normal_only,2,0,0.4748923279846088,22,16
364,2,0,0.0226666165242103,0.222,0,CN7_L_000364,normal_only,2,0,0.487090078189245,31,5
365,2,0,0.0784371324558562,0.222,0,CN7_L_000365,normal_only,2,0,0.4731905248433852,6,19
366,2,0,0.0010061028400469,0.222,0,CN7_L_000366,normal_only,2,0,0.4484349699634217,74,46
367,3,0,0.0003763782090764,0.222,0,CN7_L_000367,normal_only,2,0,0.4495351445498944,116,58
368,2,0,0.0174739197325478,0.222,0,CN7_L_000368,normal_only,2,0,0.4401819990652975,36,59
369,1,0,0.0178806362276671,0.222,0,CN7_L_000369,normal_only,2,0,0.42123090788991246,34,94
370,2,0,0.0005325023664465,0.222,0,CN7_L_000370,normal_only,2,0,0.42164189543399355,117,99
371,1,0,0.0234177051092738,0.222,0,CN7_L_000371,normal_only,2,0,0.42702044088469093,26,84
372,1,0,0.0016383434174733,0.222,0,CN7_L_000372,normal_only,2,0,0.43661078214653,67,67
374,1,0,0.0013190380457649,0.222,0,CN7_L_000374,normal_only,2,0,0.4404182478904697,83,59
375,2,0,0.0029196830869605,0.222,0,CN7_L_000375,normal_only,2,0,0.4609214307615501,60,28
376,1,0,0.0098584230860321,0.222,0,CN7_L_000376,normal_only,2,0,0.47997233682260765,49,11
377,0,0,0.0052099490111039,0.222,0,CN7_L_000377,normal_only,2,0,0.455530375898667,60,62
378,1,0,0.0012441316787237,0.222,0,CN7_L_000378,normal_only,2,0,0.4310884989149811,99,78
379,3,0,0.0003763782090764,0.222,0,CN7_L_000379,normal_only,2,0,0.4347577641010646,84,82
381,1,0,0.0013190380457649,0.222,0,CN7_L_000381,normal_only,2,0,0.44551695413857395,78,50
382,3,0,0.0003763782090764,0.222,0,CN7_L_000382,normal_only,2,0,0.4330749976373245,109,84
383,3,0,0.0003763782090764,0.222,0,CN7_L_000383,normal_only,2,0,0.4530648486021205,110,53
384,1,0,0.0012441316787237,0.222,0,CN7_L_000384,normal_only,2,0,0.42381762368195774,116,92
385,2,0,0.0008186569883499,0.222,0,CN7_L_000385,normal_only,2,0,0.4515624141906244,80,41
387,3,0,0.0004319337646319,0.222,0,CN7_L_000387,normal_only,2,0,0.4409858450585166,73,66
388,0,0,0.0002846291904452,0.222,0,CN7_L_000388,normal_only,2,0,0.4590166731722045,108,57
389,2,0,0.0005325023664465,0.222,0,CN7_L_000389,normal_only,2,0,0.4563210517379013,107,35
390,3,0,0.0003763782090764,0.222,0,CN7_L_000390,normal_only,2,0,0.4630198827575717,96,34
391,1,0,0.0013190380457649,0.222,0,CN7_L_000391,normal_only,2,0,0.40250790185307495,79,117
394,3,0,0.0003763782090764,0.222,0,CN7_L_000394,normal_only,2,0,0.43070835101212585,86,89
395,0,0,0.0008553941055413,0.222,0,CN7_L_000395,normal_only,2,0,0.43013344185273483,78,108
396,3,0,0.0033062723889705,0.222,0,CN7_L_000396,normal_only,2,0,0.45324314836898555,59,51
397,0,0,0.0002846291904452,0.222,0,CN7_L_000397,normal_only,2,0,0.4320024056743138,97,103
398,2,0,0.0005325023664465,0.222,0,CN7_L_000398,normal_only,2,0,0.41462670510192495,119,112
400,0,0,0.0002846291904452,0.222,0,CN7_L_000400,normal_only,2,0,0.41707051790477634,91,119
402,2,0,0.0005325023664465,0.222,0,CN7_L_000402,normal_only,2,0,0.4022794381089862,113,120
404,1,0,0.0123884626707299,0.222,0,CN7_L_000404,normal_only,2,0,0.4135668164669909,42,105
406,1,0,0.0128038976721772,0.222,0,CN7_L_000406,normal_only,2,0,0.417189232375064,38,102
407,0,0,0.0156522771496554,0.222,0,CN7_L_000407,normal_only,2,0,0.4675890788930374,54,47
408,0,0,0.003088861994678,0.222,0,CN7_L_000408,normal_only,2,0,0.49758490586385595,64,19
409,0,0,0.0016999731057891,0.222,0,CN7_L_000409,normal_only,2,0,0.4547528217179873,70,64
410,1,0,0.0016383434174733,0.222,0,CN7_L_000410,normal_only,2,0,0.41365506444075556,65,104
411,1,0,0.0012441316787237,0.222,0,CN7_L_000411,normal_only,2,0,0.4027564905899017,98,116
412,3,0,0.0003763782090764,0.222,0,CN7_L_000412,normal_only,2,0,0.4099583422083296,76,115
413,2,0,0.0186876449212175,0.222,0,CN7_L_000413,normal_only,2,0,0.41334286079650046,34,113
414,1,0,0.0229007029258829,0.222,0,CN7_L_000414,normal_only,2,0,0.4192595082940042,27,99
416,0,0,0.0002846291904452,0.222,0,CN7_L_000416,normal_only,2,0,0.4394291848055705,100,86
417,0,0,0.0562385623336042,0.222,0,CN7_L_000417,normal_only,2,0,0.4391517753263199,28,87
418,2,0,0.0005212411051852,0.222,0,CN7_L_000418,normal_only,2,0,0.4254598494000395,120,85
419,2,0,0.0036074483628876,0.222,0,CN7_L_000419,normal_only,2,0,0.4284297721894603,56,78
421,3,0,0.0003763782090764,0.222,0,CN7_L_000421,normal_only,2,0,0.4291965364479452,102,93
422,1,0,0.0415242506639439,0.222,0,CN7_L_000422,normal_only,2,0,0.4352171043316467,11,71
423,0,0,0.0017547146605306,0.222,0,CN7_L_000423,normal_only,2,0,0.4282258035792312,68,110
424,3,0,0.0035673006407007,0.222,0,CN7_L_000424,normal_only,2,0,0.4621351817231565,58,36
425,1,0,0.0012441316787237,0.222,0,CN7_L_000425,normal_only,2,0,0.4071030231585819,118,110
426,2,0,0.0058439814760801,0.222,0,CN7_L_000426,normal_only,2,0,0.41804136183928076,49,107
428,2,0,0.000963057922002,0.222,0,CN7_L_000428,normal_only,2,0,0.42186313869414405,78,98
429,3,0,0.0013460872037854,0.222,0,CN7_L_000429,normal_only,2,0,0.4318798861846953,63,86
430,0,0,0.0013957403015563,0.222,0,CN7_L_000430,normal_only,2,0,0.4258901023273301,73,112
433,2,0,0.0005325023664465,0.222,0,CN7_L_000433,normal_only,2,0,0.45091690675677837,118,43
434,3,0,0.0003763782090764,0.222,0,CN7_L_000434,normal_only,2,0,0.4059858710173246,119,119
435,0,0,0.000588861994678,0.222,0,CN7_L_000435,normal_only,2,0,0.41174053421375395,80,121
436,1,0,0.0012441316787237,0.222,0,CN7_L_000436,normal_only,2,0,0.3966994829942244,107,121
437,3,0,0.0003763782090764,0.222,0,CN7_L_000437,normal_only,2,0,0.39970117593244947,75,121
438,1,0,0.0016383434174733,0.222,0,CN7_L_000438,normal_only,2,0,0.4483304197943522,68,43
439,1,0,0.0016383434174733,0.222,0,CN7_L_000439,normal_only,2,0,0.4364884215029953,66,69
440,0,0,0.0002846291904452,0.222,0,CN7_L_000440,normal_only,2,0,0.4412045387168851,118,84
442,2,0,0.002356116987093,0.222,0,CN7_L_000442,normal_only,2,0,0.430348971992089,63,75
443,1,0,0.0042930734776655,0.222,0,CN7_L_000443,normal_only,2,0,0.4219788896496729,58,93
445,0,0,0.0002846291904452,0.222,0,CN7_L_000445,normal_only,2,0,0.42499559772210893,92,113
446,0,0,0.0027846291904452,0.222,0,CN7_L_000446,normal_only,2,0,0.43460870210260705,65,97
447,0,0,0.000588861994678,0.222,0,CN7_L_000447,normal_only,2,0,0.4494380197266376,79,74
448,2,0,0.0033003495974555,0.222,0,CN7_L_000448,normal_only,2,0,0.4251045063272885,59,88
450,2,0,0.0012922364595139,0.222,0,CN7_L_000450,normal_only,2,0,0.4434142124497101,67,53
451,1,0,0.0012234277449763,0.222,0,CN7_L_000451,normal_only,2,0,0.4295412670790457,121,80
452,3,0,0.0003763782090764,0.222,0,CN7_L_000452,normal_only,2,0,0.41787258671248806,93,107
453,0,0,0.0002846291904452,0.222,0,CN7_L_000453,normal_only,2,0,0.45101657350751934,113,69
454,3,0,0.0019319337646319,0.222,0,CN7_L_000454,normal_only,2,0,0.43074126138614827,62,88
455,1,0,0.0012441316787237,0.222,0,CN7_L_000455,normal_only,2,0,0.449731525123394,96,41
456,2,0,0.0005325023664465,0.222,0,CN7_L_000456,normal_only,2,0,0.4672739303414489,101,24
457,2,0,0.0005212411051852,0.222,0,CN7_L_000457,normal_only,2,0,0.4347752186159966,121,67
458,1,0,0.0087166103851388,0.222,0,CN7_L_000458,normal_only,2,0,0.4684375933013029,51,19
459,3,0,0.0003763782090764,0.222,0,CN7_L_000459,normal_only,2,0,0.4227017641169196,91,102
460,1,0,0.0016176394837259,0.222,0,CN7_L_000460,normal_only,2,0,0.44903709193220404,71,42
461,0,0,0.1085575654692148,0.222,0,CN7_L_000461,normal_only,2,0,0.48069398049538925,12,36
463,1,0,0.017940160037191,0.222,0,CN7_L_000463,normal_only,2,0,0.4173859289366272,33,101
464,1,0,0.0013190380457649,0.222,0,CN7_L_000464,normal_only,2,0,0.4150920047293017,84,103
465,3,0,0.0003763782090764,0.222,0,CN7_L_000465,normal_only,2,0,0.42932603449004775,114,92
466,0,0,0.0002846291904452,0.222,0,CN7_L_000466,normal_only,2,0,0.4495186789850898,85,73
467,2,0,0.0005325023664465,0.222,0,CN7_L_000467,normal_only,2,0,0.441204730453377,99,56
470,3,0,0.0012097115424097,0.222,0,CN7_L_000470,normal_only,2,0,0.41901845029640306,66,106
471,0,0,0.0002846291904452,0.222,0,CN7_L_000471,normal_only,2,0,0.45564913077912694,88,61
474,2,0,0.0143189822413271,0.222,0,CN7_L_000474,normal_only,2,0,0.42032539728247836,44,103
476,0,0,0.000588861994678,0.222,0,CN7_L_000476,normal_only,2,0,0.424615619511552,81,114
477,1,0,0.0012441316787237,0.222,0,CN7_L_000477,normal_only,2,0,0.43180740023894826,111,76
478,0,0,0.0002846291904452,0.222,0,CN7_L_000478,normal_only,2,0,0.44533632499962544,117,81
479,3,0,0.0183877816097802,0.222,0,CN7_L_000479,normal_only,2,0,0.4393371534243543,38,70
481,3,0,0.0003763782090764,0.222,0,CN7_L_000481,normal_only,2,0,0.41150543071141726,105,113
482,1,0,0.0123884626707299,0.222,0,CN7_L_000482,normal_only,2,0,0.4300194237055647,43,79
483,2,0,0.0005325023664465,0.222,0,CN7_L_000483,normal_only,2,0,0.42437854206694936,97,91
484,3,0,0.0054375246196204,0.222,0,CN7_L_000484,normal_only,2,0,0.4355444543049663,49,80
486,3,0,0.0050243165280673,0.222,0,CN7_L_000486,normal_only,2,0,0.4357947370498741,54,79
487,2,0,0.0006559591565699,0.222,0,CN7_L_000487,normal_only,2,0,0.4208968801798206,87,102
491,1,0,0.0012983341120175,0.222,0,CN7_L_000491,normal_only,2,0,0.4473106174081691,87,46
492,1,0,0.0012441316787237,0.222,0,CN7_L_000492,normal_only,2,0,0.4543259935526131,119,35
493,1,0,0.0012441316787237,0.222,0,CN7_L_000493,normal_only,2,0,0.4405051364013374,91,58
494,2,0,0.000963057922002,0.222,0,CN7_L_000494,normal_only,2,0,0.42514944705121405,76,87
495,3,0,0.0012097115424097,0.222,0,CN7_L_000495,normal_only,2,0,0.4282074918658946,65,95
496,2,0,0.000963057922002,0.222,0,CN7_L_000496,normal_only,2,0,0.4196588894298034,77,104
497,3,0,0.0003763782090764,0.222,0,CN7_L_000497,normal_only,2,0,0.4169548303226009,103,109
499,3,0,0.0003763782090764,0.222,0,CN7_L_000499,normal_only,2,0,0.43460283714573245,101,83
500,2,0,0.0005325023664465,0.222,0,CN7_L_000500,normal_only,2,0,0.4175473347741885,94,109
501,2,0,0.0005325023664465,0.222,0,CN7_L_000501,normal_only,2,0,0.4266372404403649,92,84
502,2,0,0.0005325023664465,0.222,0,CN7_L_000502,normal_only,2,0,0.41731329176536563,109,110
504,1,0,0.0012441316787237,0.222,0,CN7_L_000504,normal_only,2,0,0.40238967044075974,114,118
507,1,0,0.0012441316787237,0.222,0,CN7_L_000507,normal_only,2,0,0.4314637278994809,106,77
508,0,0,0.0439607624389651,0.222,0,CN7_L_000508,normal_only,2,0,0.4218499580269363,32,117
509,1,0,0.0012983341120175,0.222,0,CN7_L_000509,normal_only,2,0,0.4035253455760248,86,115
510,1,0,0.0051404465047534,0.222,0,CN7_L_000510,normal_only,2,0,0.44399482744469315,54,52
511,2,0,0.0127098828260904,0.222,0,CN7_L_000511,normal_only,2,0,0.4781741138339953,47,15
513,2,0,0.0008163187915672,0.222,0,CN7_L_000513,normal_only,2,0,0.44554359933568677,81,50
514,0,0,0.0045324924383084,0.222,0,CN7_L_000514,normal_only,2,0,0.46456696310124773,61,49
515,0,0,0.0009512958571118,0.222,0,CN7_L_000515,normal_only,2,0,0.4377661578354099,76,92
516,3,0,0.0006728208968234,0.222,0,CN7_L_000516,normal_only,2,0,0.4087347514208888,68,118
517,0,0,0.0010253699311859,0.222,0,CN7_L_000517,normal_only,2,0,0.4782354205978488,75,39
519,3,0,0.0003763782090764,0.222,0,CN7_L_000519,normal_only,2,0,0.444668139932859,100,61
520,3,0,0.0003763782090764,0.222,0,CN7_L_000520,normal_only,2,0,0.41098449948628263,78,114
521,0,0,0.0002846291904452,0.222,0,CN7_L_000521,normal_only,2,0,0.4486968500008789,99,76
523,0,0,0.0020589474647634,0.222,0,CN7_L_000523,normal_only,2,0,0.4602169587217929,67,54
525,1,0,0.0055346582435029,0.222,0,CN7_L_000525,normal_only,2,0,0.47341059661556845,53,17
526,0,0,0.0016999731057891,0.222,0,CN7_L_000526,normal_only,2,0,0.4447658750652823,71,83
527,2,0,0.0011058048355823,0.222,0,CN7_L_000527,normal_only,2,0,0.41138421661162816,69,115
528,3,0,0.0004319337646319,0.222,0,CN7_L_000528,normal_only,2,0,0.4496711209271988,71,57
529,0,0,0.0002846291904452,0.222,0,CN7_L_000529,normal_only,2,0,0.43738056606390047,105,93
530,2,0,0.000963057922002,0.222,0,CN7_L_000530,normal_only,2,0,0.4401674519976492,75,60
532,3,0,0.0003763782090764,0.222,0,CN7_L_000532,normal_only,2,0,0.40877231057541585,81,117
533,0,0,0.0081629174776064,0.222,0,CN7_L_000533,normal_only,2,0,0.46874678220321614,58,46
534,2,0,0.0041859688169448,0.222,0,CN7_L_000534,normal_only,2,0,0.41949914973908364,51,105
535,2,0,0.0014157142520738,0.222,0,CN7_L_000535,normal_only,2,0,0.4214241677396209,66,100
536,2,0,0.0005325023664465,0.222,0,CN7_L_000536,normal_only,2,0,0.42690791342733836,91,82
537,0,0,0.0002846291904452,0.222,0,CN7_L_000537,normal_only,2,0,0.4362927385116865,101,94
538,2,0,0.0005325023664465,0.222,0,CN7_L_000538,normal_only,2,0,0.41724076763330203,115,111
539,0,0,0.0002846291904452,0.222,0,CN7_L_000539,normal_only,2,0,0.4510224951754183,106,68
541,3,0,0.0003763782090764,0.222,0,CN7_L_000541,normal_only,2,0,0.40943850102903795,120,116
542,2,0,0.0005325023664465,0.222,0,CN7_L_000542,normal_only,2,0,0.4435611845417932,103,52
543,1,0,0.0012441316787237,0.222,0,CN7_L_000543,normal_only,2,0,0.41105916826056904,101,108
544,2,0,0.0009421137784733,0.222,0,CN7_L_000544,normal_only,2,0,0.4507760529682836,79,44
545,3,0,0.0004319337646319,0.222,0,CN7_L_000545,normal_only,2,0,0.42183618683014673,72,103
546,1,0,0.0016176394837259,0.222,0,CN7_L_000546,normal_only,2,0,0.47599966276572453,72,14
547,2,0,0.0037794159466934,0.222,0,CN7_L_000547,normal_only,2,0,0.4538049108390681,53,37
548,3,0,0.0003763782090764,0.222,0,CN7_L_000548,normal_only,2,0,0.48213791835094433,111,16
549,2,0,0.0012099715022489,0.222,0,CN7_L_000549,normal_only,2,0,0.42301625174707985,68,94
550,2,0,0.0034672280982041,0.222,0,CN7_L_000550,normal_only,2,0,0.4111426563389714,57,116
551,0,0,0.0002846291904452,0.222,0,CN7_L_000551,normal_only,2,0,0.4315368080492377,111,104
553,3,0,0.0003763782090764,0.222,0,CN7_L_000553,normal_only,2,0,0.4448955842126061,92,60
555,0,0,0.0002846291904452,0.222,0,CN7_L_000555,normal_only,2,0,0.44910020571738124,119,75
556,1,0,0.0051404465047534,0.222,0,CN7_L_000556,normal_only,2,0,0.4329686189072047,55,74
557,1,0,0.0012441316787237,0.222,0,CN7_L_000557,normal_only,2,0,0.41170836525689897,94,107
558,3,0,0.0209988927208913,0.222,0,CN7_L_000558,normal_only,2,0,0.4399364979690495,34,69
559,1,0,0.0030416095631581,0.222,0,CN7_L_000559,normal_only,2,0,0.4270255645801707,63,83
560,1,0,0.0012441316787237,0.222,0,CN7_L_000560,normal_only,2,0,0.4350550815615537,117,72
561,0,0,0.0002846291904452,0.222,0,CN7_L_000561,normal_only,2,0,0.43210369779337104,93,102
562,0,0,0.0002846291904452,0.222,0,CN7_L_000562,normal_only,2,0,0.4451503438665296,95,82
563,2,0,0.0005325023664465,0.222,0,CN7_L_000563,normal_only,2,0,0.4118866752710277,88,114
564,1,0,0.0012441316787237,0.222,0,CN7_L_000564,normal_only,2,0,0.4266285797789757,88,85
566,2,0,0.0006559591565699,0.222,0,CN7_L_000566,normal_only,2,0,0.417788875542044,85,108
567,0,0,0.0372976411337323,0.222,0,CN7_L_000567,normal_only,2,0,0.4935299309277489,38,24
568,2,0,0.064615052962252,0.222,0,CN7_L_000568,normal_only,2,0,0.47008681759774823,10,21
569,1,0,0.0127556096589482,0.222,0,CN7_L_000569,normal_only,2,0,0.46448156758233566,39,21
570,2,0,0.0010061028400469,0.222,0,CN7_L_000570,normal_only,2,0,0.42498024013045865,72,89
571,3,0,0.0004319337646319,0.222,0,CN7_L_000571,normal_only,2,0,0.4287714820784788,74,94
572,1,0,0.0012441316787237,0.222,0,CN7_L_000572,normal_only,2,0,0.42507175991689117,115,90
573,3,0,0.0003763782090764,0.222,0,CN7_L_000573,normal_only,2,0,0.4326445081525256,85,85
575,2,0,0.0006559591565699,0.222,0,CN7_L_000575,normal_only,2,0,0.4531996240938684,86,38
576,3,0,0.0003763782090764,0.222,0,CN7_L_000576,normal_only,2,0,0.4147815981793239,104,111
578,2,0,0.0041058048355823,0.222,0,CN7_L_000578,normal_only,2,0,0.4314950928917449,52,73
579,2,0,0.0005325023664465,0.222,0,CN7_L_000579,normal_only,2,0,0.44611986077387467,106,49
580,2,0,0.0005325023664465,0.222,0,CN7_L_000580,normal_only,2,0,0.4581971660647233,90,33
581,1,0,0.0012441316787237,0.222,0,CN7_L_000581,normal_only,2,0,0.4392034100971641,89,62
582,1,0,0.0013190380457649,0.222,0,CN7_L_000582,normal_only,2,0,0.424030545030688,77,91
583,1,0,0.0013190380457649,0.222,0,CN7_L_000583,normal_only,2,0,0.41919600206446844,76,100
584,3,0,0.0004319337646319,0.222,0,CN7_L_000584,normal_only,2,0,0.4233018886019321,69,100
585,0,0,0.0002846291904452,0.222,0,CN7_L_000585,normal_only,2,0,0.4358559009736023,94,95
586,3,0,0.0003763782090764,0.222,0,CN7_L_000586,normal_only,2,0,0.40132016218581856,88,120
587,0,0,0.0301195734655092,0.222,0,CN7_L_000587,normal_only,2,0,0.46320254498878305,43,50
590,3,0,0.0052812723889705,0.222,0,CN7_L_000590,normal_only,2,0,0.45139850372933216,50,55
592,2,0,0.0018699590003983,0.222,0,CN7_L_000592,normal_only,2,0,0.45230143663323685,64,39
593,1,0,0.0012441316787237,0.222,0,CN7_L_000593,normal_only,2,0,0.4068397017809726,120,111
594,1,0,0.0016383434174733,0.222,0,CN7_L_000594,normal_only,2,0,0.454573594114816,69,33
595,3,0,0.0003763782090764,0.222,0,CN7_L_000595,normal_only,2,0,0.4199242298555727,94,105
596,0,0,0.0043088890125773,0.222,0,CN7_L_000596,normal_only,2,0,0.46275978580647414,63,51
597,1,0,0.007012830756229,0.222,0,CN7_L_000597,normal_only,2,0,0.45279243054546214,52,38
598,0,0,0.0002846291904452,0.222,0,CN7_L_000598,normal_only,2,0,0.45378542335221195,84,66
599,0,0,0.0002846291904452,0.222,0,CN7_L_000599,normal_only,2,0,0.4499045819900717,104,72
601,2,0,0.0520285345878522,0.222,0,CN7_L_000601,normal_only,2,0,0.48319006195385955,14,10
602,2,0,0.0447666530902024,0.222,0,CN7_L_000602,normal_only,2,0,0.45948029697234427,20,30
604,3,0,0.1008436426950525,0.222,0,CN7_L_000604,normal_only,2,0,0.6446508941170543,7,1
605,0,0,0.1599722037430905,0.222,0,CN7_L_000605,normal_only,2,0,0.7380183669429807,4,1
