method,requested_pct,selected,selected_pct,captured_risk,total_risk,missed_risk,selected_normal,recall,precision,tie_cut_folds
RF,0.0,0,0.0,0,20,20,0,0.0,0.0,0
RF,1.0,8,1.694915254237288,1,20,19,7,0.05,0.125,0
RF,2.0,12,2.542372881355932,2,20,18,10,0.1,0.16666666666666666,1
RF,3.0,16,3.389830508474576,3,20,17,13,0.15,0.1875,0
RF,4.0,20,4.237288135593221,3,20,17,17,0.15,0.15,0
RF,5.0,24,5.084745762711864,3,20,17,21,0.15,0.125,0
RF,6.0,32,6.779661016949152,3,20,17,29,0.15,0.09375,0
RF,7.000000000000001,36,7.627118644067797,3,20,17,33,0.15,0.08333333333333333,1
RF,8.0,40,8.474576271186441,3,20,17,37,0.15,0.075,1
RF,9.0,44,9.322033898305085,3,20,17,41,0.15,0.06818181818181818,0
RF,10.0,48,10.169491525423728,3,20,17,45,0.15,0.0625,1
RF,11.0,52,11.016949152542374,3,20,17,49,0.15,0.057692307692307696,0
RF,12.0,60,12.711864406779661,3,20,17,57,0.15,0.05,0
RF,13.0,64,13.559322033898304,3,20,17,61,0.15,0.046875,0
RF,14.000000000000002,68,14.40677966101695,3,20,17,65,0.15,0.04411764705882353,2
RF,15.0,72,15.254237288135593,3,20,17,69,0.15,0.041666666666666664,2
RF,16.0,76,16.10169491525424,3,20,17,73,0.15,0.039473684210526314,1
RF,17.0,84,17.796610169491526,3,20,17,81,0.15,0.03571428571428571,0
RF,18.0,88,18.64406779661017,3,20,17,85,0.15,0.03409090909090909,0
RF,19.0,92,19.491525423728813,3,20,17,89,0.15,0.03260869565217391,1
RF,20.0,96,20.338983050847457,3,20,17,93,0.15,0.03125,1
RF,21.0,100,21.1864406779661,3,20,17,97,0.15,0.03,2
RF,22.0,104,22.033898305084747,3,20,17,101,0.15,0.028846153846153848,0
RF,23.0,112,23.728813559322035,4,20,16,108,0.2,0.03571428571428571,2
RF,24.0,116,24.576271186440678,4,20,16,112,0.2,0.034482758620689655,0
RF,25.0,120,25.423728813559322,4,20,16,116,0.2,0.03333333333333333,0
RF,26.0,124,26.271186440677965,4,20,16,120,0.2,0.03225806451612903,1
RF,27.0,128,27.11864406779661,4,20,16,124,0.2,0.03125,0
RF,28.000000000000004,136,28.8135593220339,4,20,16,132,0.2,0.029411764705882353,2
RF,28.999999999999996,140,29.661016949152543,4,20,16,136,0.2,0.02857142857142857,2
RF,30.0,144,30.508474576271187,4,20,16,140,0.2,0.027777777777777776,1
RF,31.0,148,31.35593220338983,4,20,16,144,0.2,0.02702702702702703,0
RF,32.0,152,32.20338983050848,4,20,16,148,0.2,0.02631578947368421,2
RF,33.0,156,33.05084745762712,4,20,16,152,0.2,0.02564102564102564,0
RF,34.0,164,34.74576271186441,4,20,16,160,0.2,0.024390243902439025,2
RF,35.0,168,35.59322033898305,4,20,16,164,0.2,0.023809523809523808,1
RF,36.0,172,36.440677966101696,4,20,16,168,0.2,0.023255813953488372,3
RF,37.0,176,37.28813559322034,4,20,16,172,0.2,0.022727272727272728,1
RF,38.0,180,38.13559322033898,4,20,16,176,0.2,0.022222222222222223,2
RF,39.0,188,39.83050847457627,4,20,16,184,0.2,0.02127659574468085,2
RF,40.0,192,40.67796610169491,4,20,16,188,0.2,0.020833333333333332,1
RF,41.0,196,41.52542372881356,4,20,16,192,0.2,0.02040816326530612,0
RF,42.0,200,42.3728813559322,4,20,16,196,0.2,0.02,1
RF,43.0,204,43.220338983050844,5,20,15,199,0.25,0.024509803921568627,2
RF,44.0,208,44.067796610169495,5,20,15,203,0.25,0.02403846153846154,4
RF,45.0,216,45.76271186440678,5,20,15,211,0.25,0.023148148148148147,2
RF,46.0,220,46.610169491525426,5,20,15,215,0.25,0.022727272727272728,1
RF,47.0,224,47.45762711864407,5,20,15,219,0.25,0.022321428571428572,2
RF,48.0,228,48.30508474576271,5,20,15,223,0.25,0.021929824561403508,2
RF,49.0,232,49.152542372881356,5,20,15,227,0.25,0.021551724137931036,4
RF,50.0,236,50.0,5,20,15,231,0.25,0.0211864406779661,2
RF,51.0,244,51.69491525423729,6,20,14,238,0.3,0.02459016393442623,0
RF,52.0,248,52.54237288135593,6,20,14,242,0.3,0.024193548387096774,2
RF,53.0,252,53.389830508474574,7,20,13,245,0.35,0.027777777777777776,3
RF,54.0,256,54.23728813559322,7,20,13,249,0.35,0.02734375,2
RF,55.00000000000001,260,55.08474576271186,7,20,13,253,0.35,0.026923076923076925,3
RF,56.00000000000001,268,56.779661016949156,7,20,13,261,0.35,0.026119402985074626,2
RF,57.00000000000001,272,57.6271186440678,7,20,13,265,0.35,0.025735294117647058,1
RF,57.99999999999999,276,58.47457627118644,8,20,12,268,0.4,0.028985507246376812,4
RF,59.0,280,59.32203389830509,8,20,12,272,0.4,0.02857142857142857,2
RF,60.0,284,60.16949152542373,8,20,12,276,0.4,0.028169014084507043,4
RF,61.0,288,61.016949152542374,8,20,12,280,0.4,0.027777777777777776,0
RF,62.0,296,62.71186440677966,8,20,12,288,0.4,0.02702702702702703,2
RF,63.0,300,63.559322033898304,8,20,12,292,0.4,0.02666666666666667,3
RF,64.0,304,64.40677966101696,8,20,12,296,0.4,0.02631578947368421,2
RF,65.0,308,65.2542372881356,8,20,12,300,0.4,0.025974025974025976,3
RF,66.0,312,66.10169491525424,8,20,12,304,0.4,0.02564102564102564,3
RF,67.0,320,67.79661016949153,8,20,12,312,0.4,0.025,4
RF,68.0,324,68.64406779661017,9,20,11,315,0.45,0.027777777777777776,1
RF,69.0,328,69.49152542372882,9,20,11,319,0.45,0.027439024390243903,3
RF,70.0,332,70.33898305084746,9,20,11,323,0.45,0.02710843373493976,3
RF,71.0,336,71.1864406779661,9,20,11,327,0.45,0.026785714285714284,1
RF,72.0,340,72.03389830508475,10,20,10,330,0.5,0.029411764705882353,3
RF,73.0,348,73.72881355932203,10,20,10,338,0.5,0.028735632183908046,4
RF,74.0,352,74.57627118644068,11,20,9,341,0.55,0.03125,4
RF,75.0,356,75.42372881355932,11,20,9,345,0.55,0.03089887640449438,3
RF,76.0,360,76.27118644067797,11,20,9,349,0.55,0.030555555555555555,3
RF,77.0,364,77.11864406779661,11,20,9,353,0.55,0.03021978021978022,3
RF,78.0,372,78.8135593220339,11,20,9,361,0.55,0.02956989247311828,4
RF,79.0,376,79.66101694915254,11,20,9,365,0.55,0.02925531914893617,2
RF,80.0,380,80.50847457627118,12,20,8,368,0.6,0.031578947368421054,3
RF,81.0,384,81.35593220338983,12,20,8,372,0.6,0.03125,4
RF,82.0,388,82.20338983050847,12,20,8,376,0.6,0.030927835051546393,3
RF,83.0,392,83.05084745762711,12,20,8,380,0.6,0.030612244897959183,4
RF,84.0,400,84.7457627118644,12,20,8,388,0.6,0.03,3
RF,85.0,404,85.59322033898304,12,20,8,392,0.6,0.0297029702970297,4
RF,86.0,408,86.44067796610169,13,20,7,395,0.65,0.031862745098039214,3
RF,87.0,412,87.28813559322033,15,20,5,397,0.75,0.03640776699029126,2
RF,88.0,416,88.13559322033899,15,20,5,401,0.75,0.036057692307692304,4
RF,89.0,424,89.83050847457628,16,20,4,408,0.8,0.03773584905660377,4
RF,90.0,428,90.67796610169492,16,20,4,412,0.8,0.037383177570093455,3
RF,91.0,432,91.52542372881356,16,20,4,416,0.8,0.037037037037037035,4
RF,92.0,436,92.37288135593221,16,20,4,420,0.8,0.03669724770642202,4
RF,93.0,440,93.22033898305085,17,20,3,423,0.85,0.038636363636363635,3
RF,94.0,444,94.0677966101695,17,20,3,427,0.85,0.038288288288288286,4
RF,95.0,452,95.76271186440678,19,20,1,433,0.95,0.0420353982300885,4
RF,96.0,456,96.61016949152543,20,20,0,436,1.0,0.043859649122807015,3
RF,97.0,460,97.45762711864407,20,20,0,440,1.0,0.043478260869565216,4
RF,98.0,464,98.30508474576271,20,20,0,444,1.0,0.04310344827586207,3
RF,99.0,468,99.15254237288136,20,20,0,448,1.0,0.042735042735042736,4
RF,100.0,472,100.0,20,20,0,452,1.0,0.0423728813559322,0
IF,0.0,0,0.0,0,20,20,0,0.0,0.0,0
IF,1.0,8,1.694915254237288,1,20,19,7,0.05,0.125,0
IF,2.0,12,2.542372881355932,1,20,19,11,0.05,0.08333333333333333,0
IF,3.0,16,3.389830508474576,1,20,19,15,0.05,0.0625,0
IF,4.0,20,4.237288135593221,1,20,19,19,0.05,0.05,0
IF,5.0,24,5.084745762711864,1,20,19,23,0.05,0.041666666666666664,0
IF,6.0,32,6.779661016949152,1,20,19,31,0.05,0.03125,0
IF,7.000000000000001,36,7.627118644067797,1,20,19,35,0.05,0.027777777777777776,0
IF,8.0,40,8.474576271186441,1,20,19,39,0.05,0.025,0
IF,9.0,44,9.322033898305085,1,20,19,43,0.05,0.022727272727272728,0
IF,10.0,48,10.169491525423728,1,20,19,47,0.05,0.020833333333333332,0
IF,11.0,52,11.016949152542374,1,20,19,51,0.05,0.019230769230769232,0
IF,12.0,60,12.711864406779661,1,20,19,59,0.05,0.016666666666666666,0
IF,13.0,64,13.559322033898304,1,20,19,63,0.05,0.015625,0
IF,14.000000000000002,68,14.40677966101695,1,20,19,67,0.05,0.014705882352941176,0
IF,15.0,72,15.254237288135593,1,20,19,71,0.05,0.013888888888888888,0
IF,16.0,76,16.10169491525424,1,20,19,75,0.05,0.013157894736842105,0
IF,17.0,84,17.796610169491526,1,20,19,83,0.05,0.011904761904761904,0
IF,18.0,88,18.64406779661017,1,20,19,87,0.05,0.011363636363636364,0
IF,19.0,92,19.491525423728813,1,20,19,91,0.05,0.010869565217391304,0
IF,20.0,96,20.338983050847457,1,20,19,95,0.05,0.010416666666666666,0
IF,21.0,100,21.1864406779661,1,20,19,99,0.05,0.01,0
IF,22.0,104,22.033898305084747,1,20,19,103,0.05,0.009615384615384616,0
IF,23.0,112,23.728813559322035,1,20,19,111,0.05,0.008928571428571428,0
IF,24.0,116,24.576271186440678,1,20,19,115,0.05,0.008620689655172414,0
IF,25.0,120,25.423728813559322,1,20,19,119,0.05,0.008333333333333333,0
IF,26.0,124,26.271186440677965,1,20,19,123,0.05,0.008064516129032258,0
IF,27.0,128,27.11864406779661,2,20,18,126,0.1,0.015625,0
IF,28.000000000000004,136,28.8135593220339,3,20,17,133,0.15,0.022058823529411766,0
IF,28.999999999999996,140,29.661016949152543,3,20,17,137,0.15,0.02142857142857143,0
IF,30.0,144,30.508474576271187,3,20,17,141,0.15,0.020833333333333332,0
IF,31.0,148,31.35593220338983,3,20,17,145,0.15,0.02027027027027027,0
IF,32.0,152,32.20338983050848,3,20,17,149,0.15,0.019736842105263157,0
IF,33.0,156,33.05084745762712,3,20,17,153,0.15,0.019230769230769232,0
IF,34.0,164,34.74576271186441,3,20,17,161,0.15,0.018292682926829267,0
IF,35.0,168,35.59322033898305,4,20,16,164,0.2,0.023809523809523808,0
IF,36.0,172,36.440677966101696,5,20,15,167,0.25,0.029069767441860465,0
IF,37.0,176,37.28813559322034,5,20,15,171,0.25,0.028409090909090908,0
IF,38.0,180,38.13559322033898,5,20,15,175,0.25,0.027777777777777776,0
IF,39.0,188,39.83050847457627,5,20,15,183,0.25,0.026595744680851064,0
IF,40.0,192,40.67796610169491,5,20,15,187,0.25,0.026041666666666668,0
IF,41.0,196,41.52542372881356,5,20,15,191,0.25,0.025510204081632654,0
IF,42.0,200,42.3728813559322,5,20,15,195,0.25,0.025,0
IF,43.0,204,43.220338983050844,5,20,15,199,0.25,0.024509803921568627,0
IF,44.0,208,44.067796610169495,5,20,15,203,0.25,0.02403846153846154,0
IF,45.0,216,45.76271186440678,5,20,15,211,0.25,0.023148148148148147,0
IF,46.0,220,46.610169491525426,5,20,15,215,0.25,0.022727272727272728,0
IF,47.0,224,47.45762711864407,5,20,15,219,0.25,0.022321428571428572,0
IF,48.0,228,48.30508474576271,5,20,15,223,0.25,0.021929824561403508,0
IF,49.0,232,49.152542372881356,5,20,15,227,0.25,0.021551724137931036,0
IF,50.0,236,50.0,7,20,13,229,0.35,0.029661016949152543,0
IF,51.0,244,51.69491525423729,7,20,13,237,0.35,0.028688524590163935,0
IF,52.0,248,52.54237288135593,7,20,13,241,0.35,0.028225806451612902,0
IF,53.0,252,53.389830508474574,7,20,13,245,0.35,0.027777777777777776,0
IF,54.0,256,54.23728813559322,8,20,12,248,0.4,0.03125,0
IF,55.00000000000001,260,55.08474576271186,8,20,12,252,0.4,0.03076923076923077,0
IF,56.00000000000001,268,56.779661016949156,8,20,12,260,0.4,0.029850746268656716,0
IF,57.00000000000001,272,57.6271186440678,8,20,12,264,0.4,0.029411764705882353,0
IF,57.99999999999999,276,58.47457627118644,8,20,12,268,0.4,0.028985507246376812,0
IF,59.0,280,59.32203389830509,8,20,12,272,0.4,0.02857142857142857,0
IF,60.0,284,60.16949152542373,8,20,12,276,0.4,0.028169014084507043,0
IF,61.0,288,61.016949152542374,10,20,10,278,0.5,0.034722222222222224,0
IF,62.0,296,62.71186440677966,11,20,9,285,0.55,0.037162162162162164,0
IF,63.0,300,63.559322033898304,11,20,9,289,0.55,0.03666666666666667,0
IF,64.0,304,64.40677966101696,11,20,9,293,0.55,0.03618421052631579,0
IF,65.0,308,65.2542372881356,11,20,9,297,0.55,0.03571428571428571,0
IF,66.0,312,66.10169491525424,11,20,9,301,0.55,0.035256410256410256,0
IF,67.0,320,67.79661016949153,11,20,9,309,0.55,0.034375,0
IF,68.0,324,68.64406779661017,11,20,9,313,0.55,0.033950617283950615,0
IF,69.0,328,69.49152542372882,11,20,9,317,0.55,0.03353658536585366,0
IF,70.0,332,70.33898305084746,11,20,9,321,0.55,0.03313253012048193,0
IF,71.0,336,71.1864406779661,11,20,9,325,0.55,0.03273809523809524,0
IF,72.0,340,72.03389830508475,12,20,8,328,0.6,0.03529411764705882,0
IF,73.0,348,73.72881355932203,13,20,7,335,0.65,0.03735632183908046,0
IF,74.0,352,74.57627118644068,13,20,7,339,0.65,0.036931818181818184,0
IF,75.0,356,75.42372881355932,13,20,7,343,0.65,0.03651685393258427,0
IF,76.0,360,76.27118644067797,13,20,7,347,0.65,0.03611111111111111,0
IF,77.0,364,77.11864406779661,13,20,7,351,0.65,0.03571428571428571,0
IF,78.0,372,78.8135593220339,13,20,7,359,0.65,0.03494623655913978,0
IF,79.0,376,79.66101694915254,13,20,7,363,0.65,0.034574468085106384,0
IF,80.0,380,80.50847457627118,13,20,7,367,0.65,0.034210526315789476,0
IF,81.0,384,81.35593220338983,13,20,7,371,0.65,0.033854166666666664,0
IF,82.0,388,82.20338983050847,14,20,6,374,0.7,0.03608247422680412,0
IF,83.0,392,83.05084745762711,14,20,6,378,0.7,0.03571428571428571,0
IF,84.0,400,84.7457627118644,15,20,5,385,0.75,0.0375,0
IF,85.0,404,85.59322033898304,15,20,5,389,0.75,0.03712871287128713,0
IF,86.0,408,86.44067796610169,15,20,5,393,0.75,0.03676470588235294,0
IF,87.0,412,87.28813559322033,15,20,5,397,0.75,0.03640776699029126,0
IF,88.0,416,88.13559322033899,16,20,4,400,0.8,0.038461538461538464,0
IF,89.0,424,89.83050847457628,17,20,3,407,0.85,0.04009433962264151,0
IF,90.0,428,90.67796610169492,17,20,3,411,0.85,0.0397196261682243,0
IF,91.0,432,91.52542372881356,17,20,3,415,0.85,0.03935185185185185,0
IF,92.0,436,92.37288135593221,18,20,2,418,0.9,0.04128440366972477,0
IF,93.0,440,93.22033898305085,18,20,2,422,0.9,0.04090909090909091,0
IF,94.0,444,94.0677966101695,18,20,2,426,0.9,0.04054054054054054,0
IF,95.0,452,95.76271186440678,18,20,2,434,0.9,0.03982300884955752,0
IF,96.0,456,96.61016949152543,19,20,1,437,0.95,0.041666666666666664,0
IF,97.0,460,97.45762711864407,19,20,1,441,0.95,0.041304347826086954,0
IF,98.0,464,98.30508474576271,19,20,1,445,0.95,0.040948275862068964,0
IF,99.0,468,99.15254237288136,20,20,0,448,1.0,0.042735042735042736,0
IF,100.0,472,100.0,20,20,0,452,1.0,0.0423728813559322,0
