candidate_id,fold,train_rows,train_risk,validation_rows,validation_risk,n_features,n_trees,max_fitted_depth,fit_seconds
0,0,354,15,118,5,23,300,3,0.25156719994265586
0,1,354,15,118,5,23,300,3,0.23327660001814365
0,2,354,15,118,5,23,300,3,0.22778980003204197
0,3,354,15,118,5,23,300,3,0.22780780005268753
1,0,354,15,118,5,23,300,3,0.24227479996625334
1,1,354,15,118,5,23,300,3,0.23534449993167073
1,2,354,15,118,5,23,300,3,0.26985429995693266
1,3,354,15,118,5,23,300,3,0.23732060007750988
2,0,354,15,118,5,23,300,3,0.3677267999155447
2,1,354,15,118,5,23,300,3,0.3708822000771761
2,2,354,15,118,5,23,300,3,0.3450380000285804
2,3,354,15,118,5,23,300,3,0.35600929998327047
3,0,354,15,118,5,23,300,3,0.25790260010398924
3,1,354,15,118,5,23,300,3,0.25069390004500747
3,2,354,15,118,5,23,300,3,0.24802160006947815
3,3,354,15,118,5,23,300,3,0.26662220002617687
4,0,354,15,118,5,23,300,3,0.25922680005896837
4,1,354,15,118,5,23,300,3,0.2455321999732405
4,2,354,15,118,5,23,300,3,0.2572364000370726
4,3,354,15,118,5,23,300,3,0.259004499996081
5,0,354,15,118,5,23,300,3,0.3622755000833422
5,1,354,15,118,5,23,300,3,0.3532603000057861
5,2,354,15,118,5,23,300,3,0.3633267000550404
5,3,354,15,118,5,23,300,3,0.35523560002911836
6,0,354,15,118,5,23,300,3,0.30971190007403493
6,1,354,15,118,5,23,300,3,0.2977750999853015
6,2,354,15,118,5,23,300,3,0.29624519997742027
6,3,354,15,118,5,23,300,3,0.31805740005802363
7,0,354,15,118,5,23,300,3,0.3146955000702292
7,1,354,15,118,5,23,300,3,0.30286380008328706
7,2,354,15,118,5,23,300,3,0.350499700056389
7,3,354,15,118,5,23,300,3,0.28624599997419864
8,0,354,15,118,5,23,300,3,0.41565409989561886
8,1,354,15,118,5,23,300,3,0.4110720999306068
8,2,354,15,118,5,23,300,3,0.46314519993029535
8,3,354,15,118,5,23,300,3,0.4400451999390498
9,0,354,15,118,5,23,300,3,0.24483899993356317
9,1,354,15,118,5,23,300,3,0.2513531999429688
9,2,354,15,118,5,23,300,3,0.2371602999046445
9,3,354,15,118,5,23,300,3,0.24219020002055913
10,0,354,15,118,5,23,300,3,0.2718196000205353
10,1,354,15,118,5,23,300,3,0.2446833000285551
10,2,354,15,118,5,23,300,3,0.2714128999505192
10,3,354,15,118,5,23,300,3,0.2752777000423521
11,0,354,15,118,5,23,300,3,0.39688759995624423
11,1,354,15,118,5,23,300,3,0.3939892000053078
11,2,354,15,118,5,23,300,3,0.3614077999955043
11,3,354,15,118,5,23,300,3,0.36705260002054274
12,0,354,15,118,5,23,300,3,0.2738973000086844
12,1,354,15,118,5,23,300,3,0.2710193000966683
12,2,354,15,118,5,23,300,3,0.2870945999165997
12,3,354,15,118,5,23,300,3,0.2739314999198541
13,0,354,15,118,5,23,300,3,0.29170820000581443
13,1,354,15,118,5,23,300,3,0.26445260003674775
13,2,354,15,118,5,23,300,3,0.2666777999838814
13,3,354,15,118,5,23,300,3,0.28876580006908625
14,0,354,15,118,5,23,300,3,0.4446668999735266
14,1,354,15,118,5,23,300,3,0.4549999999580905
14,2,354,15,118,5,23,300,3,0.43324530008248985
14,3,354,15,118,5,23,300,3,0.44888319994788617
15,0,354,15,118,5,23,300,3,0.3218440000200644
15,1,354,15,118,5,23,300,3,0.3646643999963999
15,2,354,15,118,5,23,300,3,0.34612989996094257
15,3,354,15,118,5,23,300,3,0.34145489998627454
16,0,354,15,118,5,23,300,3,0.35668840003199875
16,1,354,15,118,5,23,300,3,0.3632254999829456
16,2,354,15,118,5,23,300,3,0.4317225000122562
16,3,354,15,118,5,23,300,3,0.3874087000731379
17,0,354,15,118,5,23,300,3,0.47732099995482713
17,1,354,15,118,5,23,300,3,0.5090550000313669
17,2,354,15,118,5,23,300,3,0.5331067000515759
17,3,354,15,118,5,23,300,3,0.4716922000516206
18,0,354,15,118,5,23,300,3,0.267318700090982
18,1,354,15,118,5,23,300,3,0.27294139994774014
18,2,354,15,118,5,23,300,3,0.2845035999780521
18,3,354,15,118,5,23,300,3,0.2567920000292361
19,0,354,15,118,5,23,300,3,0.27493100007995963
19,1,354,15,118,5,23,300,3,0.28864929999690503
19,2,354,15,118,5,23,300,3,0.27459469996392727
19,3,354,15,118,5,23,300,3,0.29018839995842427
20,0,354,15,118,5,23,300,3,0.4088887000689283
20,1,354,15,118,5,23,300,3,0.3696163999848068
20,2,354,15,118,5,23,300,3,0.4085266999900341
20,3,354,15,118,5,23,300,3,0.4290616000071168
21,0,354,15,118,5,23,300,3,0.29861860000528395
21,1,354,15,118,5,23,300,3,0.3109166999347508
21,2,354,15,118,5,23,300,3,0.31284320005215704
21,3,354,15,118,5,23,300,3,0.29048780002631247
22,0,354,15,118,5,23,300,3,0.31130160007160157
22,1,354,15,118,5,23,300,3,0.3757575999479741
22,2,354,15,118,5,23,300,3,0.2956242000218481
22,3,354,15,118,5,23,300,3,0.2960891000693664
23,0,354,15,118,5,23,300,3,0.4579356999602169
23,1,354,15,118,5,23,300,3,0.534442099975422
23,2,354,15,118,5,23,300,3,0.4826378000434488
23,3,354,15,118,5,23,300,3,0.47392799996305257
24,0,354,15,118,5,23,300,3,0.3422558999154717
24,1,354,15,118,5,23,300,3,0.3938320999732241
24,2,354,15,118,5,23,300,3,0.37962889997288585
24,3,354,15,118,5,23,300,3,0.34152829996310174
25,0,354,15,118,5,23,300,3,0.33674870000686496
25,1,354,15,118,5,23,300,3,0.34385419997852296
25,2,354,15,118,5,23,300,3,0.3535822000121698
25,3,354,15,118,5,23,300,3,0.33100250002462417
26,0,354,15,118,5,23,300,3,0.505011000088416
26,1,354,15,118,5,23,300,3,0.46975610009394586
26,2,354,15,118,5,23,300,3,0.5128039000555873
26,3,354,15,118,5,23,300,3,0.5225407999241725
27,0,354,15,118,5,23,300,3,0.3044076000805944
27,1,354,15,118,5,23,300,3,0.30128030001651496
27,2,354,15,118,5,23,300,3,0.31413590000011027
27,3,354,15,118,5,23,300,3,0.2886425000615418
28,0,354,15,118,5,23,300,3,0.3153433999978006
28,1,354,15,118,5,23,300,3,0.28737969999201596
28,2,354,15,118,5,23,300,3,0.3225316000171006
28,3,354,15,118,5,23,300,3,0.305414600064978
29,0,354,15,118,5,23,300,3,0.4188589999685064
29,1,354,15,118,5,23,300,3,0.4073313999688253
29,2,354,15,118,5,23,300,3,0.4382148999720812
29,3,354,15,118,5,23,300,3,0.43506119993980974
30,0,354,15,118,5,23,300,3,0.32322430005297065
30,1,354,15,118,5,23,300,3,0.3309841000009328
30,2,354,15,118,5,23,300,3,0.311459599994123
30,3,354,15,118,5,23,300,3,0.3052158000646159
31,0,354,15,118,5,23,300,3,0.3079431999940425
31,1,354,15,118,5,23,300,3,0.3095383000327274
31,2,354,15,118,5,23,300,3,0.3126372001133859
31,3,354,15,118,5,23,300,3,0.32648119993973523
32,0,354,15,118,5,23,300,3,0.4506012999918312
32,1,354,15,118,5,23,300,3,0.4715984999202192
32,2,354,15,118,5,23,300,3,0.4309039000654593
32,3,354,15,118,5,23,300,3,0.4358261999441311
33,0,354,15,118,5,23,300,3,0.35467510006856173
33,1,354,15,118,5,23,300,3,0.38347970007453114
33,2,354,15,118,5,23,300,3,0.4017325999448076
33,3,354,15,118,5,23,300,3,0.3498323999810964
34,0,354,15,118,5,23,300,3,0.338169900001958
34,1,354,15,118,5,23,300,3,0.33627849991898984
34,2,354,15,118,5,23,300,3,0.33472440007608384
34,3,354,15,118,5,23,300,3,0.33100530004594475
35,0,354,15,118,5,23,300,3,0.46694990003015846
35,1,354,15,118,5,23,300,3,0.48649849998764694
35,2,354,15,118,5,23,300,3,0.5120960000203922
35,3,354,15,118,5,23,300,3,0.5156770999310538
36,0,354,15,118,5,23,300,6,0.4071352999890223
36,1,354,15,118,5,23,300,6,0.459195000003092
36,2,354,15,118,5,23,300,6,0.35902689991053194
36,3,354,15,118,5,23,300,6,0.3233376999851316
37,0,354,15,118,5,23,300,6,0.29096340003889054
37,1,354,15,118,5,23,300,6,0.2943536000093445
37,2,354,15,118,5,23,300,6,0.2855049999197945
37,3,354,15,118,5,23,300,6,0.27770780003629625
38,0,354,15,118,5,23,300,6,0.42496430000755936
38,1,354,15,118,5,23,300,6,0.40818040003068745
38,2,354,15,118,5,23,300,6,0.5084901999216527
38,3,354,15,118,5,23,300,6,0.4531441000290215
39,0,354,15,118,5,23,300,6,0.34089759993366897
39,1,354,15,118,5,23,300,6,0.35708069999236614
39,2,354,15,118,5,23,300,6,0.4929938999703154
39,3,354,15,118,5,23,300,6,0.5294076999416575
40,0,354,15,118,5,23,300,6,0.4293162999674678
40,1,354,15,118,5,23,300,6,0.3490501999622211
40,2,354,15,118,5,23,300,6,0.321873200009577
40,3,354,15,118,5,23,300,6,0.44729410007130355
41,0,354,15,118,5,23,300,6,0.5097015999490395
41,1,354,15,118,5,23,300,6,0.43723639997188
41,2,354,15,118,5,23,300,6,0.48483289999421686
41,3,354,15,118,5,23,300,6,0.6015089999418706
42,0,354,15,118,5,23,300,6,0.4856078000739217
42,1,354,15,118,5,23,300,6,0.4613501999992877
42,2,354,15,118,5,23,300,6,0.6824421999044716
42,3,354,15,118,5,23,300,6,0.49599070008844137
43,0,354,15,118,5,23,300,6,0.567450699978508
43,1,354,15,118,5,23,300,6,0.5907561999047175
43,2,354,15,118,5,23,300,6,0.41611970006488264
43,3,354,15,118,5,23,300,6,0.39273570000659674
44,0,354,15,118,5,23,300,6,0.5375000999774784
44,1,354,15,118,5,23,300,6,0.5105741999577731
44,2,354,15,118,5,23,300,6,0.5680110000539571
44,3,354,15,118,5,23,300,6,0.5252061999635771
45,0,354,15,118,5,23,300,6,0.2984559000469744
45,1,354,15,118,5,23,300,6,0.2809184999205172
45,2,354,15,118,5,23,300,6,0.28558490006253123
45,3,354,15,118,5,23,300,6,0.28847939998377115
46,0,354,15,118,5,23,300,6,0.30399339995346963
46,1,354,15,118,5,23,300,6,0.32703330006916076
46,2,354,15,118,5,23,300,6,0.34501340007409453
46,3,354,15,118,5,23,300,6,0.306595400092192
47,0,354,15,118,5,23,300,6,0.502089700079523
47,1,354,15,118,5,23,300,6,0.5497733999509364
47,2,354,15,118,5,23,300,6,0.5821649000281468
47,3,354,15,118,5,23,300,6,0.5750751999439672
48,0,354,15,118,5,23,300,6,0.43605480005498976
48,1,354,15,118,5,23,300,6,0.4483870000112802
48,2,354,15,118,5,23,300,6,0.4303467000136152
48,3,354,15,118,5,23,300,6,0.43071720004081726
49,0,354,15,118,5,23,300,6,0.44363390002399683
49,1,354,15,118,5,23,300,6,0.4170693999622017
49,2,354,15,118,5,23,300,6,0.39650849997997284
49,3,354,15,118,5,23,300,6,0.43521019991021603
50,0,354,15,118,5,23,300,6,0.6130864999722689
50,1,354,15,118,5,23,300,6,0.6497384000103921
50,2,354,15,118,5,23,300,6,0.6076540000503883
50,3,354,15,118,5,23,300,6,0.6162411000113934
51,0,354,15,118,5,23,300,6,0.5154401999898255
51,1,354,15,118,5,23,300,6,0.5391824999824166
51,2,354,15,118,5,23,300,6,0.5501750999828801
51,3,354,15,118,5,23,300,6,0.5566713999724016
52,0,354,15,118,5,23,300,6,0.5100663000484928
52,1,354,15,118,5,23,300,6,0.4886764999246225
52,2,354,15,118,5,23,300,6,0.4736455000238493
52,3,354,15,118,5,23,300,6,0.45483469997998327
53,0,354,15,118,5,23,300,6,0.6310620000585914
53,1,354,15,118,5,23,300,6,0.6862189000239596
53,2,354,15,118,5,23,300,6,0.6593948000809178
53,3,354,15,118,5,23,300,6,0.6796291000209749
54,0,354,15,118,5,23,300,6,0.38245319994166493
54,1,354,15,118,5,23,300,6,0.40531960001681
54,2,354,15,118,5,23,300,6,0.3916702000424266
54,3,354,15,118,5,23,300,6,0.38810470001772046
55,0,354,15,118,5,23,300,6,0.42681209999136627
55,1,354,15,118,5,23,300,6,0.4032257000217214
55,2,354,15,118,5,23,300,6,0.36752179998438805
55,3,354,15,118,5,23,300,6,0.37370140000712126
56,0,354,15,118,5,23,300,6,0.6257025999948382
56,1,354,15,118,5,23,300,6,0.6225356999784708
56,2,354,15,118,5,23,300,6,0.5915486000012606
56,3,354,15,118,5,23,300,6,0.5818516999715939
57,0,354,15,118,5,23,300,6,0.3849783999612555
57,1,354,15,118,5,23,300,6,0.3744421999435872
57,2,354,15,118,5,23,300,6,0.35292109998408705
57,3,354,15,118,5,23,300,6,0.3859148001065478
58,0,354,15,118,5,23,300,6,0.42951239994727075
58,1,354,15,118,5,23,300,6,0.36220309999771416
58,2,354,15,118,5,23,300,6,0.39416310004889965
58,3,354,15,118,5,23,300,6,0.3665362000465393
59,0,354,15,118,5,23,300,6,0.5236942000919953
59,1,354,15,118,5,23,300,6,0.5632908999687061
59,2,354,15,118,5,23,300,6,0.6230297998990864
59,3,354,15,118,5,23,300,6,0.5432465000776574
60,0,354,15,118,5,23,300,6,0.5395977000007406
60,1,354,15,118,5,23,300,6,0.5033138999715447
60,2,354,15,118,5,23,300,6,0.5118192000081763
60,3,354,15,118,5,23,300,6,0.4945880000013858
61,0,354,15,118,5,23,300,6,0.47775600000750273
61,1,354,15,118,5,23,300,6,0.35514290002174675
61,2,354,15,118,5,23,300,6,0.41703730006702244
61,3,354,15,118,5,23,300,6,0.3655004999600351
62,0,354,15,118,5,23,300,6,0.5139052999438718
62,1,354,15,118,5,23,300,6,0.49068559997249395
62,2,354,15,118,5,23,300,6,0.5575840999372303
62,3,354,15,118,5,23,300,6,0.5316723000723869
63,0,354,15,118,5,23,300,6,0.27570150000974536
63,1,354,15,118,5,23,300,6,0.27570110000669956
63,2,354,15,118,5,23,300,6,0.2571748000336811
63,3,354,15,118,5,23,300,6,0.2643225999781862
64,0,354,15,118,5,23,300,6,0.26713849999941885
64,1,354,15,118,5,23,300,6,0.28418970003258437
64,2,354,15,118,5,23,300,6,0.26803959999233484
64,3,354,15,118,5,23,300,6,0.28010259999427944
65,0,354,15,118,5,23,300,6,0.38051479996647686
65,1,354,15,118,5,23,300,6,0.3999090000288561
65,2,354,15,118,5,23,300,6,0.39916490006726235
65,3,354,15,118,5,23,300,6,0.3795390999875963
66,0,354,15,118,5,23,300,6,0.30099100002553314
66,1,354,15,118,5,23,300,6,0.32201480004005134
66,2,354,15,118,5,23,300,6,0.3001865000696853
66,3,354,15,118,5,23,300,6,0.2981399000855163
67,0,354,15,118,5,23,300,6,0.30161750002298504
67,1,354,15,118,5,23,300,6,0.29575950000435114
67,2,354,15,118,5,23,300,6,0.3054260000353679
67,3,354,15,118,5,23,300,6,0.3225515999365598
68,0,354,15,118,5,23,300,6,0.47284729999955744
68,1,354,15,118,5,23,300,6,0.4315744999330491
68,2,354,15,118,5,23,300,6,0.4278321999590844
68,3,354,15,118,5,23,300,6,0.4238595999777317
69,0,354,15,118,5,23,300,6,0.35365449998062104
69,1,354,15,118,5,23,300,6,0.3901548000285402
69,2,354,15,118,5,23,300,6,0.3617677000584081
69,3,354,15,118,5,23,300,6,0.3606566999806091
70,0,354,15,118,5,23,300,6,0.3519108999753371
70,1,354,15,118,5,23,300,6,0.34802460006903857
70,2,354,15,118,5,23,300,6,0.33460840000770986
70,3,354,15,118,5,23,300,6,0.3481926000677049
71,0,354,15,118,5,23,300,6,0.49983099999371916
71,1,354,15,118,5,23,300,6,0.48933930008206517
71,2,354,15,118,5,23,300,6,0.4863067999249324
71,3,354,15,118,5,23,300,6,0.4951225999975577
72,0,354,15,118,5,23,300,16,0.28807569993659854
72,1,354,15,118,5,23,300,14,0.2942802000325173
72,2,354,15,118,5,23,300,15,0.2825074000284076
72,3,354,15,118,5,23,300,16,0.3264053000602871
73,0,354,15,118,5,23,300,19,0.34954429999925196
73,1,354,15,118,5,23,300,24,0.2852938000578433
73,2,354,15,118,5,23,300,22,0.3129095999756828
73,3,354,15,118,5,23,300,21,0.3132760999724269
74,0,354,15,118,5,23,300,24,0.39985340007115155
74,1,354,15,118,5,23,300,24,0.412830299930647
74,2,354,15,118,5,23,300,22,0.39689060009550303
74,3,354,15,118,5,23,300,24,0.4219272000482306
75,0,354,15,118,5,23,300,14,0.3318598000332713
75,1,354,15,118,5,23,300,14,0.32584310008678585
75,2,354,15,118,5,23,300,14,0.3189857000252232
75,3,354,15,118,5,23,300,14,0.32826310000382364
76,0,354,15,118,5,23,300,20,0.3656485000392422
76,1,354,15,118,5,23,300,24,0.35698740009684116
76,2,354,15,118,5,23,300,20,0.3250335999764502
76,3,354,15,118,5,23,300,21,0.32027869997546077
77,0,354,15,118,5,23,300,24,0.4991539999609813
77,1,354,15,118,5,23,300,26,0.4721578999888152
77,2,354,15,118,5,23,300,24,0.5055076000280678
77,3,354,15,118,5,23,300,22,0.44383760006166995
78,0,354,15,118,5,23,300,15,0.4658011000137776
78,1,354,15,118,5,23,300,15,0.4385590999154374
78,2,354,15,118,5,23,300,13,0.4130495999706909
78,3,354,15,118,5,23,300,14,0.42177470005117357
79,0,354,15,118,5,23,300,20,0.38139780005440116
79,1,354,15,118,5,23,300,24,0.39593930006958544
79,2,354,15,118,5,23,300,22,0.39584380004089326
79,3,354,15,118,5,23,300,20,0.3972863000817597
80,0,354,15,118,5,23,300,24,0.5154550999868661
80,1,354,15,118,5,23,300,25,0.5369853000156581
80,2,354,15,118,5,23,300,25,0.5391685999929905
80,3,354,15,118,5,23,300,24,0.5420741999987513
81,0,354,15,118,5,23,300,11,0.31438970007002354
81,1,354,15,118,5,23,300,13,0.28975090000312775
81,2,354,15,118,5,23,300,12,0.2722802000353113
81,3,354,15,118,5,23,300,12,0.27693209995049983
82,0,354,15,118,5,23,300,16,0.30066579999402165
82,1,354,15,118,5,23,300,19,0.3130537000251934
82,2,354,15,118,5,23,300,15,0.28611119999550283
82,3,354,15,118,5,23,300,15,0.29337759991176426
83,0,354,15,118,5,23,300,17,0.4052807000698522
83,1,354,15,118,5,23,300,17,0.40705509996041656
83,2,354,15,118,5,23,300,17,0.4272479999344796
83,3,354,15,118,5,23,300,17,0.40331359999254346
84,0,354,15,118,5,23,300,11,0.3202092000283301
84,1,354,15,118,5,23,300,12,0.32152899994980544
84,2,354,15,118,5,23,300,12,0.32000520010478795
84,3,354,15,118,5,23,300,11,0.317910399986431
85,0,354,15,118,5,23,300,14,0.3213595999404788
85,1,354,15,118,5,23,300,19,0.32236710004508495
85,2,354,15,118,5,23,300,17,0.3293854999355972
85,3,354,15,118,5,23,300,14,0.3145490000024438
86,0,354,15,118,5,23,300,17,0.44134749996010214
86,1,354,15,118,5,23,300,18,0.4612192999338731
86,2,354,15,118,5,23,300,17,0.45386589993722737
86,3,354,15,118,5,23,300,16,0.44088099990040064
87,0,354,15,118,5,23,300,12,0.40772689995355904
87,1,354,15,118,5,23,300,12,0.4160700999200344
87,2,354,15,118,5,23,300,12,0.4072595000034198
87,3,354,15,118,5,23,300,11,0.3950177999213338
88,0,354,15,118,5,23,300,15,0.3706911000190303
88,1,354,15,118,5,23,300,17,0.41265309997834265
88,2,354,15,118,5,23,300,15,0.3799101000186056
88,3,354,15,118,5,23,300,14,0.35762160003650934
89,0,354,15,118,5,23,300,17,0.521011000033468
89,1,354,15,118,5,23,300,18,0.5104822999564931
89,2,354,15,118,5,23,300,19,0.5160342999733984
89,3,354,15,118,5,23,300,16,0.5202779000392184
90,0,354,15,118,5,23,300,10,0.2719362999778241
90,1,354,15,118,5,23,300,11,0.27978830004576594
90,2,354,15,118,5,23,300,12,0.2986922999843955
90,3,354,15,118,5,23,300,10,0.28271900000981987
91,0,354,15,118,5,23,300,12,0.27992270002141595
91,1,354,15,118,5,23,300,14,0.2894720999756828
91,2,354,15,118,5,23,300,12,0.28602950007189065
91,3,354,15,118,5,23,300,12,0.3301268999930471
92,0,354,15,118,5,23,300,13,0.3917525999713689
92,1,354,15,118,5,23,300,15,0.41313060000538826
92,2,354,15,118,5,23,300,14,0.3935132999904454
92,3,354,15,118,5,23,300,15,0.43961010000202805
93,0,354,15,118,5,23,300,10,0.3295301999896765
93,1,354,15,118,5,23,300,11,0.3372817999916151
93,2,354,15,118,5,23,300,9,0.3150016999570653
93,3,354,15,118,5,23,300,12,0.3506430999841541
94,0,354,15,118,5,23,300,12,0.40885590005200356
94,1,354,15,118,5,23,300,13,0.324110500048846
94,2,354,15,118,5,23,300,12,0.3525275000138208
94,3,354,15,118,5,23,300,12,0.48098360002040863
95,0,354,15,118,5,23,300,13,0.44197199994232506
95,1,354,15,118,5,23,300,14,0.458341300021857
95,2,354,15,118,5,23,300,15,0.5320673000533134
95,3,354,15,118,5,23,300,14,0.3785227999323979
96,0,354,15,118,5,23,300,10,0.34807049995288253
96,1,354,15,118,5,23,300,10,0.359690299956128
96,2,354,15,118,5,23,300,9,0.34184440004173666
96,3,354,15,118,5,23,300,10,0.36218599998392165
97,0,354,15,118,5,23,300,12,0.3333310999441892
97,1,354,15,118,5,23,300,13,0.35850530001334846
97,2,354,15,118,5,23,300,13,0.317033400060609
97,3,354,15,118,5,23,300,11,0.3108032000018284
98,0,354,15,118,5,23,300,13,0.4229300000006333
98,1,354,15,118,5,23,300,15,0.4345557000488043
98,2,354,15,118,5,23,300,14,0.429278300027363
98,3,354,15,118,5,23,300,14,0.4457505000755191
99,0,354,15,118,5,23,300,9,0.2694559999508783
99,1,354,15,118,5,23,300,9,0.23123260005377233
99,2,354,15,118,5,23,300,10,0.2290381999919191
99,3,354,15,118,5,23,300,8,0.23290669999551028
100,0,354,15,118,5,23,300,10,0.24308119993656874
100,1,354,15,118,5,23,300,9,0.23947340005543083
100,2,354,15,118,5,23,300,9,0.24977630004286766
100,3,354,15,118,5,23,300,8,0.24227579997386783
101,0,354,15,118,5,23,300,11,0.344094599946402
101,1,354,15,118,5,23,300,11,0.3410985000664368
101,2,354,15,118,5,23,300,10,0.3403831999748945
101,3,354,15,118,5,23,300,10,0.35082249995321035
102,0,354,15,118,5,23,300,7,0.25433010002598166
102,1,354,15,118,5,23,300,10,0.2655278000747785
102,2,354,15,118,5,23,300,8,0.2706900000339374
102,3,354,15,118,5,23,300,8,0.2562613000627607
103,0,354,15,118,5,23,300,9,0.2607822000281885
103,1,354,15,118,5,23,300,9,0.2779581999639049
103,2,354,15,118,5,23,300,9,0.264696899917908
103,3,354,15,118,5,23,300,9,0.2558626999380067
104,0,354,15,118,5,23,300,10,0.395230200025253
104,1,354,15,118,5,23,300,10,0.3839642000384629
104,2,354,15,118,5,23,300,10,0.38563769997563213
104,3,354,15,118,5,23,300,9,0.38611259998288006
105,0,354,15,118,5,23,300,7,0.31609079998452216
105,1,354,15,118,5,23,300,9,0.3299598000012338
105,2,354,15,118,5,23,300,7,0.31993940006941557
105,3,354,15,118,5,23,300,7,0.3238464000169188
106,0,354,15,118,5,23,300,8,0.2982369000092149
106,1,354,15,118,5,23,300,9,0.32204819994512945
106,2,354,15,118,5,23,300,9,0.3018230999587104
106,3,354,15,118,5,23,300,8,0.29351129999849945
107,0,354,15,118,5,23,300,10,0.4369483001064509
107,1,354,15,118,5,23,300,10,0.4261293999152258
107,2,354,15,118,5,23,300,11,0.4274660999653861
107,3,354,15,118,5,23,300,10,0.4205085999565199
