scenario,fold,AP,baseline_AP,delta_AP
S0,0,0.12325581395348838,0.12325581395348838,0.0
S0,1,0.45555555555555555,0.45555555555555555,0.0
S0,2,0.41666666666666663,0.41666666666666663,0.0
S0,3,0.38229166666666664,0.38229166666666664,0.0
S1,0,0.2611111111111111,0.12325581395348838,0.13785529715762274
S1,1,0.4304093567251462,0.45555555555555555,-0.02514619883040936
S1,2,0.38662486938349006,0.41666666666666663,-0.030041797283176574
S1,3,0.44172932330827064,0.38229166666666664,0.059437656641604
S2,0,0.14627659574468085,0.12325581395348838,0.023020781791192477
S2,1,0.3953823953823954,0.45555555555555555,-0.060173160173160156
S2,2,0.3697089947089947,0.41666666666666663,-0.04695767195767192
S2,3,0.4080239009816474,0.38229166666666664,0.025732234314980784
S3,0,0.15948275862068967,0.12325581395348838,0.03622694466720129
S3,1,0.3613053613053613,0.45555555555555555,-0.09425019425019426
S3,2,0.4344344344344344,0.41666666666666663,0.017767767767767784
S3,3,0.4842105263157894,0.38229166666666664,0.10191885964912278
S4,0,0.2611111111111111,0.12325581395348838,0.13785529715762274
S4,1,0.4305555555555555,0.45555555555555555,-0.025000000000000022
S4,2,0.3765182186234818,0.41666666666666663,-0.04014844804318485
S4,3,0.4253968253968254,0.38229166666666664,0.043105158730158744
S5,0,0.17261904761904762,0.12325581395348838,0.04936323366555924
S5,1,0.3531400966183575,0.45555555555555555,-0.10241545893719806
S5,2,0.4251893939393939,0.41666666666666663,0.008522727272727293
S5,3,0.4551971326164874,0.38229166666666664,0.07290546594982078
