scenario,candidate_id,nu,gamma_multiplier,mean_AP,std_AP
S1,0,0.001,0.003,0.09410275649397486,0.025649057884833546
S1,1,0.001,0.005,0.11050287539258127,0.029401281109017897
S1,2,0.001,0.01,0.26197205629215714,0.15142691659876362
S1,3,0.001,0.02,0.33565162583129926,0.13364320970473545
S1,4,0.001,0.03,0.33667253010985326,0.13415691898037838
S1,5,0.001,0.038538810670601456,0.36135426616547894,0.06675100893424113
S1,6,0.001,0.049507997596815526,0.36792858675851003,0.07620935733264134
S1,7,0.001,0.06359931153547553,0.370894769945015,0.08114502219074134
S1,8,0.001,0.08170139420154304,0.3628097303877436,0.07225781279114707
S1,9,0.001,0.10495581875524816,0.3594290411497163,0.07113396669106016
S1,10,0.001,0.1348290809262157,0.3564042274467948,0.07052230399306168
S1,11,0.001,0.17320508075688773,0.35559234310956955,0.07017536024502075
S1,12,0.001,0.2225039271491978,0.31483075492457235,0.06175053356390953
S1,13,0.001,0.2858345573956079,0.315175443507325,0.06211381787297066
S1,14,0.001,0.3671907963528168,0.3139486363973475,0.060740098556654715
S1,15,0.001,0.47170321935428616,0.31285178844346784,0.059251011272580506
S1,16,0.001,0.6059627021136009,0.3123987680322885,0.05883965256028098
S1,17,0.001,0.778436061673405,0.31605671927208656,0.05540099743097256
S1,18,0.001,1.0,0.32539836591014126,0.04839032808477086
S1,19,0.001,2.0,0.33927156224209476,0.0514006673769039
S1,20,0.001,3.0,0.3457170175786227,0.053035842242915306
S1,21,0.001,10.0,0.2972676264369683,0.08824973395445389
S1,22,0.0025,0.003,0.09410275649397486,0.025649057884833546
S1,23,0.0025,0.005,0.11090318271535696,0.02893589908933216
S1,24,0.0025,0.01,0.2611024910747659,0.15213370027652817
S1,25,0.0025,0.02,0.33571993184222826,0.1336717982491584
S1,26,0.0025,0.03,0.3355361664734896,0.13306557658071966
S1,27,0.0025,0.038538810670601456,0.36038968089054885,0.0664886745281404
S1,28,0.0025,0.049507997596815526,0.3676266543913603,0.07608119955939179
S1,29,0.0025,0.06359931153547553,0.36692651597676107,0.07570845819225538
S1,30,0.0025,0.08170139420154304,0.3628097303877436,0.07225781279114707
S1,31,0.0025,0.10495581875524816,0.3595613162819914,0.07117923101316258
S1,32,0.0025,0.1348290809262157,0.35647033003801637,0.07052890061028769
S1,33,0.0025,0.17320508075688773,0.35576926130362796,0.07021592637330315
S1,34,0.0025,0.2225039271491978,0.31483075492457235,0.06175053356390953
S1,35,0.0025,0.2858345573956079,0.31521308277260657,0.06207104260393674
S1,36,0.0025,0.3671907963528168,0.3139486363973475,0.060740098556654715
S1,37,0.0025,0.47170321935428616,0.31285178844346784,0.059251011272580506
S1,38,0.0025,0.6059627021136009,0.3123987680322885,0.05883965256028098
S1,39,0.0025,0.778436061673405,0.31605671927208656,0.05540099743097256
S1,40,0.0025,1.0,0.32539836591014126,0.04839032808477086
S1,41,0.0025,2.0,0.33927156224209476,0.0514006673769039
S1,42,0.0025,3.0,0.34576458226659834,0.05305344086449202
S1,43,0.0025,10.0,0.2973635508600946,0.08825096185479782
S1,44,0.005,0.003,0.09410275649397486,0.025649057884833546
S1,45,0.005,0.005,0.11090318271535696,0.02893589908933216
S1,46,0.005,0.01,0.2611024910747659,0.15213370027652817
S1,47,0.005,0.02,0.33571993184222826,0.1336717982491584
S1,48,0.005,0.03,0.3353157079196977,0.132945316332908
S1,49,0.005,0.038538810670601456,0.36038968089054885,0.0664886745281404
S1,50,0.005,0.049507997596815526,0.36797021180013506,0.07613281859852852
S1,51,0.005,0.06359931153547553,0.36714433237939115,0.0758726694400633
S1,52,0.005,0.08170139420154304,0.3628097303877436,0.07225781279114707
S1,53,0.005,0.10495581875524816,0.3595613162819914,0.07117923101316258
S1,54,0.005,0.1348290809262157,0.3564042274467948,0.07052230399306168
S1,55,0.005,0.17320508075688773,0.35588172194240436,0.07025030703809222
S1,56,0.005,0.2225039271491978,0.31483075492457235,0.06175053356390953
S1,57,0.005,0.2858345573956079,0.315175443507325,0.06211381787297066
S1,58,0.005,0.3671907963528168,0.31400350909269426,0.060798318712429696
S1,59,0.005,0.47170321935428616,0.31285178844346784,0.059251011272580506
S1,60,0.005,0.6059627021136009,0.3123987680322885,0.05883965256028098
S1,61,0.005,0.778436061673405,0.31605671927208656,0.05540099743097256
S1,62,0.005,1.0,0.32539836591014126,0.04839032808477086
S1,63,0.005,2.0,0.33927156224209476,0.0514006673769039
S1,64,0.005,3.0,0.34576458226659834,0.05305344086449202
S1,65,0.005,10.0,0.2972150065939033,0.08807942906058217
S1,66,0.01,0.003,0.3348886235695828,0.13396283324534486
S1,67,0.01,0.005,0.33478582241513277,0.1339840639411007
S1,68,0.01,0.01,0.3447593306547758,0.11271736285686523
S1,69,0.01,0.02,0.36783407583761635,0.07235493158392318
S1,70,0.01,0.03,0.37201380725614414,0.07652113007930722
S1,71,0.01,0.038538810670601456,0.3799686651320045,0.08272457407894203
S1,72,0.01,0.049507997596815526,0.3786580496993672,0.08227019692492009
S1,73,0.01,0.06359931153547553,0.3709631867130842,0.07669007571273806
S1,74,0.01,0.08170139420154304,0.3643867749879162,0.0728881534509836
S1,75,0.01,0.10495581875524816,0.3190631544558167,0.06645942290925129
S1,76,0.01,0.1348290809262157,0.3148305104503875,0.061659455910473344
S1,77,0.01,0.17320508075688773,0.3142150552757377,0.06098522423792738
S1,78,0.01,0.2225039271491978,0.31483075492457235,0.06175053356390953
S1,79,0.01,0.2858345573956079,0.315175443507325,0.06211381787297066
S1,80,0.01,0.3671907963528168,0.31400350909269426,0.060798318712429696
S1,81,0.01,0.47170321935428616,0.31285178844346784,0.059251011272580506
S1,82,0.01,0.6059627021136009,0.3123987680322885,0.05883965256028098
S1,83,0.01,0.778436061673405,0.31605671927208656,0.05540099743097256
S1,84,0.01,1.0,0.32539836591014126,0.04839032808477086
S1,85,0.01,2.0,0.33927156224209476,0.0514006673769039
S1,86,0.01,3.0,0.34576458226659834,0.05305344086449202
S1,87,0.01,10.0,0.2972150065939033,0.08807942906058217
S1,88,0.015,0.003,0.332612730406848,0.11046271586552035
S1,89,0.015,0.005,0.3301343636869952,0.10726788509289192
S1,90,0.015,0.01,0.327012000754885,0.10235959551202663
S1,91,0.015,0.02,0.3297213412037649,0.09734949217180075
S1,92,0.015,0.03,0.3350182851729171,0.08631306183067791
S1,93,0.015,0.038538810670601456,0.33231839226918836,0.0834857780966109
S1,94,0.015,0.049507997596815526,0.3232725058220107,0.07181090229393149
S1,95,0.015,0.06359931153547553,0.3213618467500811,0.06942124935694134
S1,96,0.015,0.08170139420154304,0.3172380266648434,0.06446727648708006
S1,97,0.015,0.10495581875524816,0.31564524616838374,0.06261893020331637
S1,98,0.015,0.1348290809262157,0.3150756206232057,0.061907790988812536
S1,99,0.015,0.17320508075688773,0.3150459043161795,0.062071047644814525
S1,100,0.015,0.2225039271491978,0.3154666702148367,0.06261136728311856
S1,101,0.015,0.2858345573956079,0.3154481605563579,0.06246792613111242
S1,102,0.015,0.3671907963528168,0.31409159929706354,0.06090801813672923
S1,103,0.015,0.47170321935428616,0.31285178844346784,0.059251011272580506
S1,104,0.015,0.6059627021136009,0.3123987680322885,0.05883965256028098
S1,105,0.015,0.778436061673405,0.31605671927208656,0.05540099743097256
S1,106,0.015,1.0,0.32539836591014126,0.04839032808477086
S1,107,0.015,2.0,0.33927156224209476,0.0514006673769039
S1,108,0.015,3.0,0.34576458226659834,0.05305344086449202
S1,109,0.015,10.0,0.2972150065939033,0.08807942906058217
S1,110,0.02,0.003,0.3306282769518064,0.10626035296307472
S1,111,0.02,0.005,0.32843791835019903,0.10480462876079806
S1,112,0.02,0.01,0.3285580755599731,0.10673336386600923
S1,113,0.02,0.02,0.3371512746512747,0.09531834432605334
S1,114,0.02,0.03,0.3258120818960696,0.07512357944616116
S1,115,0.02,0.038538810670601456,0.32160850963192295,0.06987600105459929
S1,116,0.02,0.049507997596815526,0.3187991637991638,0.0665385326409241
S1,117,0.02,0.06359931153547553,0.31690705128205127,0.06426615138614761
S1,118,0.02,0.08170139420154304,0.31645938050916345,0.06367785255409988
S1,119,0.02,0.10495581875524816,0.3159286214110775,0.06298151802400638
S1,120,0.02,0.1348290809262157,0.3154191430674481,0.06234403496369293
S1,121,0.02,0.17320508075688773,0.31554117943220905,0.06271646745059738
S1,122,0.02,0.2225039271491978,0.31581660302090986,0.06305270767883636
S1,123,0.02,0.2858345573956079,0.315506435614633,0.06252602316890427
S1,124,0.02,0.3671907963528168,0.3142609733880864,0.0611047019886063
S1,125,0.02,0.47170321935428616,0.31285178844346784,0.059251011272580506
S1,126,0.02,0.6059627021136009,0.3123987680322885,0.05883965256028098
S1,127,0.02,0.778436061673405,0.31605671927208656,0.05540099743097256
S1,128,0.02,1.0,0.32539836591014126,0.04839032808477086
S1,129,0.02,2.0,0.33927156224209476,0.0514006673769039
S1,130,0.02,3.0,0.34576458226659834,0.05305344086449202
S1,131,0.02,10.0,0.2972150065939033,0.08807942906058217
S1,132,0.025,0.003,0.3324588997958563,0.1087092175536007
S1,133,0.025,0.005,0.3313919425682693,0.10842865373910264
S1,134,0.025,0.01,0.32927144110833345,0.10040103658898965
S1,135,0.025,0.02,0.32641511980102467,0.07558231254514958
S1,136,0.025,0.03,0.31870540197294583,0.06628686579486932
S1,137,0.025,0.038538810670601456,0.3180839105033648,0.06579767824142771
S1,138,0.025,0.049507997596815526,0.3176171655678003,0.06506253420264577
S1,139,0.025,0.06359931153547553,0.3169528707645817,0.06423268833708916
S1,140,0.025,0.08170139420154304,0.3163134666259666,0.06338534485949754
S1,141,0.025,0.10495581875524816,0.3157516468273988,0.06265297669278398
S1,142,0.025,0.1348290809262157,0.31557240914816115,0.06243629219087241
S1,143,0.025,0.17320508075688773,0.3156919488804435,0.06273029485671697
S1,144,0.025,0.2225039271491978,0.316098566339454,0.06337649160515696
S1,145,0.025,0.2858345573956079,0.3155882429118229,0.06272228427709207
S1,146,0.025,0.3671907963528168,0.3142609733880864,0.0611047019886063
S1,147,0.025,0.47170321935428616,0.31285178844346784,0.059251011272580506
S1,148,0.025,0.6059627021136009,0.3123987680322885,0.05883965256028098
S1,149,0.025,0.778436061673405,0.31605671927208656,0.05540099743097256
S1,150,0.025,1.0,0.32539836591014126,0.04839032808477086
S1,151,0.025,2.0,0.33927156224209476,0.0514006673769039
S1,152,0.025,3.0,0.3460165983956306,0.05317488736428894
S1,153,0.025,10.0,0.2972150065939033,0.08807942906058217
S1,154,0.03,0.003,0.3295968125878378,0.10268570367007068
S1,155,0.03,0.005,0.3311982065553494,0.10263066752122395
S1,156,0.03,0.01,0.33750087278313085,0.08245152371455457
S1,157,0.03,0.02,0.3249380052975943,0.06731392147450221
S1,158,0.03,0.03,0.320807539879548,0.06218456223959903
S1,159,0.03,0.038538810670601456,0.32490729319885214,0.05920941024046298
S1,160,0.03,0.049507997596815526,0.3208083103469297,0.062397946601286426
S1,161,0.03,0.06359931153547553,0.3166080600889576,0.06430794826880679
S1,162,0.03,0.08170139420154304,0.3155482085606857,0.06296429207689708
S1,163,0.03,0.10495581875524816,0.315138448018462,0.06243565399778044
S1,164,0.03,0.1348290809262157,0.315037461144802,0.062274567271929794
S1,165,0.03,0.17320508075688773,0.31519715840419704,0.06254630171511213
S1,166,0.03,0.2225039271491978,0.3151009142141865,0.06234285132485122
S1,167,0.03,0.2858345573956079,0.3149002530756977,0.06214156561962483
S1,168,0.03,0.3671907963528168,0.3135386982605017,0.06030407481599826
S1,169,0.03,0.47170321935428616,0.31261913220102233,0.05926541156697503
S1,170,0.03,0.6059627021136009,0.3123987680322885,0.05883965256028098
S1,171,0.03,0.778436061673405,0.31605671927208656,0.05540099743097256
S1,172,0.03,1.0,0.32539836591014126,0.04839032808477086
S1,173,0.03,2.0,0.33927156224209476,0.0514006673769039
S1,174,0.03,3.0,0.34576458226659834,0.05305344086449202
S1,175,0.03,10.0,0.2972150065939033,0.08807942906058217
S1,176,0.035,0.003,0.3276506558323709,0.0925932479455708
S1,177,0.035,0.005,0.3341299677765843,0.07749694551178433
S1,178,0.035,0.01,0.32720923483702946,0.0691796360255057
S1,179,0.035,0.02,0.3244425830885712,0.06660474663707448
S1,180,0.035,0.03,0.32153833088409745,0.06310280582142641
S1,181,0.035,0.038538810670601456,0.3199501385257733,0.06121089837836714
S1,182,0.035,0.049507997596815526,0.3197035416770862,0.06099601997850669
S1,183,0.035,0.06359931153547553,0.3187638421738134,0.060086968454685995
S1,184,0.035,0.08170139420154304,0.3152012829597541,0.06285527312318209
S1,185,0.035,0.10495581875524816,0.3151601990488674,0.06294503712396565
S1,186,0.035,0.1348290809262157,0.31495535090501714,0.06263419002593926
S1,187,0.035,0.17320508075688773,0.31465805709226763,0.062252230234149095
S1,188,0.035,0.2225039271491978,0.3140089014357877,0.061624481657768494
S1,189,0.035,0.2858345573956079,0.3133111816538856,0.06060901122146893
S1,190,0.035,0.3671907963528168,0.3127417965843907,0.05967181636638954
S1,191,0.035,0.47170321935428616,0.31252421301651034,0.05928763528476642
S1,192,0.035,0.6059627021136009,0.3124179963163014,0.0588657353429601
S1,193,0.035,0.778436061673405,0.32002497324034057,0.05183354311710694
S1,194,0.035,1.0,0.32539836591014126,0.04839032808477086
S1,195,0.035,2.0,0.33927156224209476,0.0514006673769039
S1,196,0.035,3.0,0.34576458226659834,0.05305344086449202
S1,197,0.035,10.0,0.2972150065939033,0.08807942906058217
S1,198,0.04,0.003,0.33003515764329305,0.07221613616052788
S1,199,0.04,0.005,0.32813216648447996,0.07001331362287061
S1,200,0.04,0.01,0.3260382326007326,0.06802406244679662
S1,201,0.04,0.02,0.32542542902110416,0.06789104640172497
S1,202,0.04,0.03,0.32113417061333727,0.06301420707662587
S1,203,0.04,0.038538810670601456,0.3198249543758067,0.06140594609320238
S1,204,0.04,0.049507997596815526,0.31942310924208295,0.06060515995921137
S1,205,0.04,0.06359931153547553,0.31946305747231724,0.060802387708023924
S1,206,0.04,0.08170139420154304,0.319227977369516,0.06093248682486545
S1,207,0.04,0.10495581875524816,0.3148123904172291,0.06215324281874267
S1,208,0.04,0.1348290809262157,0.314491279714156,0.06183377976421315
S1,209,0.04,0.17320508075688773,0.31394098542235743,0.06121973841616155
S1,210,0.04,0.2225039271491978,0.31354346225669755,0.0606972418264798
S1,211,0.04,0.2858345573956079,0.31286304557359995,0.06005589588198306
S1,212,0.04,0.3671907963528168,0.3125807265784224,0.05955374216957815
S1,213,0.04,0.47170321935428616,0.312385368615936,0.059186821262169356
S1,214,0.04,0.6059627021136009,0.31199552842485284,0.05838413244894303
S1,215,0.04,0.778436061673405,0.31998002190680186,0.05179873042302616
S1,216,0.04,1.0,0.32539836591014126,0.04839032808477086
S1,217,0.04,2.0,0.33927156224209476,0.0514006673769039
S1,218,0.04,3.0,0.34576458226659834,0.05305344086449202
S1,219,0.04,10.0,0.2972150065939033,0.08807942906058217
S1,220,0.045,0.003,0.32733827948523586,0.06906088703133391
S1,221,0.045,0.005,0.32664352865383794,0.06880924466444183
S1,222,0.045,0.01,0.3256528915564768,0.06814188726685957
S1,223,0.045,0.02,0.32205815995483206,0.0639078710446242
S1,224,0.045,0.03,0.32104747259570754,0.06296163394610316
S1,225,0.045,0.038538810670601456,0.3203542334128465,0.06242223378613551
S1,226,0.045,0.049507997596815526,0.31940262209805576,0.06138935941595362
S1,227,0.045,0.06359931153547553,0.318935838920466,0.060798502119018764
S1,228,0.045,0.08170139420154304,0.3186637493913036,0.06039474236273689
S1,229,0.045,0.10495581875524816,0.31483606593246094,0.06245462011535558
S1,230,0.045,0.1348290809262157,0.31460529538147436,0.0622091201045633
S1,231,0.045,0.17320508075688773,0.3137286087790746,0.0608898195751862
S1,232,0.045,0.2225039271491978,0.31341542577095094,0.06061607779768318
S1,233,0.045,0.2858345573956079,0.3129664192381954,0.06004711115344293
S1,234,0.045,0.3671907963528168,0.3124735115523156,0.05936962324257634
S1,235,0.045,0.47170321935428616,0.3122795012943398,0.059137382453242175
S1,236,0.045,0.6059627021136009,0.31219394112326554,0.05862123915440067
S1,237,0.045,0.778436061673405,0.31985207211468525,0.05167620817662348
S1,238,0.045,1.0,0.32539836591014126,0.04839032808477086
S1,239,0.045,2.0,0.33927156224209476,0.0514006673769039
S1,240,0.045,3.0,0.3460165983956306,0.05317488736428894
S1,241,0.045,10.0,0.2972150065939033,0.08807942906058217
S1,242,0.05,0.003,0.3265255655107572,0.06843579189186183
S1,243,0.05,0.005,0.32598757266041345,0.06764620268444395
S1,244,0.05,0.01,0.3248948241013959,0.06646484062526845
S1,245,0.05,0.02,0.32121690795384505,0.06318740882251582
S1,246,0.05,0.03,0.3208648456650218,0.06307920955430295
S1,247,0.05,0.038538810670601456,0.3204274000101737,0.06269408345890343
S1,248,0.05,0.049507997596815526,0.3198690437766799,0.062020175271229855
S1,249,0.05,0.06359931153547553,0.3191995836308824,0.06110897487899605
S1,250,0.05,0.08170139420154304,0.31862030045023093,0.06021548192694635
S1,251,0.05,0.10495581875524816,0.3170349989080062,0.05820909409369044
S1,252,0.05,0.1348290809262157,0.3166886130581832,0.057811409846828414
S1,253,0.05,0.17320508075688773,0.31390739302136794,0.0613574949714822
S1,254,0.05,0.2225039271491978,0.31331611088449995,0.06062841274542112
S1,255,0.05,0.2858345573956079,0.3159843660146705,0.05676078998118222
S1,256,0.05,0.3671907963528168,0.31221457316423945,0.058995700713060054
S1,257,0.05,0.47170321935428616,0.31204143806474605,0.058865236352864385
S1,258,0.05,0.6059627021136009,0.31247982648909345,0.05894030834638311
S1,259,0.05,0.778436061673405,0.31959858922511364,0.051736911991097374
S1,260,0.05,1.0,0.32530882274521894,0.04834838466757533
S1,261,0.05,2.0,0.33927156224209476,0.0514006673769039
S1,262,0.05,3.0,0.34576458226659834,0.05305344086449202
S1,263,0.05,10.0,0.2972150065939033,0.08807942906058217
S1,264,0.055,0.003,0.32622055011217577,0.06792915792580007
S1,265,0.055,0.005,0.32483984900094454,0.0663072620237969
S1,266,0.055,0.01,0.32243525244476057,0.06383742940079098
S1,267,0.055,0.02,0.32182314395981715,0.06356389171776392
S1,268,0.055,0.03,0.3202157664755692,0.06201638563901944
S1,269,0.055,0.038538810670601456,0.3201133124794092,0.06225882245942604
S1,270,0.055,0.049507997596815526,0.31961558267001816,0.06182100499236843
S1,271,0.055,0.06359931153547553,0.31848935669344136,0.060390094381362676
S1,272,0.055,0.08170139420154304,0.31776363466666263,0.059353436404826605
S1,273,0.055,0.10495581875524816,0.3172649600370017,0.05862939015216287
S1,274,0.055,0.1348290809262157,0.31679091517801194,0.05806416769967748
S1,275,0.055,0.17320508075688773,0.31652226902105185,0.05815200744395171
S1,276,0.055,0.2225039271491978,0.31620214096983135,0.057729348452227075
S1,277,0.055,0.2858345573956079,0.31581346901782725,0.05692711747150028
S1,278,0.055,0.3671907963528168,0.3154347034040932,0.05625903124350788
S1,279,0.055,0.47170321935428616,0.31267119938969434,0.05967950529258924
S1,280,0.055,0.6059627021136009,0.3126280591441196,0.0590479588510002
S1,281,0.055,0.778436061673405,0.3197608793230655,0.05199115624047598
S1,282,0.055,1.0,0.32530882274521894,0.04834838466757533
S1,283,0.055,2.0,0.33927156224209476,0.0514006673769039
S1,284,0.055,3.0,0.34576458226659834,0.05305344086449202
S1,285,0.055,10.0,0.2972150065939033,0.08807942906058217
S1,286,0.06,0.003,0.3235445914738143,0.06502426067403932
S1,287,0.06,0.005,0.3230700082453725,0.06457228145775433
S1,288,0.06,0.01,0.3227337519159328,0.06425810674384896
S1,289,0.06,0.02,0.32192851483612356,0.06328857166378325
S1,290,0.06,0.03,0.3210874124662628,0.0628946791697915
S1,291,0.06,0.038538810670601456,0.3233097856885401,0.05760460401952812
S1,292,0.06,0.049507997596815526,0.32824001492510096,0.05375226556544466
S1,293,0.06,0.06359931153547553,0.32800819265380504,0.05356819001313044
S1,294,0.06,0.08170139420154304,0.3271519401498659,0.05288211959329007
S1,295,0.06,0.10495581875524816,0.32702681502474085,0.052727615467611864
S1,296,0.06,0.1348290809262157,0.32078414417124096,0.05504774696132167
S1,297,0.06,0.17320508075688773,0.32011312121447866,0.05409440708510752
S1,298,0.06,0.2225039271491978,0.316076369452962,0.05758335301230541
S1,299,0.06,0.2858345573956079,0.3158929782578872,0.05728241313064949
S1,300,0.06,0.3671907963528168,0.3155184870587016,0.05643956678525741
S1,301,0.06,0.47170321935428616,0.3128242196983323,0.05979036285617492
S1,302,0.06,0.6059627021136009,0.31572492499877064,0.05596323147273036
S1,303,0.06,0.778436061673405,0.3198603936736574,0.052105590912123315
S1,304,0.06,1.0,0.32550149236393244,0.048640571376585125
S1,305,0.06,2.0,0.33927156224209476,0.0514006673769039
S1,306,0.06,3.0,0.34576458226659834,0.05305344086449202
S1,307,0.06,10.0,0.2972150065939033,0.08807942906058217
S1,308,0.065,0.003,0.3239480865194885,0.06560865210443623
S1,309,0.065,0.005,0.3230812909572518,0.06450530963399854
S1,310,0.065,0.01,0.3219556401452953,0.06334904182916784
S1,311,0.065,0.02,0.32116906214341717,0.0627095703139804
S1,312,0.065,0.03,0.3199995896123613,0.06200557429873302
S1,313,0.065,0.038538810670601456,0.32365293128452616,0.05846573254995987
S1,314,0.065,0.049507997596815526,0.32844768567002436,0.05410787234994507
S1,315,0.065,0.06359931153547553,0.32819444178139834,0.05372509341679865
S1,316,0.065,0.08170139420154304,0.32766568148226183,0.053156354166611526
S1,317,0.065,0.10495581875524816,0.32755322084348537,0.05302238251608569
S1,318,0.065,0.1348290809262157,0.3270688143308861,0.052497161443934764
S1,319,0.065,0.17320508075688773,0.3265977767918762,0.051862491579961166
S1,320,0.065,0.2225039271491978,0.32584380853790795,0.05099274670155038
S1,321,0.065,0.2858345573956079,0.31654332058278234,0.057865577022073
S1,322,0.065,0.3671907963528168,0.3199386711389053,0.053254465076994335
S1,323,0.065,0.47170321935428616,0.31575926622974315,0.05642192348402015
S1,324,0.065,0.6059627021136009,0.31956573927819076,0.05236303505250202
S1,325,0.065,0.778436061673405,0.3199613026420255,0.05223835754831491
S1,326,0.065,1.0,0.32553792834472306,0.0486732746946823
S1,327,0.065,2.0,0.33927156224209476,0.0514006673769039
S1,328,0.065,3.0,0.34576458226659834,0.05305344086449202
S1,329,0.065,10.0,0.2972150065939033,0.08807942906058217
S1,330,0.07,0.003,0.32393953973372547,0.06618480486551814
S1,331,0.07,0.005,0.32354992495907897,0.06571941179021437
S1,332,0.07,0.01,0.322335421233085,0.06409689735822216
S1,333,0.07,0.02,0.32076206545854374,0.06272996805827055
S1,334,0.07,0.03,0.32425480309313937,0.058796063765091715
S1,335,0.07,0.038538810670601456,0.3240005553326453,0.05867054821298479
S1,336,0.07,0.049507997596815526,0.32892447215570386,0.054626710068230326
S1,337,0.07,0.06359931153547553,0.32782379261098327,0.053392318643979086
S1,338,0.07,0.08170139420154304,0.32758133359127517,0.05321268358794967
S1,339,0.07,0.10495581875524816,0.3274108668063972,0.05293172515925589
S1,340,0.07,0.1348290809262157,0.3270036315021736,0.0524097493760034
S1,341,0.07,0.17320508075688773,0.32696539528882224,0.05230816204982924
S1,342,0.07,0.2225039271491978,0.3209940969394751,0.0551202554444465
S1,343,0.07,0.2858345573956079,0.32065043817709105,0.054548432388744024
S1,344,0.07,0.3671907963528168,0.3204167911012019,0.05366526067073494
S1,345,0.07,0.47170321935428616,0.3201520623571185,0.053132186974173504
S1,346,0.07,0.6059627021136009,0.3198468574036924,0.05248688616746688
S1,347,0.07,0.778436061673405,0.3200620390333215,0.052262232374702774
S1,348,0.07,1.0,0.32556005315101855,0.048714491571395645
S1,349,0.07,2.0,0.33927156224209476,0.0514006673769039
S1,350,0.07,3.0,0.34576458226659834,0.05305344086449202
S1,351,0.07,10.0,0.2972150065939033,0.08807942906058217
S1,352,0.075,0.003,0.3241252884326875,0.06675360094317147
S1,353,0.075,0.005,0.3240812042908078,0.06680025928406311
S1,354,0.075,0.01,0.32262604147661617,0.06479693390878412
S1,355,0.075,0.02,0.3208009364108133,0.06269383868555523
S1,356,0.075,0.03,0.32433917346843044,0.058897021339352054
S1,357,0.075,0.038538810670601456,0.32414641767500324,0.05894623520647422
S1,358,0.075,0.049507997596815526,0.3288310312031113,0.05464177815378825
S1,359,0.075,0.06359931153547553,0.3285801651227826,0.0543550789947907
S1,360,0.075,0.08170139420154304,0.32775838382099465,0.05343057130067082
S1,361,0.075,0.10495581875524816,0.3273499775193174,0.0528679160567046
S1,362,0.075,0.1348290809262157,0.3267838411856995,0.052145749114935636
S1,363,0.075,0.17320508075688773,0.32137751911271073,0.05555903351670332
S1,364,0.075,0.2225039271491978,0.32138548801629063,0.055461197818041735
S1,365,0.075,0.2858345573956079,0.31746645263177586,0.058906619998035696
S1,366,0.075,0.3671907963528168,0.32065213795079406,0.05406734301082343
S1,367,0.075,0.47170321935428616,0.3203160376031837,0.05341665305309921
S1,368,0.075,0.6059627021136009,0.32016612810949496,0.05275721727164886
S1,369,0.075,0.778436061673405,0.32001193146712725,0.05219916648689436
S1,370,0.075,1.0,0.3257234357517209,0.04900528863698751
S1,371,0.075,2.0,0.33927156224209476,0.0514006673769039
S1,372,0.075,3.0,0.34576458226659834,0.05305344086449202
S1,373,0.075,10.0,0.2972150065939033,0.08807942906058217
S1,374,0.08,0.003,0.32405466696376095,0.06669723796832688
S1,375,0.08,0.005,0.3241317733990148,0.06686926391812907
S1,376,0.08,0.01,0.3230341077051603,0.06535785095105302
S1,377,0.08,0.02,0.324702828943025,0.059044323724611034
S1,378,0.08,0.03,0.3245828381857794,0.059121611185624104
S1,379,0.08,0.038538810670601456,0.3244443632555774,0.0591094829039334
S1,380,0.08,0.049507997596815526,0.3296685340802988,0.05540773351142534
S1,381,0.08,0.06359931153547553,0.329074176134709,0.05477122496320344
S1,382,0.08,0.08170139420154304,0.3286318776519056,0.054318881335475105
S1,383,0.08,0.10495581875524816,0.3278594210239409,0.05329434202190957
S1,384,0.08,0.1348290809262157,0.3217542075145168,0.05584837630293761
S1,385,0.08,0.17320508075688773,0.3213695535015856,0.05539028097771636
S1,386,0.08,0.2225039271491978,0.31740738014660125,0.05875266346019371
S1,387,0.08,0.2858345573956079,0.3173172522844866,0.05853016567179378
S1,388,0.08,0.3671907963528168,0.3170024396403949,0.05790518805511416
S1,389,0.08,0.47170321935428616,0.3205040845614616,0.05366472317628432
S1,390,0.08,0.6059627021136009,0.3202448806569755,0.05293425662058638
S1,391,0.08,0.778436061673405,0.32596308444907585,0.049351977216410624
S1,392,0.08,1.0,0.3258938802873213,0.04913123631609373
S1,393,0.08,2.0,0.33927156224209476,0.0514006673769039
S1,394,0.08,3.0,0.3460165983956306,0.05317488736428894
S1,395,0.08,10.0,0.2972150065939033,0.08807942906058217
S1,396,0.085,0.003,0.3246091735013712,0.06709433609809874
S1,397,0.085,0.005,0.32445091555518546,0.06696475921536583
S1,398,0.085,0.01,0.3272700970527057,0.0621514545726427
S1,399,0.085,0.02,0.32480258746973667,0.05898354345410823
S1,400,0.085,0.03,0.3245828381857794,0.059121611185624104
S1,401,0.085,0.038538810670601456,0.3299866054049624,0.05563324592042768
S1,402,0.085,0.049507997596815526,0.32983457489578905,0.05550488047257583
S1,403,0.085,0.06359931153547553,0.3296486352886862,0.05528525120543798
S1,404,0.085,0.08170139420154304,0.32905470179611246,0.05443249400204344
S1,405,0.085,0.10495581875524816,0.3280134227281038,0.053144896008591645
S1,406,0.085,0.1348290809262157,0.3219847638044292,0.05582329072173192
S1,407,0.085,0.17320508075688773,0.32174906803038666,0.05535886596454433
S1,408,0.085,0.2225039271491978,0.32158810705042723,0.05518373437422014
S1,409,0.085,0.2858345573956079,0.31725150523120466,0.058303140680607025
S1,410,0.085,0.3671907963528168,0.3169548331787538,0.0578340492968963
S1,411,0.085,0.47170321935428616,0.3203444309966357,0.05341261659913631
S1,412,0.085,0.6059627021136009,0.3200142238101014,0.05267490841334919
S1,413,0.085,0.778436061673405,0.3257347527879924,0.049204669166825137
S1,414,0.085,1.0,0.3259137805880147,0.04907517815588
S1,415,0.085,2.0,0.33927156224209476,0.0514006673769039
S1,416,0.085,3.0,0.3460165983956306,0.05317488736428894
S1,417,0.085,10.0,0.2972150065939033,0.08807942906058217
S1,418,0.09,0.003,0.3290924458183139,0.06401972919667497
S1,419,0.09,0.005,0.3286525071869899,0.06355266208330017
S1,420,0.09,0.01,0.32673695379288803,0.06141422174518492
S1,421,0.09,0.02,0.3253891942185525,0.05977153262909916
S1,422,0.09,0.03,0.33036960647143016,0.055549052549309856
S1,423,0.09,0.038538810670601456,0.33020383896640143,0.05571010200020621
S1,424,0.09,0.049507997596815526,0.3300799865400706,0.0555602195456858
S1,425,0.09,0.06359931153547553,0.3295148504318011,0.054903870303533345
S1,426,0.09,0.08170139420154304,0.32859323617685354,0.05384037753081417
S1,427,0.09,0.10495581875524816,0.3277396472955545,0.05277617395845071
S1,428,0.09,0.1348290809262157,0.3273384607681528,0.052229588165484044
S1,429,0.09,0.17320508075688773,0.32747607799984674,0.05230966009690411
S1,430,0.09,0.2225039271491978,0.32717288186731985,0.051814814515946266
S1,431,0.09,0.2858345573956079,0.3212277767169379,0.0546870458496622
S1,432,0.09,0.3671907963528168,0.3168940371088803,0.05768477449395467
S1,433,0.09,0.47170321935428616,0.32062724308047863,0.05369900095381163
S1,434,0.09,0.6059627021136009,0.32542649884866837,0.04935755641377406
S1,435,0.09,0.778436061673405,0.32571067762390143,0.04936152591869393
S1,436,0.09,1.0,0.32623487623487624,0.049551298082339136
S1,437,0.09,2.0,0.33927156224209476,0.0514006673769039
S1,438,0.09,3.0,0.34576458226659834,0.05305344086449202
S1,439,0.09,10.0,0.2972150065939033,0.08807942906058217
S1,440,0.095,0.003,0.32878054785785565,0.0634243651862845
S1,441,0.095,0.005,0.32806076714613297,0.06268140412470868
S1,442,0.095,0.01,0.3268101109590191,0.06121026837536967
S1,443,0.095,0.02,0.32629031513242635,0.06063846904937473
S1,444,0.095,0.03,0.3312468170432865,0.0565995985483376
S1,445,0.095,0.038538810670601456,0.33092589953486895,0.05622528312132327
S1,446,0.095,0.049507997596815526,0.3300932829978942,0.05519883843492098
S1,447,0.095,0.06359931153547553,0.3289413078373208,0.05379789673869097
S1,448,0.095,0.08170139420154304,0.3279415790367331,0.05258986811824513
S1,449,0.095,0.10495581875524816,0.3274431648276885,0.05211103763563031
S1,450,0.095,0.1348290809262157,0.32745244443685073,0.05225659876653234
S1,451,0.095,0.17320508075688773,0.3274398618619357,0.052245141947544926
S1,452,0.095,0.2225039271491978,0.3271470367942634,0.051623368880838905
S1,453,0.095,0.2858345573956079,0.3270501084922065,0.05146746000597453
S1,454,0.095,0.3671907963528168,0.32688546570793664,0.05139422584807558
S1,455,0.095,0.47170321935428616,0.32603960471937243,0.05037101199019359
S1,456,0.095,0.6059627021136009,0.32546047125749566,0.049302213698220215
S1,457,0.095,0.778436061673405,0.32565794960992084,0.04924469636526371
S1,458,0.095,1.0,0.32606303524507213,0.049577209275480226
S1,459,0.095,2.0,0.33927156224209476,0.0514006673769039
S1,460,0.095,3.0,0.3460165983956306,0.05317488736428894
S1,461,0.095,10.0,0.2972150065939033,0.08807942906058217
S1,462,0.1,0.003,0.3288345285084415,0.06329121678102202
S1,463,0.1,0.005,0.32800353271389854,0.0624182139328861
S1,464,0.1,0.01,0.32701291043988223,0.06125182801481999
S1,465,0.1,0.02,0.3267553381880131,0.060956176162111124
S1,466,0.1,0.03,0.33146241187434083,0.056828160773053055
S1,467,0.1,0.038538810670601456,0.33037956507138533,0.05562742994500604
S1,468,0.1,0.049507997596815526,0.32947719108433393,0.054632617093947025
S1,469,0.1,0.06359931153547553,0.32862431847048723,0.05350901911670189
S1,470,0.1,0.08170139420154304,0.3281357348791559,0.052826067628613686
S1,471,0.1,0.10495581875524816,0.3278547972129287,0.05245189739777628
S1,472,0.1,0.1348290809262157,0.3277323539021644,0.05228109977279269
S1,473,0.1,0.17320508075688773,0.3273903671418983,0.05210992716310754
S1,474,0.1,0.2225039271491978,0.3269486240958507,0.05138806774545632
S1,475,0.1,0.2858345573956079,0.3270501084922065,0.05146746000597453
S1,476,0.1,0.3671907963528168,0.3267646927610767,0.05125504062270016
S1,477,0.1,0.47170321935428616,0.3257027342174076,0.05000580241546223
S1,478,0.1,0.6059627021136009,0.3250955208306416,0.04888073000242372
S1,479,0.1,0.778436061673405,0.3256550483910943,0.04926822248025437
S1,480,0.1,1.0,0.32637333829711324,0.04994482437757769
S1,481,0.1,2.0,0.33927156224209476,0.0514006673769039
S1,482,0.1,3.0,0.34576458226659834,0.05305344086449202
S1,483,0.1,10.0,0.2972150065939033,0.08807942906058217
S1,484,0.125,0.003,0.3282267115600449,0.06256829757302837
S1,485,0.125,0.005,0.32750396687178296,0.06195421524365992
S1,486,0.125,0.01,0.3310892950440364,0.05652484773325257
S1,487,0.125,0.02,0.33052486672278336,0.056279815943251606
S1,488,0.125,0.03,0.32994643413604585,0.05544813481894917
S1,489,0.125,0.038538810670601456,0.3290872248319057,0.05445011483653259
S1,490,0.125,0.049507997596815526,0.3286644082687487,0.05394594207063826
S1,491,0.125,0.06359931153547553,0.3281494807111505,0.05342271014539755
S1,492,0.125,0.08170139420154304,0.3282871304133929,0.05356873556155078
S1,493,0.125,0.10495581875524816,0.32831359105503516,0.05361333820822196
S1,494,0.125,0.1348290809262157,0.3280080716801074,0.05287054011592201
S1,495,0.125,0.17320508075688773,0.3278876705544252,0.05268559122845799
S1,496,0.125,0.2225039271491978,0.3277039511758536,0.05220354832356032
S1,497,0.125,0.2858345573956079,0.32740108143132385,0.05182711086767646
S1,498,0.125,0.3671907963528168,0.3277100810296849,0.05197490018350031
S1,499,0.125,0.47170321935428616,0.32749186527216756,0.05163453712271246
S1,500,0.125,0.6059627021136009,0.327296992995033,0.05138717411524967
S1,501,0.125,0.778436061673405,0.3261421165241676,0.04975057339522215
S1,502,0.125,1.0,0.3274160991447941,0.05113202907577814
S1,503,0.125,2.0,0.33931423163960284,0.05141988525554028
S1,504,0.125,3.0,0.34576458226659834,0.05305344086449202
S1,505,0.125,10.0,0.2972150065939033,0.08807942906058217
S1,506,0.15,0.003,0.3282265857265857,0.06269247499994028
S1,507,0.15,0.005,0.3281802881480069,0.06272682193123627
S1,508,0.15,0.01,0.3281876456876457,0.06273323874535552
S1,509,0.15,0.02,0.3326628664357323,0.05788590060634683
S1,510,0.15,0.03,0.33208629867115086,0.05726479845641788
S1,511,0.15,0.038538810670601456,0.33132944381214086,0.05664038569987042
S1,512,0.15,0.049507997596815526,0.33061143866969067,0.05585819059896554
S1,513,0.15,0.06359931153547553,0.3299576278769089,0.05504835144369841
S1,514,0.15,0.08170139420154304,0.32998101003067315,0.055120413732998315
S1,515,0.15,0.10495581875524816,0.329052452242319,0.053981572043857964
S1,516,0.15,0.1348290809262157,0.329052452242319,0.053981572043857964
S1,517,0.15,0.17320508075688773,0.3287067099567099,0.053522698023730525
S1,518,0.15,0.2225039271491978,0.3282146743901915,0.05306163925012208
S1,519,0.15,0.2858345573956079,0.32812760577767386,0.0528973297842038
S1,520,0.15,0.3671907963528168,0.32842915890374413,0.052966937453183344
S1,521,0.15,0.47170321935428616,0.32784385578635494,0.05203931886628504
S1,522,0.15,0.6059627021136009,0.3275112330450453,0.05157316752432171
S1,523,0.15,0.778436061673405,0.32746509602104057,0.05101279586174855
S1,524,0.15,1.0,0.32820644354000933,0.05142777624292147
S1,525,0.15,2.0,0.33970713650347245,0.05140831517832605
S1,526,0.15,3.0,0.34576458226659834,0.05305344086449202
S1,527,0.15,10.0,0.2972150065939033,0.08807942906058217
S1,528,0.2,0.003,0.3236605032705525,0.06537265827468539
S1,529,0.2,0.005,0.3233426447272548,0.06504607259954294
S1,530,0.2,0.01,0.32344427074351495,0.06513958468194088
S1,531,0.2,0.02,0.3270085236574318,0.0613881295075292
S1,532,0.2,0.03,0.32596194794907146,0.06026893421914462
S1,533,0.2,0.038538810670601456,0.3257365898866109,0.060125960741360486
S1,534,0.2,0.049507997596815526,0.3251878520225294,0.05947428905934869
S1,535,0.2,0.06359931153547553,0.3247446680412875,0.05879198765959041
S1,536,0.2,0.08170139420154304,0.32450102529049896,0.05831368699330907
S1,537,0.2,0.10495581875524816,0.32384315847551143,0.05753426717857947
S1,538,0.2,0.1348290809262157,0.32360955061995234,0.05726271026256799
S1,539,0.2,0.17320508075688773,0.3235277083258453,0.0572066839097565
S1,540,0.2,0.2225039271491978,0.32321736725806494,0.0570835504510866
S1,541,0.2,0.2858345573956079,0.3287056110351436,0.053630561557361095
S1,542,0.2,0.3671907963528168,0.32855394003418514,0.05328378385008018
S1,543,0.2,0.47170321935428616,0.3284588933994441,0.05302689342588775
S1,544,0.2,0.6059627021136009,0.3280406791961414,0.052574711172348416
S1,545,0.2,0.778436061673405,0.32798038530720247,0.05191158278871462
S1,546,0.2,1.0,0.3273332280050449,0.050728047213254225
S1,547,0.2,2.0,0.33967121883788554,0.05126517178358361
S1,548,0.2,3.0,0.34590347115548725,0.05310577074397046
S1,549,0.2,10.0,0.2972150065939033,0.08807942906058217
S1,550,0.25,0.003,0.3219245648383422,0.06416498625015789
S1,551,0.25,0.005,0.32121200331984645,0.06324756142230831
S1,552,0.25,0.01,0.32132436065681136,0.0633007542386299
S1,553,0.25,0.02,0.31998407107441124,0.06165068715152498
S1,554,0.25,0.03,0.3195174421151352,0.061051101865195884
S1,555,0.25,0.038538810670601456,0.3190048004936749,0.06045954170215787
S1,556,0.25,0.049507997596815526,0.31870221566227475,0.06011256304442231
S1,557,0.25,0.06359931153547553,0.31870221566227475,0.06011256304442231
S1,558,0.25,0.08170139420154304,0.3187425724822579,0.06022735063699151
S1,559,0.25,0.10495581875524816,0.3185440320266136,0.059858687722189496
S1,560,0.25,0.1348290809262157,0.3185440320266136,0.059858687722189496
S1,561,0.25,0.17320508075688773,0.3224494786155532,0.05626061080722321
S1,562,0.25,0.2225039271491978,0.3222445683537437,0.05577315947278507
S1,563,0.25,0.2858345573956079,0.32231310756639137,0.055708396041208925
S1,564,0.25,0.3671907963528168,0.32258406238953696,0.05591385586454533
S1,565,0.25,0.47170321935428616,0.3285556459029463,0.052926726164920314
S1,566,0.25,0.6059627021136009,0.3281442146266383,0.05235281906315582
S1,567,0.25,0.778436061673405,0.3279213267709062,0.05138438140158662
S1,568,0.25,1.0,0.3282255719486795,0.05117956880259831
S1,569,0.25,2.0,0.3404630785351609,0.051082130824868566
S1,570,0.25,3.0,0.3453778408998862,0.05254769755395831
S1,571,0.25,10.0,0.2972150065939033,0.08807942906058217
S1,572,0.3,0.003,0.3200315436595924,0.06140221170956717
S1,573,0.3,0.005,0.3201283303417449,0.06150128386288937
S1,574,0.3,0.01,0.3199163039610194,0.06132399305879322
S1,575,0.3,0.02,0.3203139146954478,0.061823142476659716
S1,576,0.3,0.03,0.31970843834362495,0.06134519517201067
S1,577,0.3,0.038538810670601456,0.3196033963268182,0.06113331172637611
S1,578,0.3,0.049507997596815526,0.31947112119454313,0.06096697219936242
S1,579,0.3,0.06359931153547553,0.3193186821701528,0.06077613963979005
S1,580,0.3,0.08170139420154304,0.31909233331575526,0.06050996549596286
S1,581,0.3,0.10495581875524816,0.318781640563202,0.06015678397937342
S1,582,0.3,0.1348290809262157,0.31890994955779006,0.060269092555570766
S1,583,0.3,0.17320508075688773,0.3189567716864937,0.06023035724029879
S1,584,0.3,0.2225039271491978,0.31858918787213364,0.05968665970824165
S1,585,0.3,0.2858345573956079,0.32248799725398053,0.05595967715369949
S1,586,0.3,0.3671907963528168,0.32258712508945564,0.05597526145156023
S1,587,0.3,0.47170321935428616,0.32268129561007464,0.055848036004417886
S1,588,0.3,0.6059627021136009,0.328743796777609,0.052868723615995046
S1,589,0.3,0.778436061673405,0.32868920779879685,0.051753632984715844
S1,590,0.3,1.0,0.32947290906761284,0.051898980362539114
S1,591,0.3,2.0,0.333345297051063,0.051451289661674574
S1,592,0.3,3.0,0.34538244266505136,0.051646079557813446
S1,593,0.3,10.0,0.2972150065939033,0.08807942906058217
S1,594,0.4,0.003,0.31670365298919967,0.06922935639946813
S1,595,0.4,0.005,0.3154489470831797,0.06766570363337841
S1,596,0.4,0.01,0.3148570315230935,0.0670195553698819
S1,597,0.4,0.02,0.3145144403910287,0.0666896226522474
S1,598,0.4,0.03,0.314230204430577,0.0664333978065719
S1,599,0.4,0.038538810670601456,0.3141511168514894,0.06631965907853637
S1,600,0.4,0.049507997596815526,0.31417796393052716,0.06629061326542268
S1,601,0.4,0.06359931153547553,0.31417796393052716,0.06629061326542268
S1,602,0.4,0.08170139420154304,0.31634033972095177,0.06337706871463773
S1,603,0.4,0.10495581875524816,0.31610706949335365,0.06310321593542088
S1,604,0.4,0.1348290809262157,0.31610706949335365,0.06310321593542088
S1,605,0.4,0.17320508075688773,0.3162522495165825,0.06328332394212344
S1,606,0.4,0.2225039271491978,0.315965789955998,0.06266886604664729
S1,607,0.4,0.2858345573956079,0.3159016727866177,0.06248978155975015
S1,608,0.4,0.3671907963528168,0.3188319061872051,0.05903780773779654
S1,609,0.4,0.47170321935428616,0.318983601802268,0.05903284938833529
S1,610,0.4,0.6059627021136009,0.31919362497842035,0.05878170037845749
S1,611,0.4,0.778436061673405,0.32416215287555183,0.054959328343966524
S1,612,0.4,1.0,0.32995611102157957,0.05171938579803888
S1,613,0.4,2.0,0.33326585292311095,0.051339742336563556
S1,614,0.4,3.0,0.3437777003714354,0.05029893199197032
S1,615,0.4,10.0,0.2972150065939033,0.08807942906058217
