threshold,F2,precision
0.023735534496390542,0.38461538461538464,0.5
0.02051889980320265,0.37735849056603776,0.4444444444444444
0.0196276801921047,0.37037037037037035,0.4
0.018354051932808257,0.36363636363636365,0.36363636363636365
0.01802303905550673,0.35714285714285715,0.3333333333333333
0.016875803195606665,0.3508771929824561,0.3076923076923077
0.013663296484963894,0.3448275862068966,0.2857142857142857
0.005890004378985125,0.3389830508474576,0.26666666666666666
0.004961521330724583,0.3333333333333333,0.25
0.0021467067080371827,0.32786885245901637,0.23529411764705882
0.00017383645873181308,0.3225806451612903,0.2222222222222222
-0.0013191471644851127,0.31746031746031744,0.21052631578947367
-0.004163457514589464,0.3125,0.2
-0.00703116696684436,0.3076923076923077,0.19047619047619047
-0.007068639207544525,0.30303030303030304,0.18181818181818182
-0.007507799454439912,0.29850746268656714,0.17391304347826086
0.03383154742552952,0.29411764705882354,0.42857142857142855
-0.010750490382033462,0.29411764705882354,0.16666666666666666
-0.01115625573988055,0.2898550724637681,0.16
-0.011331739145709285,0.2857142857142857,0.15384615384615385
-0.011773743590902441,0.28169014084507044,0.14814814814814814
-0.012510265480172755,0.2777777777777778,0.14285714285714285
-0.014621905712058236,0.273972602739726,0.13793103448275862
-0.014725084859568582,0.2702702702702703,0.13333333333333333
-0.015018963017972897,0.26666666666666666,0.12903225806451613
-0.015049386917684426,0.2631578947368421,0.125
-0.01584025465833605,0.2597402597402597,0.12121212121212122
-0.01600447839595187,0.2564102564102564,0.11764705882352941
-0.016162653950108297,0.25316455696202533,0.11428571428571428
-0.01706191617518682,0.25,0.1111111111111111
-0.017081073836251903,0.24691358024691357,0.10810810810810811
-0.01727406686708166,0.24390243902439024,0.10526315789473684
-0.017886474051532986,0.24096385542168675,0.10256410256410256
-0.01965882640287031,0.23809523809523808,0.1
-0.036685871595592445,0.23809523809523808,0.06796116504854369
-0.03757712910005573,0.23648648648648649,0.0673076923076923
-0.020793708976500014,0.23529411764705882,0.0975609756097561
-0.03769149938365768,0.2348993288590604,0.06666666666666667
-0.037951523866468495,0.23333333333333334,0.0660377358490566
-0.021368983080904513,0.23255813953488372,0.09523809523809523
-0.0382709434549664,0.23178807947019867,0.06542056074766354
-0.03848313838903206,0.23026315789473684,0.06481481481481481
-0.021624805130155522,0.22988505747126436,0.09302325581395349
-0.03894027661872368,0.22875816993464052,0.06422018348623854
-0.02190966684235285,0.22727272727272727,0.09090909090909091
-0.03915350199008438,0.22727272727272727,0.06363636363636363
-0.04308953667166149,0.22727272727272727,0.06060606060606061
-0.04331031121140194,0.22598870056497175,0.06015037593984962
-0.03923725572183967,0.22580645161290322,0.06306306306306306
-0.02197673730973726,0.2247191011235955,0.08888888888888889
-0.04354630550467231,0.2247191011235955,0.05970149253731343
-0.03946511188979107,0.22435897435897437,0.0625
-0.04356200774485508,0.22346368715083798,0.05925925925925926
-0.03986500440645058,0.2229299363057325,0.061946902654867256
-0.022355917431946537,0.2222222222222222,0.08695652173913043
-0.04388526426409056,0.2222222222222222,0.058823529411764705
-0.04005791318398,0.22151898734177214,0.06140350877192982
-0.0439627463664678,0.22099447513812154,0.058394160583941604
-0.040113270733956874,0.22012578616352202,0.06086956521739131
-0.02267264509424427,0.21978021978021978,0.0851063829787234
-0.04406239608165352,0.21978021978021978,0.057971014492753624
-0.04032992719373807,0.21875,0.0603448275862069
-0.04407496731805649,0.2185792349726776,0.05755395683453238
-0.048457243775248404,0.21844660194174756,0.05555555555555555
-0.023618542086969452,0.21739130434782608,0.08333333333333333
-0.0405497999549409,0.21739130434782608,0.05982905982905983
-0.0441564548678679,0.21739130434782608,0.05714285714285714
-0.04852772163393615,0.21739130434782608,0.05521472392638037
-0.04856557530175465,0.21634615384615385,0.054878048780487805
-0.044633002392906906,0.21621621621621623,0.05673758865248227
-0.040564613849570996,0.21604938271604937,0.059322033898305086
-0.03072216187157073,0.21551724137931033,0.06944444444444445
-0.04879898760519508,0.215311004784689,0.05454545454545454
-0.02369797528378781,0.21505376344086022,0.08163265306122448
-0.04471583609740071,0.21505376344086022,0.056338028169014086
-0.0406335578347079,0.2147239263803681,0.058823529411764705
-0.04904888766459381,0.21428571428571427,0.05421686746987952
-0.04480107509759623,0.21390374331550802,0.055944055944055944
-0.030774737409870134,0.21367521367521367,0.0684931506849315
-0.04100652071365074,0.21341463414634146,0.058333333333333334
-0.049251520178682284,0.2132701421800948,0.05389221556886228
-0.02375845063160531,0.2127659574468085,0.08
-0.045275732860980966,0.2127659574468085,0.05555555555555555
-0.04932167962969114,0.21226415094339623,0.05357142857142857
-0.04119731997551579,0.21212121212121213,0.05785123966942149
-0.030862924266212843,0.211864406779661,0.06756756756756757
-0.045367352043773845,0.21164021164021163,0.05517241379310345
-0.04959742092483532,0.2112676056338028,0.05325443786982249
-0.041259800427554616,0.21084337349397592,0.05737704918032787
-0.02380711341577557,0.21052631578947367,0.0784313725490196
-0.04538530112693184,0.21052631578947367,0.0547945205479452
-0.049754217719148564,0.2102803738317757,0.052941176470588235
-0.03107013319309937,0.21008403361344538,0.06666666666666667
-0.041427810152345756,0.20958083832335328,0.056910569105691054
-0.045396900050695965,0.2094240837696335,0.05442176870748299
-0.04991175041845608,0.20930232558139536,0.05263157894736842
-0.02383184794082238,0.20833333333333334,0.07692307692307693
-0.03107442820329842,0.20833333333333334,0.06578947368421052
-0.04167654056984693,0.20833333333333334,0.056451612903225805
-0.045528977438214824,0.20833333333333334,0.05405405405405406
-0.0500226914176789,0.20833333333333334,0.05232558139534884
-0.0500566906852562,0.2073732718894009,0.05202312138728324
-0.04559912288032031,0.20725388601036268,0.053691275167785234
-0.04190199079522161,0.20710059171597633,0.056
-0.03664932653352615,0.20689655172413793,0.0594059405940594
-0.03123694164678792,0.2066115702479339,0.06493506493506493
-0.05009370052026885,0.20642201834862386,0.05172413793103448
-0.023835355422258342,0.20618556701030927,0.07547169811320754
-0.04598646659773342,0.20618556701030927,0.05333333333333334
-0.041949578833038625,0.20588235294117646,0.05555555555555555
-0.036680361850988774,0.2054794520547945,0.058823529411764705
-0.050143698280551874,0.2054794520547945,0.05142857142857143
-0.046055664497103965,0.20512820512820512,0.052980132450331126
-0.03226219563041832,0.20491803278688525,0.0641025641025641
-0.042201021573944786,0.2046783625730994,0.05511811023622047
-0.05031275100735089,0.20454545454545456,0.05113636363636364
-0.023936361856305766,0.20408163265306123,0.07407407407407407
-0.04616844075853388,0.20408163265306123,0.05263157894736842
-0.05042705064597275,0.20361990950226244,0.05084745762711865
-0.042596539973021486,0.20348837209302326,0.0546875
-0.032276687277821736,0.2032520325203252,0.06329113924050633
-0.04638138004913239,0.20304568527918782,0.05228758169934641
-0.05043954636096437,0.20270270270270271,0.05056179775280899
-0.04265897403051211,0.2023121387283237,0.05426356589147287
-0.0253092222315896,0.20202020202020202,0.07272727272727272
-0.04670702019982764,0.20202020202020202,0.05194805194805195
-0.050496593855895,0.20179372197309417,0.05027932960893855
-0.032294289305142776,0.20161290322580644,0.0625
-0.042709873101303586,0.20114942528735633,0.05384615384615385
-0.046728260514453446,0.20100502512562815,0.05161290322580645
-0.05058086371139847,0.20089285714285715,0.05
0.23794101226042885,0.2,0.3333333333333333
-0.025432282702210873,0.2,0.07142857142857142
-0.032600931670502487,0.2,0.06172839506172839
-0.04271713824809131,0.2,0.05343511450381679
-0.046814442933546196,0.2,0.05128205128205128
-0.05082253456775421,0.2,0.049723756906077346
-0.05111137765859697,0.19911504424778761,0.04945054945054945
-0.04725469358689427,0.19900497512437812,0.050955414012738856
-0.03327966371131197,0.1984126984126984,0.06097560975609756
-0.0511144345112009,0.19823788546255505,0.04918032786885246
-0.02549068789251141,0.19801980198019803,0.07017543859649122
-0.04764879450151627,0.19801980198019803,0.05063291139240506
-0.05139394790694807,0.19736842105263158,0.04891304347826087
-0.04775119005339601,0.19704433497536947,0.050314465408805034
-0.03376434926298666,0.1968503937007874,0.060240963855421686
-0.054735465429060604,0.1968503937007874,0.047619047619047616
-0.051409732333944635,0.1965065502183406,0.04864864864864865
-0.025621099888092136,0.19607843137254902,0.06896551724137931
-0.04807845279579981,0.19607843137254902,0.05
-0.055272433329990545,0.19607843137254902,0.04739336492890995
-0.051875102556887764,0.1956521739130435,0.04838709677419355
-0.034043030795487095,0.1953125,0.05952380952380952
-0.055311668701566674,0.1953125,0.04716981132075472
-0.04845665681237543,0.1951219512195122,0.049689440993788817
-0.052142324022021125,0.19480519480519481,0.0481283422459893
-0.055347597522363845,0.19455252918287938,0.046948356807511735
-0.025941174497914332,0.1941747572815534,0.06779661016949153
-0.0522126047680036,0.1939655172413793,0.047872340425531915
-0.03411372734193918,0.1937984496124031,0.058823529411764705
-0.055432561385047485,0.1937984496124031,0.04672897196261682
-0.05221648354311803,0.19313304721030042,0.047619047619047616
-0.05547391085549913,0.19305019305019305,0.046511627906976744
-0.027156777928312614,0.19230769230769232,0.06666666666666667
-0.03418798573154591,0.19230769230769232,0.05813953488372093
-0.05224361627143548,0.19230769230769232,0.04736842105263158
-0.055548502056042004,0.19230769230769232,0.046296296296296294
-0.05590033307501541,0.19157088122605365,0.04608294930875576
-0.0524012880756386,0.19148936170212766,0.04712041884816754
-0.034428228688584195,0.19083969465648856,0.05747126436781609
-0.056171415219625764,0.19083969465648856,0.045871559633027525
-0.05259919677098068,0.1906779661016949,0.046875
-0.027646206059199763,0.19047619047619047,0.06557377049180328
-0.05620234529765167,0.19011406844106463,0.045662100456621
-0.0527510946056422,0.189873417721519,0.046632124352331605
-0.034845995217372305,0.1893939393939394,0.056818181818181816
-0.0566095170997567,0.1893939393939394,0.045454545454545456
-0.05290271165835447,0.18907563025210083,0.04639175257731959
-0.02776540082822221,0.18867924528301888,0.06451612903225806
-0.05681054559403842,0.18867924528301888,0.04524886877828054
-0.05292257014029911,0.18828451882845187,0.046153846153846156
-0.035059998245332125,0.18796992481203006,0.056179775280898875
-0.057041182703719606,0.18796992481203006,0.04504504504504504
-0.05292378601847059,0.1875,0.04591836734693878
-0.05716512968673815,0.18726591760299627,0.04484304932735426
-0.028080259384441142,0.18691588785046728,0.06349206349206349
-0.0529783015622165,0.18672199170124482,0.04568527918781726
-0.035135026913591716,0.1865671641791045,0.05555555555555555
-0.057230003400500884,0.1865671641791045,0.044642857142857144
-0.05319460770511153,0.1859504132231405,0.045454545454545456
-0.05726220101236912,0.18587360594795538,0.044444444444444446
-0.02827675345174896,0.18518518518518517,0.0625
-0.03518340765385064,0.18518518518518517,0.054945054945054944
-0.05319705085138571,0.18518518518518517,0.04522613065326633
-0.05740952302005464,0.18518518518518517,0.04424778761061947
-0.057726691654647944,0.18450184501845018,0.04405286343612335
-0.05358011043264854,0.18442622950819673,0.045
-0.03525870083713434,0.18382352941176472,0.05434782608695652
-0.05799843375390168,0.18382352941176472,0.043859649122807015
-0.053661361473282376,0.1836734693877551,0.04477611940298507
-0.028643070958416672,0.1834862385321101,0.06153846153846154
-0.058255311624496375,0.18315018315018314,0.043668122270742356
-0.053776909349351865,0.18292682926829268,0.04455445544554455
-0.0352723677314879,0.18248175182481752,0.053763440860215055
-0.05829980877644614,0.18248175182481752,0.043478260869565216
-0.05379597237892586,0.18218623481781376,0.04433497536945813
-0.02900270036009145,0.18181818181818182,0.06060606060606061
-0.05842502025924823,0.18181818181818182,0.04329004329004329
-0.05388336865309862,0.1814516129032258,0.04411764705882353
-0.03558320714112062,0.18115942028985507,0.05319148936170213
-0.05860508453072377,0.18115942028985507,0.04310344827586207
-0.05395878685563371,0.18072289156626506,0.04390243902439024
-0.05874549147392916,0.18050541516245489,0.04291845493562232
-0.029090972696034445,0.18018018018018017,0.05970149253731343
-0.05410996592602846,0.18,0.043689320388349516
-0.03576409892145005,0.17985611510791366,0.05263157894736842
-0.058899412107464855,0.17985611510791366,0.042735042735042736
-0.05448933693631375,0.17928286852589642,0.043478260869565216
-0.05904909729527974,0.17921146953405018,0.0425531914893617
-0.02928453131656239,0.17857142857142858,0.058823529411764705
-0.03586853109346144,0.17857142857142858,0.052083333333333336
-0.054572839918817895,0.17857142857142858,0.04326923076923077
-0.05921355221777169,0.17857142857142858,0.0423728813559322
-0.05939828559087923,0.17793594306049823,0.04219409282700422
-0.05467136298864439,0.17786561264822134,0.0430622009569378
-0.036043570907444256,0.1773049645390071,0.05154639175257732
-0.05947854190272217,0.1773049645390071,0.04201680672268908
-0.02930018300609527,0.17699115044247787,0.057971014492753624
-0.059555040586073194,0.17667844522968199,0.04184100418410042
-0.036301298781483915,0.176056338028169,0.05102040816326531
-0.059607915237203546,0.176056338028169,0.041666666666666664
-0.029869025415949046,0.17543859649122806,0.05714285714285714
-0.059826525931205854,0.17543859649122806,0.04149377593360996
-0.03636153458677471,0.17482517482517482,0.050505050505050504
-0.05985544909982243,0.17482517482517482,0.04132231404958678
-0.060081777935369285,0.17421602787456447,0.0411522633744856
-0.030660701018718317,0.17391304347826086,0.056338028169014086
-0.036465864946055415,0.1736111111111111,0.05
-0.0601042288558955,0.1736111111111111,0.040983606557377046
-0.06015021589407743,0.17301038062283736,0.04081632653061224
-0.060340968770814296,0.1724137931034483,0.04065040650406504
-0.060568278204086834,0.1718213058419244,0.04048582995951417
-0.06088886905257551,0.17123287671232876,0.04032258064516129
-0.0611527081918557,0.17064846416382254,0.040160642570281124
-0.06140230011541803,0.17006802721088435,0.04
-0.061445107750359274,0.1694915254237288,0.0398406374501992
-0.06164284995445257,0.16891891891891891,0.03968253968253968
-0.061728923496930044,0.16835016835016836,0.039525691699604744
-0.06187472518077586,0.16778523489932887,0.03937007874015748
-0.06189434117370318,0.16722408026755853,0.0392156862745098
-0.06189474838368847,0.16666666666666666,0.0390625
-0.06203011192582242,0.16611295681063123,0.038910505836575876
-0.06244644609955019,0.16556291390728478,0.03875968992248062
-0.06267042642663201,0.16501650165016502,0.03861003861003861
-0.06269381807667118,0.16447368421052633,0.038461538461538464
-0.0628157324147054,0.16393442622950818,0.038314176245210725
-0.06301791337661689,0.16339869281045752,0.03816793893129771
-0.06308321061497546,0.16286644951140064,0.03802281368821293
-0.06331225656033945,0.16233766233766234,0.03787878787878788
-0.06341409739861481,0.16181229773462782,0.03773584905660377
-0.06353669750751312,0.16129032258064516,0.03759398496240601
-0.06362518907542292,0.1607717041800643,0.03745318352059925
-0.06390476148321955,0.16025641025641027,0.03731343283582089
-0.06394083999235756,0.1597444089456869,0.03717472118959108
-0.06400850357291743,0.1592356687898089,0.037037037037037035
-0.0640503761920499,0.15873015873015872,0.03690036900369004
-0.06425683963437567,0.15822784810126583,0.03676470588235294
-0.06450001799751748,0.15772870662460567,0.03663003663003663
-0.06485385478166794,0.15723270440251572,0.0364963503649635
-0.06503080846892262,0.15673981191222572,0.03636363636363636
-0.06517407047038759,0.15625,0.036231884057971016
-0.0655308210888359,0.1557632398753894,0.036101083032490974
-0.06568577797174369,0.15527950310559005,0.03597122302158273
-0.06569687896226073,0.15479876160990713,0.035842293906810034
-0.06571720958637872,0.15432098765432098,0.03571428571428571
-0.0657303635169284,0.15384615384615385,0.03558718861209965
-0.06581103542059674,0.15337423312883436,0.03546099290780142
-0.07101801487846426,0.1532033426183844,0.03492063492063492
-0.0658342968368486,0.1529051987767584,0.0353356890459364
-0.0710240928419763,0.1527777777777778,0.03481012658227848
-0.06588541465408904,0.1524390243902439,0.035211267605633804
-0.07115720391051816,0.1523545706371191,0.03470031545741325
-0.06589629483744153,0.1519756838905775,0.03508771929824561
-0.07121296427523216,0.15193370165745856,0.03459119496855346
-0.06592849644936871,0.15151515151515152,0.03496503496503497
-0.07136324727200494,0.15151515151515152,0.034482758620689655
-0.07136497825189503,0.1510989010989011,0.034375
-0.0660968065289782,0.1510574018126888,0.03484320557491289
-0.07140510244033926,0.1506849315068493,0.03426791277258567
-0.06633881228359328,0.15060240963855423,0.034722222222222224
-0.07168364928167303,0.15027322404371585,0.034161490683229816
-0.06651635025386149,0.15015015015015015,0.03460207612456748
-0.071771168112579,0.14986376021798364,0.034055727554179564
-0.06662760871060236,0.1497005988023952,0.034482758620689655
-0.07181876900681461,0.14945652173913043,0.033950617283950615
-0.0667028990576819,0.14925373134328357,0.03436426116838488
-0.07186002790785695,0.14905149051490515,0.033846153846153845
-0.06699751255353714,0.1488095238095238,0.03424657534246575
-0.0720490890576162,0.14864864864864866,0.03374233128834356
-0.06732853759874002,0.14836795252225518,0.034129692832764506
-0.07220914568690073,0.14824797843665768,0.03363914373088685
-0.06734061017335158,0.14792899408284024,0.034013605442176874
-0.07226250965634629,0.1478494623655914,0.03353658536585366
-0.06735809269926518,0.14749262536873156,0.03389830508474576
-0.07235789662051273,0.14745308310991956,0.03343465045592705
-0.06748839900372472,0.14705882352941177,0.033783783783783786
-0.0724363356542792,0.14705882352941177,0.03333333333333333
-0.07246567817449234,0.14666666666666667,0.03323262839879154
-0.06795419767890509,0.1466275659824047,0.03367003367003367
-0.0725792851369329,0.14627659574468085,0.03313253012048193
-0.0683267601431341,0.14619883040935672,0.03355704697986577
-0.0725927590175699,0.14588859416445624,0.03303303303303303
-0.06860975352915988,0.1457725947521866,0.033444816053511704
-0.07307506876716285,0.1455026455026455,0.03293413173652695
-0.06861681970207378,0.14534883720930233,0.03333333333333333
-0.07311435188023196,0.14511873350923482,0.03283582089552239
-0.06887370213408595,0.14492753623188406,0.03322259136212625
-0.07338274865323235,0.14473684210526316,0.03273809523809524
-0.06902519296500342,0.14450867052023122,0.033112582781456956
-0.07338508429257606,0.14435695538057744,0.032640949554896145
-0.0691331316156103,0.1440922190201729,0.033003300330033
-0.073618167064192,0.14397905759162305,0.03254437869822485
-0.06960748154985374,0.14367816091954022,0.03289473684210526
-0.07399520993334407,0.14360313315926893,0.032448377581120944
-0.06962299944125183,0.14326647564469913,0.03278688524590164
-0.07429905464461317,0.14322916666666666,0.03235294117647059
-0.06991118036590027,0.14285714285714285,0.032679738562091505
-0.07435102041723551,0.14285714285714285,0.03225806451612903
-0.07447086547283233,0.14248704663212436,0.03216374269005848
-0.0699289323818082,0.14245014245014245,0.03257328990228013
-0.07459102856707878,0.1421188630490956,0.03206997084548105
-0.06993321116544182,0.14204545454545456,0.032467532467532464
-0.07485168741303028,0.14175257731958762,0.03197674418604651
-0.07025750308419143,0.141643059490085,0.032362459546925564
-0.07500188710081046,0.14138817480719795,0.03188405797101449
-0.07027376468961011,0.14124293785310735,0.03225806451612903
-0.07530958275407462,0.14102564102564102,0.031791907514450865
-0.07044654139983653,0.14084507042253522,0.03215434083601286
-0.0754548012943741,0.14066496163682865,0.03170028818443804
-0.07051520140105438,0.1404494382022472,0.03205128205128205
-0.07561079221789058,0.14030612244897958,0.031609195402298854
-0.07062606120997517,0.1400560224089636,0.03194888178913738
-0.07563341916791844,0.13994910941475827,0.03151862464183381
-0.07070709619845816,0.13966480446927373,0.03184713375796178
-0.07569317406307174,0.13959390862944163,0.03142857142857143
-0.07575137601969884,0.13924050632911392,0.03133903133903134
-0.07627701010666854,0.1388888888888889,0.03125
-0.07662211995691504,0.1385390428211587,0.031161473087818695
-0.07664549170785495,0.13819095477386933,0.031073446327683617
-0.07670068987495338,0.13784461152882205,0.030985915492957747
-0.07703016392650497,0.1375,0.03089887640449438
-0.07732452009843671,0.1371571072319202,0.03081232492997199
-0.07733706902214221,0.13681592039800994,0.030726256983240222
-0.07736576326928857,0.13647642679900746,0.03064066852367688
-0.0775271460188045,0.13613861386138615,0.030555555555555555
-0.07761974706041253,0.13580246913580246,0.030470914127423823
-0.07770282110006121,0.1354679802955665,0.03038674033149171
-0.07802137362026063,0.13513513513513514,0.030303030303030304
-0.07807463673322212,0.13480392156862744,0.03021978021978022
-0.07819541938397112,0.13447432762836187,0.030136986301369864
-0.07835706378383778,0.13414634146341464,0.030054644808743168
-0.07842969514410747,0.13381995133819952,0.02997275204359673
-0.0785053139979004,0.13349514563106796,0.029891304347826088
-0.07863313257439009,0.13317191283292978,0.02981029810298103
-0.07863990331095083,0.13285024154589373,0.02972972972972973
-0.07917712605285798,0.13253012048192772,0.029649595687331536
-0.07937728793296328,0.13221153846153846,0.02956989247311828
-0.07943020860186412,0.13189448441247004,0.029490616621983913
-0.07946776304745384,0.13157894736842105,0.029411764705882353
-0.07963782286691368,0.13126491646778043,0.029333333333333333
-0.07967241564197813,0.13095238095238096,0.02925531914893617
-0.07971907191570349,0.13064133016627077,0.029177718832891247
-0.07974733773370435,0.13033175355450238,0.0291005291005291
-0.07981942556022936,0.13002364066193853,0.029023746701846966
-0.07987433447014203,0.12971698113207547,0.02894736842105263
-0.07992453680562628,0.12941176470588237,0.028871391076115485
-0.08005617100043505,0.12910798122065728,0.028795811518324606
-0.08023465190137413,0.1288056206088993,0.028720626631853787
-0.08037841205373919,0.12850467289719625,0.028645833333333332
-0.08048745051947126,0.1282051282051282,0.02857142857142857
-0.0805273118758274,0.12790697674418605,0.02849740932642487
-0.08061837941439753,0.12761020881670534,0.028423772609819122
-0.08076745345109249,0.12731481481481483,0.028350515463917526
-0.0809353207792145,0.12702078521939955,0.028277634961439587
-0.08117036284174795,0.12672811059907835,0.028205128205128206
-0.08173641286478217,0.12643678160919541,0.028132992327365727
-0.08180142161347481,0.12614678899082568,0.02806122448979592
-0.08182832606108326,0.12585812356979406,0.027989821882951654
-0.08194162200919264,0.12557077625570776,0.027918781725888325
-0.08194405350020517,0.1252847380410023,0.027848101265822784
-0.08204988046459682,0.125,0.027777777777777776
-0.08207364795510053,0.12471655328798185,0.027707808564231738
-0.08209093432366288,0.1244343891402715,0.02763819095477387
-0.08225274810109928,0.12415349887133183,0.02756892230576441
-0.08249882383436136,0.12387387387387387,0.0275
-0.08313657979194922,0.12359550561797752,0.02743142144638404
-0.08314528994148462,0.12331838565022421,0.02736318407960199
-0.08320938596996319,0.12304250559284116,0.02729528535980149
-0.08332396558463673,0.12276785714285714,0.027227722772277228
-0.08453673608021539,0.12249443207126949,0.027160493827160494
-0.08505878290591973,0.12222222222222222,0.027093596059113302
-0.08537578924893152,0.12195121951219512,0.02702702702702703
-0.08581210766819902,0.12168141592920353,0.02696078431372549
-0.08629230656974096,0.12141280353200883,0.02689486552567237
-0.08656176377402858,0.1211453744493392,0.026829268292682926
-0.08666699666621946,0.12087912087912088,0.0267639902676399
-0.08698130514644342,0.1206140350877193,0.02669902912621359
-0.08710040755613813,0.12035010940919037,0.026634382566585957
-0.08719422334645932,0.12008733624454149,0.026570048309178744
-0.08739629865893717,0.11982570806100218,0.02650602409638554
-0.08804957715525186,0.11956521739130435,0.026442307692307692
-0.08832826514144498,0.1193058568329718,0.026378896882494004
-0.08865659046719099,0.11904761904761904,0.02631578947368421
-0.0888131154978482,0.11879049676025918,0.026252983293556086
-0.08891216575461236,0.11853448275862069,0.02619047619047619
-0.0889474860288515,0.11827956989247312,0.026128266033254157
-0.08926848819192745,0.11802575107296137,0.026066350710900472
-0.08958199772640718,0.11777301927194861,0.026004728132387706
-0.08991684922730458,0.11752136752136752,0.025943396226415096
-0.09043695702792265,0.11727078891257996,0.02588235294117647
-0.09051628871045558,0.11702127659574468,0.025821596244131457
-0.09105429442014623,0.11677282377919321,0.02576112412177986
-0.09108849418094644,0.11652542372881355,0.02570093457943925
-0.09128446753461494,0.11627906976744186,0.02564102564102564
-0.09203134137527424,0.1160337552742616,0.02558139534883721
-0.09221102030658512,0.11578947368421053,0.025522041763341066
-0.09265127433332898,0.11554621848739496,0.02546296296296296
-0.09297653030475406,0.11530398322851153,0.025404157043879907
-0.09337281749511961,0.11506276150627615,0.02534562211981567
-0.09340420951239992,0.11482254697286012,0.02528735632183908
-0.09352223017687766,0.11458333333333333,0.02522935779816514
-0.09361642291938965,0.11434511434511435,0.02517162471395881
-0.09439980894351319,0.11410788381742738,0.02511415525114155
-0.09565105917360173,0.11387163561076605,0.025056947608200455
-0.0958336171695886,0.11363636363636363,0.025
-0.0969394260969545,0.1134020618556701,0.024943310657596373
-0.0973322392556879,0.11316872427983539,0.024886877828054297
-0.09840143935529921,0.11293634496919917,0.024830699774266364
-0.09866832734549913,0.11270491803278689,0.024774774774774775
-0.09884810482812201,0.11247443762781185,0.024719101123595506
-0.09991776739332847,0.11224489795918367,0.02466367713004484
-0.10035655900249951,0.1120162932790224,0.024608501118568233
-0.10035799938429113,0.11178861788617886,0.024553571428571428
-0.10110712620784712,0.11156186612576065,0.024498886414253896
-0.10161300967773279,0.11133603238866396,0.024444444444444446
-0.10174583427333239,0.1111111111111111,0.024390243902439025
-0.10283486127856412,0.11088709677419355,0.024336283185840708
-0.10300805858078022,0.11066398390342053,0.024282560706401765
-0.10373199813716072,0.11044176706827309,0.024229074889867842
-0.10388048038472908,0.11022044088176353,0.024175824175824177
-0.10422750523948032,0.11,0.02412280701754386
-0.10426207999977866,0.10978043912175649,0.024070021881838075
-0.10501531629540262,0.10956175298804781,0.024017467248908297
-0.10545982355724126,0.10934393638170974,0.023965141612200435
-0.10680891116157154,0.10912698412698413,0.02391304347826087
-0.10750464032138263,0.10891089108910891,0.02386117136659436
-0.10766109147378611,0.10869565217391304,0.023809523809523808
-0.10776391788005268,0.10848126232741617,0.023758099352051837
-0.11068199139670432,0.10826771653543307,0.023706896551724137
-0.11156030106921566,0.10805500982318271,0.023655913978494623
-0.11206075447723807,0.10784313725490197,0.023605150214592276
-0.11247918938592694,0.10763209393346379,0.023554603854389723
-0.11398774475782547,0.107421875,0.023504273504273504
-0.1150564103189291,0.10721247563352826,0.023454157782515993
-0.11542129904069887,0.10700389105058365,0.023404255319148935
-0.11639010198489741,0.10679611650485436,0.02335456475583864
-0.11648339116713968,0.1065891472868217,0.023305084745762712
-0.11862975204038717,0.10638297872340426,0.023255813953488372
-0.11897544877689592,0.10617760617760617,0.023206751054852322
-0.11903774663404842,0.10597302504816955,0.023157894736842106
-0.12647519424657006,0.10576923076923077,0.023109243697478993
-0.1269352235616461,0.10556621880998081,0.023060796645702306
-0.12819067481017488,0.1053639846743295,0.02301255230125523
-0.12913411590656843,0.10516252390057361,0.022964509394572025
-0.13003089915208932,0.1049618320610687,0.022916666666666665
-0.1316716411268124,0.10476190476190476,0.02286902286902287
-0.13421516664715538,0.10456273764258556,0.022821576763485476
-0.1520726109957753,0.10436432637571158,0.022774327122153208
0.3655957610769236,0.10416666666666667,0.25
-0.15207261099577532,0.10416666666666667,0.022727272727272728
0.317314101229039,0.10204081632653061,0.2
2.072132592919088,0.0,0.0
0.864263357260046,0.0,0.0
0.5616301353702413,0.0,0.0
0.5193744903194251,0.0,0.0
