pattern_row,fold,label,probability,threshold,prediction
0,0,0,0.0005370064030893882,0.921,0
2,0,0,0.0004128327241216536,0.921,0
3,0,0,0.0106076779074511,0.921,0
4,3,0,0.06537844255701267,0.921,0
5,2,0,0.7796728086740743,0.921,0
6,2,0,0.13228926779969502,0.921,0
7,1,0,0.09930778557338708,0.921,0
8,0,0,0.0042553743108681525,0.921,0
9,1,0,0.11481717313261808,0.921,0
10,0,0,0.001872163024687682,0.921,0
11,0,0,0.0007908845612230404,0.921,0
12,1,0,0.1926669668391387,0.921,0
15,2,0,0.014410349706529229,0.921,0
16,1,0,0.2706545863318392,0.921,0
17,3,0,0.009345905649676004,0.921,0
18,2,0,1.0366339244541159e-05,0.921,0
19,1,0,0.018037101522739067,0.921,0
22,0,0,0.0018545469486557806,0.921,0
23,3,0,0.7049592036428481,0.921,0
24,3,1,0.9901875027106266,0.921,1
25,0,0,0.019825868577879983,0.921,0
26,0,0,0.14051920807608673,0.921,0
27,3,0,0.0008651895091416938,0.921,0
29,0,0,0.011809025411244529,0.921,0
30,1,0,0.012626304785413716,0.921,0
31,0,0,0.004621161082912817,0.921,0
32,2,0,0.0007697054107063505,0.921,0
34,3,0,4.9869766029785055e-06,0.921,0
36,0,0,2.8848865590942956e-14,0.921,0
37,0,0,0.011851099597107293,0.921,0
38,3,0,0.06535309922688337,0.921,0
39,0,0,0.30406646182512775,0.921,0
40,1,1,0.0008834948510680734,0.921,0
41,1,0,0.0005262257677398762,0.921,0
43,0,0,0.052925184286142964,0.921,0
44,3,0,0.8607155199539422,0.921,0
45,0,0,0.9207899501454869,0.921,0
46,0,0,0.004116090891403651,0.921,0
47,2,0,0.0014765460607400198,0.921,0
48,0,1,0.9686570650363816,0.921,1
49,3,0,0.031234429226235677,0.921,0
52,2,1,0.03543156894513659,0.921,0
53,1,1,0.01861606769691448,0.921,0
54,3,1,7.966661956744633e-07,0.921,0
55,0,1,0.5858413013663568,0.921,0
56,2,1,4.755898380566481e-05,0.921,0
58,1,1,0.9995439480636626,0.921,1
59,3,1,0.9874000082526984,0.921,1
60,2,1,0.9993851753731656,0.921,1
62,1,0,0.0021122573612491913,0.921,0
63,3,0,1.2947080303287528e-05,0.921,0
64,3,0,0.005885373591952821,0.921,0
65,2,0,0.004830906783673541,0.921,0
67,3,0,0.058901992153876336,0.921,0
68,3,0,0.3362704605439759,0.921,0
69,2,0,0.0004192683757002119,0.921,0
70,1,0,0.004642069321096723,0.921,0
71,2,0,1.6851423427987566e-05,0.921,0
73,0,0,0.0005318709519549151,0.921,0
74,0,0,0.12947027368207878,0.921,0
77,2,0,0.8012010435195333,0.921,0
79,3,0,7.733483674819255e-07,0.921,0
80,2,0,4.733248073740246e-06,0.921,0
81,2,0,0.040555244587776824,0.921,0
82,3,0,8.975908913171789e-08,0.921,0
83,2,0,4.914260452710516e-05,0.921,0
84,3,0,1.7586760497080833e-07,0.921,0
86,0,0,0.09309529919907915,0.921,0
87,3,0,3.937963796079797e-05,0.921,0
88,0,0,0.03783300834720423,0.921,0
89,3,0,0.0037638012314965357,0.921,0
90,1,0,4.705896697423445e-05,0.921,0
91,2,0,0.00965664914466706,0.921,0
92,3,0,5.318809503328166e-05,0.921,0
93,1,0,7.395448420996138e-05,0.921,0
95,0,0,0.2056993849877646,0.921,0
96,3,0,0.0027243719999753458,0.921,0
97,3,0,0.0007042536186111753,0.921,0
98,3,0,0.11775535865207865,0.921,0
99,2,0,0.00014067916708410252,0.921,0
100,3,0,1.5457550074191784e-09,0.921,0
102,3,0,0.00016691180614657208,0.921,0
103,0,0,0.00023196186315635743,0.921,0
104,2,0,1.267469958265472e-07,0.921,0
106,3,0,0.0007808721443302029,0.921,0
107,0,0,0.017385352043134503,0.921,0
108,2,0,3.5780492433365704e-05,0.921,0
109,2,0,7.894346981750733e-08,0.921,0
110,0,0,0.0026101013122777554,0.921,0
111,1,0,0.0015218711637038425,0.921,0
115,0,0,0.0027076797043703088,0.921,0
117,3,0,0.7640215101462227,0.921,0
118,3,0,2.49464743589439e-05,0.921,0
121,3,0,0.0003210587532956877,0.921,0
122,3,0,0.00014843104763279252,0.921,0
123,0,0,4.388884312813577e-06,0.921,0
124,2,0,8.01842197806492e-07,0.921,0
125,3,0,0.04005547170210716,0.921,0
126,2,0,0.12334015012269726,0.921,0
127,0,0,2.356333845388146e-05,0.921,0
128,1,0,0.00035774336525343394,0.921,0
129,2,0,0.0025769302192355454,0.921,0
130,1,0,0.0008980041981338133,0.921,0
131,3,0,0.00014564368246204292,0.921,0
132,1,0,0.00015669967573855734,0.921,0
133,1,0,6.708186833765856e-05,0.921,0
134,2,0,1.3914734559717451e-05,0.921,0
136,0,0,0.0030022778900260713,0.921,0
137,3,0,0.02258603777577267,0.921,0
138,0,0,0.27675073142264117,0.921,0
139,2,0,0.004541941615158686,0.921,0
140,1,0,4.7050891029673e-05,0.921,0
141,3,0,9.075156573304655e-07,0.921,0
143,1,0,3.2032517789878507e-05,0.921,0
145,0,0,0.0007495697640338715,0.921,0
146,3,0,6.298872538747565e-06,0.921,0
147,1,0,2.914996477833393e-05,0.921,0
150,3,0,1.445596657987358e-06,0.921,0
151,0,0,3.275620068004465e-05,0.921,0
153,0,0,0.00018682528647525457,0.921,0
154,0,0,0.0005174699454175612,0.921,0
155,1,0,0.0012213518764857317,0.921,0
156,0,0,0.0033245535762949545,0.921,0
157,0,0,0.00031554009275033395,0.921,0
158,0,0,0.009178764528996306,0.921,0
159,2,0,0.0017065878473341868,0.921,0
160,1,0,1.6413158643396373e-05,0.921,0
161,1,0,0.00010768311528123632,0.921,0
162,2,0,3.2705680091764462e-06,0.921,0
163,2,0,1.2797320685543762e-07,0.921,0
164,0,0,6.090511785951918e-14,0.921,0
165,2,0,0.0008554424355423679,0.921,0
166,1,0,0.0015476395088761337,0.921,0
167,2,0,1.0082694106221055e-05,0.921,0
168,3,0,0.0017501702104249128,0.921,0
169,2,0,0.00025373977140365656,0.921,0
171,3,0,3.7235095773491304e-06,0.921,0
172,0,0,0.0007077302577452914,0.921,0
173,3,0,4.79939408304757e-06,0.921,0
177,1,0,0.006327026371290322,0.921,0
178,0,0,8.477403686293368e-05,0.921,0
179,0,0,0.0007709672019557176,0.921,0
181,0,0,0.00438809232327855,0.921,0
182,0,0,0.00037931239617780267,0.921,0
183,3,0,0.00058653538028161,0.921,0
184,2,0,0.0006636154863145246,0.921,0
186,0,0,0.0003787385166255794,0.921,0
187,1,0,6.070414838433403e-05,0.921,0
188,0,0,1.9315421249615696e-11,0.921,0
189,0,0,1.0784087755522442e-11,0.921,0
190,2,0,3.3943551706179723e-13,0.921,0
191,2,0,5.060594885356169e-10,0.921,0
192,0,0,3.188797739020629e-09,0.921,0
193,2,0,6.056309035612207e-08,0.921,0
194,1,0,7.806055511221586e-05,0.921,0
195,0,0,2.819222709320742e-12,0.921,0
196,0,0,1.0864336473610647e-11,0.921,0
197,3,0,5.558563027469089e-09,0.921,0
198,0,0,3.056474957182799e-11,0.921,0
199,2,0,9.097003629486641e-09,0.921,0
200,3,0,5.92833887397434e-11,0.921,0
202,0,0,1.070567578610369e-12,0.921,0
204,0,0,4.7395484029114815e-11,0.921,0
206,1,0,7.236204854392589e-07,0.921,0
207,1,0,0.0002667546480592283,0.921,0
208,2,0,1.2251503418715238e-10,0.921,0
209,3,0,9.072554175764964e-08,0.921,0
210,3,0,1.4477492939702449e-09,0.921,0
211,3,0,0.00021154372790977788,0.921,0
212,3,0,3.149484036131175e-07,0.921,0
213,3,0,1.6057255440081468e-07,0.921,0
216,3,0,1.6843018953366538e-11,0.921,0
217,1,0,0.00018960393262042167,0.921,0
218,2,0,1.5881278186614435e-09,0.921,0
220,2,0,1.7118798531951886e-08,0.921,0
221,2,0,2.5169257578659754e-07,0.921,0
222,3,0,4.039954146092337e-09,0.921,0
223,1,0,7.340628420650489e-06,0.921,0
224,3,0,8.520154100935335e-09,0.921,0
225,0,0,9.117106483247316e-12,0.921,0
226,3,0,3.200361614509506e-07,0.921,0
231,1,0,6.862184007503733e-08,0.921,0
232,1,0,2.5235329167517655e-06,0.921,0
233,1,0,1.2928941004181825e-05,0.921,0
234,3,0,1.9708463246926092e-07,0.921,0
235,3,0,6.107161161374092e-07,0.921,0
236,0,0,4.901040531606179e-11,0.921,0
237,3,0,4.861174736716076e-06,0.921,0
238,1,0,2.5331803022576806e-06,0.921,0
239,1,0,1.2852915067856929e-05,0.921,0
241,1,0,2.690766216733606e-05,0.921,0
242,0,0,5.746394217424452e-11,0.921,0
243,2,0,2.646531046412367e-09,0.921,0
245,1,0,4.2630403952227296e-05,0.921,0
246,1,0,4.493567582943912e-07,0.921,0
247,1,0,1.5399708041953836e-05,0.921,0
248,2,0,8.658912837750969e-11,0.921,0
249,3,0,6.536405221630741e-09,0.921,0
250,1,0,6.3335359600909404e-06,0.921,0
251,2,0,1.1030884476764731e-09,0.921,0
252,1,0,1.6786660234789638e-07,0.921,0
253,3,0,2.440118067542643e-07,0.921,0
254,3,0,6.634615844438776e-09,0.921,0
256,3,0,9.486201561529688e-08,0.921,0
258,2,0,1.1301704666723684e-07,0.921,0
259,0,0,7.399226349170318e-10,0.921,0
260,1,0,4.271835950405139e-05,0.921,0
261,3,0,1.0508796600927279e-11,0.921,0
262,3,0,1.4750960702743176e-06,0.921,0
263,2,0,2.5214145079418127e-07,0.921,0
264,3,0,3.1738107411097634e-08,0.921,0
267,0,0,9.073336882145338e-10,0.921,0
268,0,0,4.665411719581489e-12,0.921,0
269,1,0,1.4627462704962472e-07,0.921,0
270,2,0,1.2990846238703658e-08,0.921,0
271,0,0,3.8744499989723734e-10,0.921,0
272,2,0,1.5973921285104308e-08,0.921,0
273,3,0,6.165017710614654e-10,0.921,0
275,1,0,3.826291252721233e-05,0.921,0
276,1,0,5.397581656703907e-05,0.921,0
277,1,0,3.98216664126013e-05,0.921,0
278,1,0,2.919587746132723e-08,0.921,0
279,0,0,1.2189356761836403e-08,0.921,0
280,3,0,1.5966955786427603e-08,0.921,0
282,0,0,1.9358676041661277e-08,0.921,0
285,0,0,3.5369443564769646e-11,0.921,0
286,0,0,9.584264206096418e-10,0.921,0
288,2,0,2.3135082229618744e-07,0.921,0
289,1,0,2.001972202667597e-06,0.921,0
291,3,0,3.105693389397229e-07,0.921,0
292,3,0,1.8542330484118746e-06,0.921,0
293,1,0,1.9501584406626212e-05,0.921,0
294,2,0,1.0768419837476734e-08,0.921,0
295,1,0,6.6607252744375455e-06,0.921,0
296,3,0,5.65035316643941e-08,0.921,0
297,1,0,1.6703071916349487e-06,0.921,0
298,0,0,1.0875589688188416e-11,0.921,0
299,1,0,8.418838907136797e-08,0.921,0
300,1,0,3.104756172296634e-05,0.921,0
301,1,0,6.235656436258402e-08,0.921,0
303,1,0,1.7759321282610315e-05,0.921,0
304,0,0,2.847610652541065e-09,0.921,0
305,0,0,1.1773189274909688e-10,0.921,0
307,3,0,2.4414592844669778e-08,0.921,0
308,0,0,1.748505312805628e-10,0.921,0
310,3,0,5.404245583045513e-09,0.921,0
311,1,0,0.0003137583649315855,0.921,0
312,2,0,1.0306969347613895e-07,0.921,0
313,0,0,2.838703994062211e-07,0.921,0
314,1,0,1.2527102684249772e-05,0.921,0
315,2,0,8.693527422170492e-06,0.921,0
316,3,0,2.0856628490493258e-10,0.921,0
317,3,0,9.746218462126715e-09,0.921,0
318,2,0,3.546424389500963e-08,0.921,0
319,0,0,2.0518361975252123e-09,0.921,0
320,2,0,4.747258568575151e-05,0.921,0
321,0,0,6.337273986064274e-09,0.921,0
323,0,0,9.169887580944661e-10,0.921,0
324,0,0,4.980753840262721e-08,0.921,0
325,1,0,6.464347308335418e-07,0.921,0
326,1,0,4.1699491589790136e-08,0.921,0
328,1,0,2.3900767204535787e-08,0.921,0
330,1,0,3.800123190135914e-06,0.921,0
331,1,0,1.4160632271569399e-05,0.921,0
332,0,0,7.772916261098935e-08,0.921,0
333,2,0,7.395428297037972e-05,0.921,0
334,3,0,1.1315512264351509e-08,0.921,0
335,3,0,5.184400777475312e-12,0.921,0
336,2,0,5.541556054190624e-10,0.921,0
337,2,0,1.1754558953086315e-06,0.921,0
338,2,0,3.6369646265727106e-06,0.921,0
339,3,0,3.319183395092138e-05,0.921,0
340,2,0,8.20810506148623e-08,0.921,0
342,1,0,5.2743225913845946e-05,0.921,0
343,2,0,0.00033837877843926527,0.921,0
345,1,0,0.0006200293310471394,0.921,0
346,3,0,2.977657175630655e-09,0.921,0
347,1,0,5.507198882573245e-07,0.921,0
348,1,0,1.6145198048271192e-07,0.921,0
349,3,0,8.954631758759771e-05,0.921,0
350,2,0,4.158848783265906e-08,0.921,0
352,2,0,1.8489068738325917e-06,0.921,0
354,3,0,1.291550948570235e-06,0.921,0
355,2,0,2.481878270149744e-05,0.921,0
356,2,0,6.220490583728363e-12,0.921,0
358,2,0,1.9555109498688754e-06,0.921,0
360,2,0,0.004209934761813401,0.921,0
361,2,0,8.582739133673996e-07,0.921,0
362,0,0,1.6133959280439104e-08,0.921,0
363,1,0,3.277953361231286e-05,0.921,0
364,2,0,6.572171394147756e-07,0.921,0
365,2,0,1.6786857868446476e-07,0.921,0
366,2,0,3.4514462175221504e-06,0.921,0
367,3,0,3.7185261147389826e-06,0.921,0
368,2,0,3.255435947768738e-05,0.921,0
369,1,0,3.6201370440597776e-06,0.921,0
370,2,0,2.2000840040394238e-06,0.921,0
371,1,0,0.0005156472524728055,0.921,0
372,1,0,7.600295969832666e-07,0.921,0
374,1,0,0.009292178586893579,0.921,0
375,2,0,1.4792312781763598e-06,0.921,0
376,1,0,0.001580778895075602,0.921,0
377,0,0,1.6155740261093627e-08,0.921,0
378,1,0,2.1333754918292244e-07,0.921,0
379,3,0,0.00022907518674268625,0.921,0
381,1,0,0.002698535293152343,0.921,0
382,3,0,7.514912119524369e-06,0.921,0
383,3,0,1.969884448016149e-09,0.921,0
384,1,0,2.075590889884653e-06,0.921,0
385,2,0,1.7917398315591127e-08,0.921,0
387,3,0,1.121584850986397e-05,0.921,0
388,0,0,5.50844034774314e-06,0.921,0
389,2,0,7.538048715481205e-09,0.921,0
390,3,0,8.178595884041969e-11,0.921,0
391,1,0,1.787693649859596e-06,0.921,0
394,3,0,2.436510393797229e-08,0.921,0
395,0,0,2.6921346443492604e-07,0.921,0
396,3,0,1.8768266562698353e-09,0.921,0
397,0,0,1.9316380300003254e-09,0.921,0
398,2,0,2.684658608570403e-08,0.921,0
400,0,0,2.6370788691423036e-08,0.921,0
402,2,0,6.512146026735849e-06,0.921,0
404,1,0,7.383066856968455e-08,0.921,0
406,1,0,2.1799007945591216e-09,0.921,0
407,0,0,9.11283770025093e-08,0.921,0
408,0,0,1.3255210490125165e-05,0.921,0
409,0,0,4.813023432192783e-06,0.921,0
410,1,0,0.000161120654428192,0.921,0
411,1,0,6.977335668819652e-07,0.921,0
412,3,0,2.217314318470677e-09,0.921,0
413,2,0,8.782319971842802e-06,0.921,0
414,1,0,2.8606959755508894e-06,0.921,0
416,0,0,9.348723797881435e-08,0.921,0
417,0,0,3.098903800710487e-08,0.921,0
418,2,0,3.5736089592112e-06,0.921,0
419,2,0,7.262936752799829e-06,0.921,0
421,3,0,1.1712733810613035e-08,0.921,0
422,1,0,4.1169506897363095e-06,0.921,0
423,0,0,1.7915922712097177e-06,0.921,0
424,3,0,1.092096353125192e-10,0.921,0
425,1,0,3.812357302647371e-07,0.921,0
426,2,0,5.716437408566864e-10,0.921,0
428,2,0,4.446616573487464e-06,0.921,0
429,3,0,0.0005189983476970487,0.921,0
430,0,0,5.296024330341979e-07,0.921,0
433,2,0,3.568519713727417e-09,0.921,0
434,3,0,4.797449843454936e-06,0.921,0
435,0,0,1.625412764747564e-05,0.921,0
436,1,0,1.8552979704127237e-07,0.921,0
437,3,0,6.054205552825259e-09,0.921,0
438,1,0,3.708746586090469e-06,0.921,0
439,1,0,0.0007200169567774961,0.921,0
440,0,0,9.987836032765108e-08,0.921,0
442,2,0,0.0006470008665600863,0.921,0
443,1,0,3.8112346600469885e-07,0.921,0
445,0,0,1.098010923169913e-05,0.921,0
446,0,0,1.975374001674262e-07,0.921,0
447,0,0,2.1719959546278543e-06,0.921,0
448,2,0,6.733864488139989e-06,0.921,0
450,2,0,1.4828002114845548e-05,0.921,0
451,1,0,6.887143024287372e-05,0.921,0
452,3,0,8.209787831806258e-10,0.921,0
453,0,0,1.6454236471348467e-07,0.921,0
454,3,0,5.890032409341873e-11,0.921,0
455,1,0,1.2092159548299234e-06,0.921,0
456,2,0,1.8459858618515585e-06,0.921,0
457,2,0,2.4411372838546326e-05,0.921,0
458,1,0,0.0016013889314322395,0.921,0
459,3,0,2.927162486948367e-06,0.921,0
460,1,0,0.0004574565566996018,0.921,0
461,0,0,3.041355998250767e-06,0.921,0
463,1,0,2.5033318372966216e-06,0.921,0
464,1,0,0.000694715804893452,0.921,0
465,3,0,2.3984818200306913e-09,0.921,0
466,0,0,2.7330764069221763e-07,0.921,0
467,2,0,2.186240564757806e-08,0.921,0
470,3,0,2.873746035274865e-06,0.921,0
471,0,0,1.89471992992676e-05,0.921,0
474,2,0,3.651550580113628e-05,0.921,0
476,0,0,0.00013500894863867601,0.921,0
477,1,0,2.31079111896662e-06,0.921,0
478,0,0,0.0030361905832227976,0.921,0
479,3,0,1.6322394195513606e-06,0.921,0
481,3,0,4.392449638233831e-10,0.921,0
482,1,0,2.311629718280648e-06,0.921,0
483,2,0,8.259966529622083e-07,0.921,0
484,3,0,3.557825011271e-08,0.921,0
486,3,0,0.0036999234650722133,0.921,0
487,2,0,7.619086715137175e-06,0.921,0
491,1,0,1.7488826341303082e-05,0.921,0
492,1,0,8.112254134402608e-06,0.921,0
493,1,0,2.2344179726397912e-06,0.921,0
494,2,0,1.3580205871792507e-07,0.921,0
495,3,0,9.181585659244113e-08,0.921,0
496,2,0,2.3230698363653407e-08,0.921,0
497,3,0,8.187904727370475e-08,0.921,0
499,3,0,3.4345480949353035e-09,0.921,0
500,2,0,1.6650734094297058e-07,0.921,0
501,2,0,9.569269023823135e-08,0.921,0
502,2,0,8.707842270990776e-06,0.921,0
504,1,0,7.819949234041616e-07,0.921,0
507,1,0,5.924602883132317e-05,0.921,0
508,0,0,0.00019615200376517405,0.921,0
509,1,0,2.1915715883385852e-08,0.921,0
510,1,0,7.922985171648485e-06,0.921,0
511,2,0,2.0814643306103143e-10,0.921,0
513,2,0,2.289619631551509e-06,0.921,0
514,0,0,0.00042573208709825836,0.921,0
515,0,0,0.004514334816717958,0.921,0
516,3,0,0.0009097906788019359,0.921,0
517,0,0,0.0014741453382896748,0.921,0
519,3,0,1.671061778828551e-07,0.921,0
520,3,0,1.8211473279822324e-05,0.921,0
521,0,0,0.00014382994757524572,0.921,0
523,0,0,0.0031171840683987175,0.921,0
525,1,0,0.0003904201362163411,0.921,0
526,0,0,0.0069494163883896945,0.921,0
527,2,0,1.1693490801273249e-06,0.921,0
528,3,0,2.2564905626244893e-09,0.921,0
529,0,0,0.0010536728243164912,0.921,0
530,2,0,7.288285984368076e-06,0.921,0
532,3,0,9.178793070318543e-08,0.921,0
533,0,0,0.0026921764708638224,0.921,0
534,2,0,1.626578734014903e-05,0.921,0
535,2,0,0.00419028576642563,0.921,0
536,2,0,6.528924266363954e-06,0.921,0
537,0,0,0.000471745258279053,0.921,0
538,2,0,5.447795436829621e-07,0.921,0
539,0,0,0.00037543301408783484,0.921,0
541,3,0,4.6121995038932315e-09,0.921,0
542,2,0,1.1883415347536313e-08,0.921,0
543,1,0,1.2642786345967787e-05,0.921,0
544,2,0,4.639215395489455e-06,0.921,0
545,3,0,5.8192871081060555e-05,0.921,0
546,1,0,3.282380748236757e-05,0.921,0
547,2,0,0.00010375380883175753,0.921,0
548,3,0,2.330780876224714e-12,0.921,0
549,2,0,1.9930932860753567e-08,0.921,0
550,2,0,0.007927937637496319,0.921,0
551,0,0,0.0002728571174696528,0.921,0
553,3,0,1.9053690736355368e-07,0.921,0
555,0,0,2.789821165023307e-05,0.921,0
556,1,0,7.769277354787586e-06,0.921,0
557,1,0,0.0003340142754182633,0.921,0
558,3,0,3.035021165201066e-05,0.921,0
559,1,0,5.6038654906420274e-05,0.921,0
560,1,0,0.0006833227343326542,0.921,0
561,0,0,1.1210473872333876e-05,0.921,0
562,0,0,1.1470244341148121e-05,0.921,0
563,2,0,1.4428744532747046e-05,0.921,0
564,1,0,0.00011131544626062299,0.921,0
566,2,0,1.595740279674889e-05,0.921,0
567,0,0,5.095841802070361e-06,0.921,0
568,2,0,4.61041807050559e-08,0.921,0
569,1,0,0.002929616724836935,0.921,0
570,2,0,7.768244600466639e-05,0.921,0
571,3,0,0.00019534272120181695,0.921,0
572,1,0,5.452180119088851e-06,0.921,0
573,3,0,3.847664602324951e-10,0.921,0
575,2,0,4.964656410945725e-09,0.921,0
576,3,0,3.657781834058268e-06,0.921,0
578,2,0,0.0009920019602157517,0.921,0
579,2,0,0.0002431855015910799,0.921,0
580,2,0,1.3580175243921365e-07,0.921,0
581,1,0,1.670189116822859e-05,0.921,0
582,1,0,0.0003105793402934565,0.921,0
583,1,0,4.1152964758929824e-05,0.921,0
584,3,0,3.367307720621285e-07,0.921,0
585,0,0,0.00016628831813022554,0.921,0
586,3,0,3.8199344915785476e-06,0.921,0
587,0,0,6.5848976548935135e-06,0.921,0
590,3,0,6.623008053667253e-05,0.921,0
592,2,0,4.6481171398965344e-06,0.921,0
593,1,0,0.00048129947272829816,0.921,0
594,1,0,0.00013523470221366195,0.921,0
595,3,0,1.751193181135554e-05,0.921,0
596,0,0,0.0018667780607766792,0.921,0
597,1,0,3.2136808638294057e-06,0.921,0
598,0,0,5.238210755194243e-05,0.921,0
599,0,0,8.066340475541056e-06,0.921,0
601,2,0,3.308396605057935e-07,0.921,0
602,2,0,6.7913126939955855e-06,0.921,0
604,3,0,5.192386439286174e-07,0.921,0
605,0,0,5.300986597203104e-17,0.921,0
