cluster,G1,G2,G3,G4,representation,method
0,3,213,5,0,supplied_23,Ward
1,0,28,337,5,supplied_23,Ward
0,0,6,218,5,supplied_23,KMedoids
1,3,235,124,0,supplied_23,KMedoids
0,3,225,45,0,supplied_23,KMeans
1,0,16,297,5,supplied_23,KMeans
0,3,209,6,0,rank_23,Ward
1,0,32,336,5,rank_23,Ward
0,3,236,109,0,rank_23,KMedoids
1,0,5,233,5,rank_23,KMedoids
0,3,225,59,0,rank_23,KMeans
1,0,16,283,5,rank_23,KMeans
0,3,214,90,0,rank_21,Ward
1,0,27,252,5,rank_21,Ward
0,0,4,249,5,rank_21,KMedoids
1,3,237,93,0,rank_21,KMedoids
0,0,12,298,5,rank_21,KMeans
1,3,229,44,0,rank_21,KMeans
