variable,interval,reference_patterns,reference_risks,observed_risk_history_rate,reference_wilson95,evaluation_patterns,evaluation_risks,evaluation_wilson95,evaluation_support,reference_average,above_reference_average,status,guidance
Injection_Time,-0.029099449053866445,467,20,0.042826552462526764,"[0.02789214942510754, 0.0652208464663393]",116,,"[None, None]",insufficient_support,0.0423728813559322,True,descriptive_only,관측 위험 이력 구간; 불량 발생 보장/원인 아님
Injection_Time,-8.627730385041827,1,0,0.0,"[0.0, 0.7934506856227626]",2,,"[None, None]",insufficient_support,0.0423728813559322,False,insufficient_support,표본 부족 또는 미관측; 안전/불량 범위 확정 불가
Injection_Time,8.569633990700348,4,0,0.0,"[0.0, 0.4898908364545973]",1,,"[None, None]",insufficient_support,0.0423728813559322,False,insufficient_support,표본 부족 또는 미관측; 안전/불량 범위 확정 불가
Filling_Time,-1.1925314031676417,199,10,0.05025125628140704,"[0.027521394363559718, 0.09001601125019734]",45,,"[None, None]",insufficient_support,0.0423728813559322,True,descriptive_only,관측 위험 이력 구간; 불량 발생 보장/원인 아님
Filling_Time,0.8385523411322893,273,10,0.03663003663003663,"[0.020016278980840557, 0.06610326005877948]",74,,"[None, None]",insufficient_support,0.0423728813559322,False,descriptive_only,관측 위험 이력 구간; 불량 발생 보장/원인 아님
Plasticizing_Time,"[-0.042537931, 0.18194186)",45,2,0.044444444444444446,"[0.012274126706719846, 0.14827510769435623]",16,,"[None, None]",insufficient_support,0.0423728813559322,True,insufficient_support,표본 부족 또는 미관측; 안전/불량 범위 확정 불가
Plasticizing_Time,"[-0.26701772, -0.042537931)",42,0,0.0,"[0.0, 0.08379879086570391]",15,,"[None, None]",insufficient_support,0.0423728813559322,False,insufficient_support,표본 부족 또는 미관측; 안전/불량 범위 확정 불가
Plasticizing_Time,"[-0.49149752, -0.26701772)",49,3,0.061224489795918366,"[0.02104014667296747, 0.16520487835726402]",13,,"[None, None]",insufficient_support,0.0423728813559322,True,insufficient_support,표본 부족 또는 미관측; 안전/불량 범위 확정 불가
Plasticizing_Time,"[-0.71595591, -0.49149752)",45,3,0.06666666666666667,"[0.022932032599250987, 0.17856601963591895]",3,,"[None, None]",insufficient_support,0.0423728813559322,True,insufficient_support,표본 부족 또는 미관측; 안전/불량 범위 확정 불가
Plasticizing_Time,"[-1.1649155, -0.71595591)",54,2,0.037037037037037035,"[0.01021636794844559, 0.12535176917275476]",16,,"[None, None]",insufficient_support,0.0423728813559322,False,insufficient_support,표본 부족 또는 미관측; 안전/불량 범위 확정 불가
Plasticizing_Time,"[-2.7362312, -1.1649155)",36,0,0.0,"[0.0, 0.09641862859446367]",10,,"[None, None]",insufficient_support,0.0423728813559322,False,insufficient_support,표본 부족 또는 미관측; 안전/불량 범위 확정 불가
Plasticizing_Time,"[0.18194186, 0.40640025)",36,1,0.027777777777777776,"[0.004920407139810443, 0.14169718653273855]",9,,"[None, None]",insufficient_support,0.0423728813559322,False,insufficient_support,표본 부족 또는 미관측; 안전/불량 범위 확정 불가
Plasticizing_Time,"[0.40640025, 0.85535984)",65,4,0.06153846153846154,"[0.024189054966350286, 0.1478215186552319]",15,,"[None, None]",insufficient_support,0.0423728813559322,True,insufficient_support,표본 부족 또는 미관측; 안전/불량 범위 확정 불가
Plasticizing_Time,"[0.85535984, 1.304298)",47,3,0.06382978723404255,"[0.021945385205433238, 0.17162614183124436]",11,,"[None, None]",insufficient_support,0.0423728813559322,True,insufficient_support,표본 부족 또는 미관측; 안전/불량 범위 확정 불가
Plasticizing_Time,"[1.304298, 3.7735329]",53,2,0.03773584905660377,"[0.010410287275826845, 0.12754287197418354]",11,,"[None, None]",insufficient_support,0.0423728813559322,False,insufficient_support,표본 부족 또는 미관측; 안전/불량 범위 확정 불가
Cycle_Time,-0.024546231446629645,2,0,0.0,"[0.0, 0.6576197724933469]",0,,"[None, None]",insufficient_support,0.0423728813559322,False,insufficient_support,표본 부족 또는 미관측; 안전/불량 범위 확정 불가
Cycle_Time,-0.2987077097782125,89,3,0.033707865168539325,"[0.011529221151789802, 0.09447362440561424]",21,,"[None, None]",insufficient_support,0.0423728813559322,False,insufficient_support,표본 부족 또는 미관측; 안전/불량 범위 확정 불가
Cycle_Time,-0.846821542506724,57,2,0.03508771929824561,"[0.009675664344932881, 0.11920781367625805]",14,,"[None, None]",insufficient_support,0.0423728813559322,False,insufficient_support,표본 부족 또는 미관측; 안전/불량 범위 확정 불가
Cycle_Time,-1.120983020838307,1,0,0.0,"[0.0, 0.7934506856227626]",0,,"[None, None]",insufficient_support,0.0423728813559322,False,insufficient_support,표본 부족 또는 미관측; 안전/불량 범위 확정 불가
Cycle_Time,-1.3950399372025626,20,0,0.0,"[0.0, 0.16112515805281938]",9,,"[None, None]",insufficient_support,0.0423728813559322,False,insufficient_support,표본 부족 또는 미관측; 안전/불량 범위 확정 불가
Cycle_Time,0.24951068491762612,300,15,0.05,"[0.03053164062934728, 0.08084703347274415]",71,,"[None, None]",insufficient_support,0.0423728813559322,True,descriptive_only,관측 위험 이력 구간; 불량 발생 보장/원인 아님
Cycle_Time,0.7977290796134647,1,0,0.0,"[0.0, 0.7934506856227626]",1,,"[None, None]",insufficient_support,0.0423728813559322,False,insufficient_support,표본 부족 또는 미관측; 안전/불량 범위 확정 불가
Cycle_Time,11.761887849595583,1,0,0.0,"[0.0, 0.7934506856227626]",2,,"[None, None]",insufficient_support,0.0423728813559322,False,insufficient_support,표본 부족 또는 미관측; 안전/불량 범위 확정 불가
Cycle_Time,5.731590069908686,1,0,0.0,"[0.0, 0.7934506856227626]",0,,"[None, None]",insufficient_support,0.0423728813559322,False,insufficient_support,표본 부족 또는 미관측; 안전/불량 범위 확정 불가
Cycle_Time,unseen,0,0,,"[None, None]",1,,"[None, None]",insufficient_support,0.0423728813559322,False,insufficient_support,표본 부족 또는 미관측; 안전/불량 범위 확정 불가
Clamp_Close_Time,-0.38678982241038173,199,8,0.04020100502512563,"[0.020508874081002593, 0.07730869702133004]",55,,"[None, None]",insufficient_support,0.0423728813559322,False,descriptive_only,관측 위험 이력 구간; 불량 발생 보장/원인 아님
Clamp_Close_Time,-1.8067254988278127,73,2,0.0273972602739726,"[0.007545758679607641, 0.09450148171690531]",15,,"[None, None]",insufficient_support,0.0423728813559322,False,insufficient_support,표본 부족 또는 미관측; 안전/불량 범위 확정 불가
Clamp_Close_Time,1.0330781477474453,200,10,0.05,"[0.02738264560076393, 0.08957814813877599]",49,,"[None, None]",insufficient_support,0.0423728813559322,True,descriptive_only,관측 위험 이력 구간; 불량 발생 보장/원인 아님
Cushion_Position,-0.31705541006768895,122,3,0.02459016393442623,"[0.00839762036022058, 0.06980759843589]",31,,"[None, None]",insufficient_support,0.0423728813559322,False,insufficient_support,표본 부족 또는 미관측; 안전/불량 범위 확정 불가
Cushion_Position,-1.1144367268032296,99,3,0.030303030303030304,"[0.010358639578454044, 0.08533680206102018]",26,,"[None, None]",insufficient_support,0.0423728813559322,False,insufficient_support,표본 부족 또는 미관측; 안전/불량 범위 확정 불가
Cushion_Position,-1.9118180435387702,26,1,0.038461538461538464,"[0.006821984993543487, 0.18892778903034757]",6,,"[None, None]",insufficient_support,0.0423728813559322,False,insufficient_support,표본 부족 또는 미관측; 안전/불량 범위 확정 불가
Cushion_Position,0.48032590666785163,131,9,0.06870229007633588,"[0.0365625456507617, 0.1254162627344092]",36,,"[None, None]",insufficient_support,0.0423728813559322,True,descriptive_only,관측 위험 이력 구간; 불량 발생 보장/원인 아님
Cushion_Position,1.2777072234033922,71,4,0.056338028169014086,"[0.022124519301696642, 0.13609605799976943]",15,,"[None, None]",insufficient_support,0.0423728813559322,True,insufficient_support,표본 부족 또는 미관측; 안전/불량 범위 확정 불가
Cushion_Position,2.0750885401389327,22,0,0.0,"[0.0, 0.14865487460862087]",5,,"[None, None]",insufficient_support,0.0423728813559322,False,insufficient_support,표본 부족 또는 미관측; 안전/불량 범위 확정 불가
Cushion_Position,2.8676077756748666,1,0,0.0,"[0.0, 0.7934506856227626]",0,,"[None, None]",insufficient_support,0.0423728813559322,False,insufficient_support,표본 부족 또는 미관측; 안전/불량 범위 확정 불가
Plasticizing_Position,-0.19292753629832982,107,4,0.037383177570093455,"[0.014631899269525926, 0.09220049852352191]",33,,"[None, None]",insufficient_support,0.0423728813559322,False,insufficient_support,표본 부족 또는 미관측; 안전/불량 범위 확정 불가
Plasticizing_Position,-0.974520563532816,97,6,0.061855670103092786,"[0.028654885715718267, 0.1284378319616586]",22,,"[None, None]",insufficient_support,0.0423728813559322,True,descriptive_only,관측 위험 이력 구간; 불량 발생 보장/원인 아님
Plasticizing_Position,-1.7558155003678992,47,2,0.0425531914893617,"[0.011748275966789345, 0.1424852767789945]",11,,"[None, None]",insufficient_support,0.0423728813559322,True,insufficient_support,표본 부족 또는 미관측; 안전/불량 범위 확정 불가
Plasticizing_Position,0.5883674005367534,143,7,0.04895104895104895,"[0.02391143972946798, 0.09759006920391887]",36,,"[None, None]",insufficient_support,0.0423728813559322,True,descriptive_only,관측 위험 이력 구간; 불량 발생 보장/원인 아님
Plasticizing_Position,1.3696623373718366,66,1,0.015151515151515152,"[0.0026796405439821064, 0.08095920262066399]",13,,"[None, None]",insufficient_support,0.0423728813559322,False,insufficient_support,표본 부족 또는 미관측; 안전/불량 범위 확정 불가
Plasticizing_Position,2.151255364606323,11,0,0.0,"[0.0, 0.2588329669680317]",2,,"[None, None]",insufficient_support,0.0423728813559322,False,insufficient_support,표본 부족 또는 미관측; 안전/불량 범위 확정 불가
Plasticizing_Position,2.932550301441406,1,0,0.0,"[0.0, 0.7934506856227626]",1,,"[None, None]",insufficient_support,0.0423728813559322,False,insufficient_support,표본 부족 또는 미관측; 안전/불량 범위 확정 불가
Plasticizing_Position,unseen,0,0,,"[None, None]",1,,"[None, None]",insufficient_support,0.0423728813559322,False,insufficient_support,표본 부족 또는 미관측; 안전/불량 범위 확정 불가
Clamp_Open_Position,0.0,472,20,0.0423728813559322,"[0.027594899901470956, 0.06453969242545446]",119,,"[None, None]",insufficient_support,0.0423728813559322,False,descriptive_only,관측 위험 이력 구간; 불량 발생 보장/원인 아님
Max_Injection_Speed,-0.16738380741894748,121,0,0.0,"[0.0, 0.03077069794747827]",36,,"[None, None]",insufficient_support,0.0423728813559322,False,insufficient_support,표본 부족 또는 미관측; 안전/불량 범위 확정 불가
Max_Injection_Speed,-0.9522929891607599,97,5,0.05154639175257732,"[0.022216051037510606, 0.11504355411462804]",23,,"[None, None]",insufficient_support,0.0423728813559322,True,descriptive_only,관측 위험 이력 구간; 불량 발생 보장/원인 아님
Max_Injection_Speed,-1.737321949505005,44,1,0.022727272727272728,"[0.004023252060053224, 0.11807709698213287]",13,,"[None, None]",insufficient_support,0.0423728813559322,False,insufficient_support,표본 부족 또는 미관측; 안전/불량 범위 확정 불가
Max_Injection_Speed,-2.5222910205480336,1,0,0.0,"[0.0, 0.7934506856227626]",1,,"[None, None]",insufficient_support,0.0423728813559322,False,insufficient_support,표본 부족 또는 미관측; 안전/불량 범위 확정 불가
Max_Injection_Speed,0.6176451529252976,133,11,0.08270676691729323,"[0.04680842545348757, 0.14203389648166997]",27,,"[None, None]",insufficient_support,0.0423728813559322,True,descriptive_only,관측 위험 이력 구간; 불량 발생 보장/원인 아님
Max_Injection_Speed,1.40255433466711,66,3,0.045454545454545456,"[0.015578274334433505, 0.1253331411324222]",13,,"[None, None]",insufficient_support,0.0423728813559322,True,insufficient_support,표본 부족 또는 미관측; 안전/불량 범위 확정 불가
Max_Injection_Speed,2.187583295011355,10,0,0.0,"[0.0, 0.2775327998628892]",6,,"[None, None]",insufficient_support,0.0423728813559322,False,insufficient_support,표본 부족 또는 미관측; 안전/불량 범위 확정 불가
Max_Screw_RPM,-0.6657520460385278,201,9,0.04477611940298507,"[0.02373298081625277, 0.08289318239523275]",52,,"[None, None]",insufficient_support,0.0423728813559322,True,descriptive_only,관측 위험 이력 구간; 불량 발생 보장/원인 아님
Max_Screw_RPM,-2.0085875478583746,36,1,0.027777777777777776,"[0.004920407139810443, 0.14169718653273855]",9,,"[None, None]",insufficient_support,0.0423728813559322,False,insufficient_support,표본 부족 또는 미관측; 안전/불량 범위 확정 불가
Max_Screw_RPM,0.6771090687267264,198,8,0.04040404040404041,"[0.020613166178095263, 0.07768903068781369]",50,,"[None, None]",insufficient_support,0.0423728813559322,False,descriptive_only,관측 위험 이력 구간; 불량 발생 보장/원인 아님
Max_Screw_RPM,2.0199701834919805,37,2,0.05405405405405406,"[0.014950976833157673, 0.17704654350813104]",8,,"[None, None]",insufficient_support,0.0423728813559322,True,insufficient_support,표본 부족 또는 미관측; 안전/불량 범위 확정 불가
Average_Screw_RPM,-0.4217977735906751,282,12,0.0425531914893617,"[0.024507148927052715, 0.07289460285367419]",63,,"[None, None]",insufficient_support,0.0423728813559322,True,descriptive_only,관측 위험 이력 구간; 불량 발생 보장/원인 아님
Average_Screw_RPM,-1.9605785402082005,40,1,0.025,"[0.0044268315026814095, 0.1288136896347409]",10,,"[None, None]",insufficient_support,0.0423728813559322,False,insufficient_support,표본 부족 또는 미관측; 안전/불량 범위 확정 불가
Average_Screw_RPM,1.1169829930268504,137,6,0.043795620437956206,"[0.020224162577653616, 0.09225307923267126]",43,,"[None, None]",insufficient_support,0.0423728813559322,True,descriptive_only,관측 위험 이력 구간; 불량 발생 보장/원인 아님
Average_Screw_RPM,2.655763759644376,13,1,0.07692307692307693,"[0.013710421242556586, 0.3331395092109959]",3,,"[None, None]",insufficient_support,0.0423728813559322,True,insufficient_support,표본 부족 또는 미관측; 안전/불량 범위 확정 불가
Max_Injection_Pressure,-0.10880187181629318,95,3,0.031578947368421054,"[0.010797139474424379, 0.08877098647308188]",31,,"[None, None]",insufficient_support,0.0423728813559322,False,insufficient_support,표본 부족 또는 미관측; 안전/불량 범위 확정 불가
Max_Injection_Pressure,-0.7652217551830952,89,5,0.056179775280898875,"[0.024232878420720118, 0.12485416735078494]",21,,"[None, None]",insufficient_support,0.0423728813559322,True,descriptive_only,관측 위험 이력 구간; 불량 발생 보장/원인 아님
Max_Injection_Pressure,-1.4216416385498971,57,5,0.08771929824561403,"[0.03805167177792225, 0.18944877099558666]",10,,"[None, None]",insufficient_support,0.0423728813559322,True,descriptive_only,관측 위험 이력 구간; 불량 발생 보장/원인 아님
Max_Injection_Pressure,-2.0779613663043452,11,0,0.0,"[0.0, 0.2588329669680317]",3,,"[None, None]",insufficient_support,0.0423728813559322,False,insufficient_support,표본 부족 또는 미관측; 안전/불량 범위 확정 불가
Max_Injection_Pressure,-2.7343812496711473,4,0,0.0,"[0.0, 0.4898908364545973]",2,,"[None, None]",insufficient_support,0.0423728813559322,False,insufficient_support,표본 부족 또는 미관측; 안전/불량 범위 확정 불가
Max_Injection_Pressure,-3.3907009774255954,1,0,0.0,"[0.0, 0.7934506856227626]",0,,"[None, None]",insufficient_support,0.0423728813559322,False,insufficient_support,표본 부족 또는 미관측; 안전/불량 범위 확정 불가
Max_Injection_Pressure,0.547517855938155,116,4,0.034482758620689655,"[0.013489827564938467, 0.08531954055541482]",33,,"[None, None]",insufficient_support,0.0423728813559322,False,insufficient_support,표본 부족 또는 미관측; 안전/불량 범위 확정 불가
Max_Injection_Pressure,1.203937739304957,77,2,0.025974025974025976,"[0.007152159807893181, 0.08984582779753134]",14,,"[None, None]",insufficient_support,0.0423728813559322,False,insufficient_support,표본 부족 또는 미관측; 안전/불량 범위 확정 불가
Max_Injection_Pressure,1.8602574670594052,22,1,0.045454545454545456,"[0.00806942762126385, 0.21798045838657332]",4,,"[None, None]",insufficient_support,0.0423728813559322,True,insufficient_support,표본 부족 또는 미관측; 안전/불량 범위 확정 불가
Max_Injection_Pressure,unseen,0,0,,"[None, None]",1,,"[None, None]",insufficient_support,0.0423728813559322,False,insufficient_support,표본 부족 또는 미관측; 안전/불량 범위 확정 불가
Max_Switch_Over_Pressure,"[-0.13438708, 0.075728684)",55,3,0.05454545454545454,"[0.01872321555468448, 0.14853060544053792]",10,,"[None, None]",insufficient_support,0.0423728813559322,True,insufficient_support,표본 부족 또는 미관측; 안전/불량 범위 확정 불가
Max_Switch_Over_Pressure,"[-0.34448682, -0.13438708)",38,1,0.02631578947368421,"[0.004660587685768783, 0.1349487611595213]",12,,"[None, None]",insufficient_support,0.0423728813559322,False,insufficient_support,표본 부족 또는 미관측; 안전/불량 범위 확정 불가
Max_Switch_Over_Pressure,"[-0.55458656, -0.34448682)",46,3,0.06521739130434782,"[0.022427861429288584, 0.17502741081904216]",10,,"[None, None]",insufficient_support,0.0423728813559322,True,insufficient_support,표본 부족 또는 미관측; 안전/불량 범위 확정 불가
Max_Switch_Over_Pressure,"[-0.76468629, -0.55458656)",34,2,0.058823529411764705,"[0.016282655210122746, 0.19093606904280996]",7,,"[None, None]",insufficient_support,0.0423728813559322,True,insufficient_support,표본 부족 또는 미관측; 안전/불량 범위 확정 불가
Max_Switch_Over_Pressure,"[-13.160763, -0.76468629)",36,1,0.027777777777777776,"[0.004920407139810443, 0.14169718653273855]",11,,"[None, None]",insufficient_support,0.0423728813559322,False,insufficient_support,표본 부족 또는 미관측; 안전/불량 범위 확정 불가
Max_Switch_Over_Pressure,"[0.075728684, 0.28582842)",67,4,0.05970149253731343,"[0.023459351139819028, 0.14369501041371535]",16,,"[None, None]",insufficient_support,0.0423728813559322,True,insufficient_support,표본 부족 또는 미관측; 안전/불량 범위 확정 불가
Max_Switch_Over_Pressure,"[0.28582842, 0.70602789)",92,2,0.021739130434782608,"[0.0059820412288536864, 0.07583493982695838]",28,,"[None, None]",insufficient_support,0.0423728813559322,False,insufficient_support,표본 부족 또는 미관측; 안전/불량 범위 확정 불가
Max_Switch_Over_Pressure,"[0.70602789, 0.91612763)",39,2,0.05128205128205128,"[0.014177955415274113, 0.16885640047613612]",11,,"[None, None]",insufficient_support,0.0423728813559322,True,insufficient_support,표본 부족 또는 미관측; 안전/불량 범위 확정 불가
Max_Switch_Over_Pressure,"[0.91612763, 1.5464429]",65,2,0.03076923076923077,"[0.008478997236440126, 0.10542705523577942]",13,,"[None, None]",insufficient_support,0.0423728813559322,False,insufficient_support,표본 부족 또는 미관측; 안전/불량 범위 확정 불가
Max_Switch_Over_Pressure,below_reference_range,0,0,,"[None, None]",1,,"[None, None]",insufficient_support,0.0423728813559322,False,insufficient_support,표본 부족 또는 미관측; 안전/불량 범위 확정 불가
Max_Back_Pressure,"[-0.085805242, 0.2252999)",50,2,0.04,"[0.011038884327619805, 0.1346009068750702]",9,,"[None, None]",insufficient_support,0.0423728813559322,False,insufficient_support,표본 부족 또는 미관측; 안전/불량 범위 확정 불가
Max_Back_Pressure,"[-0.39691038, -0.085805242)",46,3,0.06521739130434782,"[0.022427861429288584, 0.17502741081904216]",19,,"[None, None]",insufficient_support,0.0423728813559322,True,insufficient_support,표본 부족 또는 미관측; 안전/불량 범위 확정 불가
Max_Back_Pressure,"[-0.70802739, -0.39691038)",43,3,0.06976744186046512,"[0.024011589577214484, 0.18608986901241975]",19,,"[None, None]",insufficient_support,0.0423728813559322,True,insufficient_support,표본 부족 또는 미관측; 안전/불량 범위 확정 불가
Max_Back_Pressure,"[-1.0191325, -0.70802739)",36,2,0.05555555555555555,"[0.015369986664161853, 0.18144657208647252]",7,,"[None, None]",insufficient_support,0.0423728813559322,True,insufficient_support,표본 부족 또는 미관측; 안전/불량 범위 확정 불가
Max_Back_Pressure,"[-1.3302495, -1.0191325)",30,1,0.03333333333333333,"[0.005908590381612455, 0.16670390991409173]",4,,"[None, None]",insufficient_support,0.0423728813559322,False,insufficient_support,표본 부족 또는 미관측; 안전/불량 범위 확정 불가
Max_Back_Pressure,"[-2.574682, -1.3302495)",35,1,0.02857142857142857,"[0.005061491855444203, 0.14533087233613673]",9,,"[None, None]",insufficient_support,0.0423728813559322,False,insufficient_support,표본 부족 또는 미관측; 안전/불량 범위 확정 불가
Max_Back_Pressure,"[0.2252999, 0.53641691)",57,1,0.017543859649122806,"[0.003103664651408093, 0.09290749178567684]",8,,"[None, None]",insufficient_support,0.0423728813559322,False,insufficient_support,표본 부족 또는 미관측; 안전/불량 범위 확정 불가
Max_Back_Pressure,"[0.53641691, 0.84752205)",49,3,0.061224489795918366,"[0.02104014667296747, 0.16520487835726402]",14,,"[None, None]",insufficient_support,0.0423728813559322,True,insufficient_support,표본 부족 또는 미관측; 안전/불량 범위 확정 불가
Max_Back_Pressure,"[0.84752205, 1.4697442)",74,1,0.013513513513513514,"[0.002389463403456818, 0.07265356519843233]",16,,"[None, None]",insufficient_support,0.0423728813559322,False,insufficient_support,표본 부족 또는 미관측; 안전/불량 범위 확정 불가
Max_Back_Pressure,"[1.4697442, 2.0919664]",52,3,0.057692307692307696,"[0.019814172112270614, 0.1564251136896076]",14,,"[None, None]",insufficient_support,0.0423728813559322,True,insufficient_support,표본 부족 또는 미관측; 안전/불량 범위 확정 불가
Average_Back_Pressure,"[-0.14437975, 0.088125137)",42,2,0.047619047619047616,"[0.013157524908905607, 0.15789852396958842]",12,,"[None, None]",insufficient_support,0.0423728813559322,True,insufficient_support,표본 부족 또는 미관측; 안전/불량 범위 확정 불가
Average_Back_Pressure,"[-0.60938067, -0.14437975)",61,4,0.06557377049180328,"[0.02579370448956657, 0.1568280167989577]",23,,"[None, None]",insufficient_support,0.0423728813559322,True,insufficient_support,표본 부족 또는 미관측; 안전/불량 범위 확정 불가
Average_Back_Pressure,"[-0.84187669, -0.60938067)",30,2,0.06666666666666667,"[0.018477023791270378, 0.2132345836261692]",11,,"[None, None]",insufficient_support,0.0423728813559322,True,insufficient_support,표본 부족 또는 미관측; 안전/불량 범위 확정 불가
Average_Back_Pressure,"[-1.3068776, -0.84187669)",53,2,0.03773584905660377,"[0.010410287275826845, 0.12754287197418354]",7,,"[None, None]",insufficient_support,0.0423728813559322,False,insufficient_support,표본 부족 또는 미관측; 안전/불량 범위 확정 불가
Average_Back_Pressure,"[-2.4693755, -1.3068776)",40,1,0.025,"[0.0044268315026814095, 0.1288136896347409]",12,,"[None, None]",insufficient_support,0.0423728813559322,False,insufficient_support,표본 부족 또는 미관측; 안전/불량 범위 확정 불가
Average_Back_Pressure,"[0.088125137, 0.32062116)",44,2,0.045454545454545456,"[0.012555109949594967, 0.15134998437629657]",6,,"[None, None]",insufficient_support,0.0423728813559322,True,insufficient_support,표본 부족 또는 미관측; 안전/불량 범위 확정 불가
Average_Back_Pressure,"[0.32062116, 0.55311718)",40,2,0.05,"[0.013820667386148344, 0.16503877369140962]",7,,"[None, None]",insufficient_support,0.0423728813559322,True,insufficient_support,표본 부족 또는 미관측; 안전/불량 범위 확정 불가
Average_Back_Pressure,"[0.55311718, 1.0181181)",66,0,0.0,"[0.0, 0.05500255701354129]",16,,"[None, None]",insufficient_support,0.0423728813559322,False,insufficient_support,표본 부족 또는 미관측; 안전/불량 범위 확정 불가
Average_Back_Pressure,"[1.0181181, 1.483119)",44,2,0.045454545454545456,"[0.012555109949594967, 0.15134998437629657]",14,,"[None, None]",insufficient_support,0.0423728813559322,True,insufficient_support,표본 부족 또는 미관측; 안전/불량 범위 확정 불가
Average_Back_Pressure,"[1.483119, 2.1806159]",52,3,0.057692307692307696,"[0.019814172112270614, 0.1564251136896076]",11,,"[None, None]",insufficient_support,0.0423728813559322,True,insufficient_support,표본 부족 또는 미관측; 안전/불량 범위 확정 불가
Barrel_Temperature_1,"[-0.36958649, 0.096628611)",64,1,0.015625,"[0.002763541923337505, 0.08334101600094265]",15,,"[None, None]",insufficient_support,0.0423728813559322,False,insufficient_support,표본 부족 또는 미관측; 안전/불량 범위 확정 불가
Barrel_Temperature_1,"[-0.60262291, -0.36958649)",41,2,0.04878048780487805,"[0.013480945365169042, 0.16138978870370846]",11,,"[None, None]",insufficient_support,0.0423728813559322,True,insufficient_support,표본 부족 또는 미관측; 안전/불량 범위 확정 불가
Barrel_Temperature_1,"[-0.83573047, -0.60262291)",32,1,0.03125,"[0.005537860164003122, 0.15744263820012558]",4,,"[None, None]",insufficient_support,0.0423728813559322,False,insufficient_support,표본 부족 또는 미관측; 안전/불량 범위 확정 불가
Barrel_Temperature_1,"[-1.3019456, -0.83573047)",48,1,0.020833333333333332,"[0.003687110977510649, 0.10899217995251861]",8,,"[None, None]",insufficient_support,0.0423728813559322,False,insufficient_support,표본 부족 또는 미관측; 안전/불량 범위 확정 불가
Barrel_Temperature_1,"[-3.1666637, -1.3019456)",35,2,0.05714285714285714,"[0.015813161857108654, 0.1860705742016492]",12,,"[None, None]",insufficient_support,0.0423728813559322,True,insufficient_support,표본 부족 또는 미관측; 안전/불량 범위 확정 불가
Barrel_Temperature_1,"[0.096628611, 0.32973616)",46,3,0.06521739130434782,"[0.022427861429288584, 0.17502741081904216]",19,,"[None, None]",insufficient_support,0.0423728813559322,True,insufficient_support,표본 부족 또는 미관측; 안전/불량 범위 확정 불가
Barrel_Temperature_1,"[0.32973616, 0.56284372)",43,2,0.046511627906976744,"[0.012849260094380227, 0.15455498004063967]",14,,"[None, None]",insufficient_support,0.0423728813559322,True,insufficient_support,표본 부족 또는 미관측; 안전/불량 범위 확정 불가
Barrel_Temperature_1,"[0.56284372, 0.79588013)",39,1,0.02564102564102564,"[0.004540703100990098, 0.13180990169850076]",14,,"[None, None]",insufficient_support,0.0423728813559322,False,insufficient_support,표본 부족 또는 미관측; 안전/불량 범위 확정 불가
Barrel_Temperature_1,"[0.79588013, 1.471892)",76,4,0.05263157894736842,"[0.020655429299384284, 0.12765672575889647]",16,,"[None, None]",insufficient_support,0.0423728813559322,True,insufficient_support,표본 부족 또는 미관측; 안전/불량 범위 확정 불가
Barrel_Temperature_1,"[1.471892, 2.6606694]",48,3,0.0625,"[0.021483232908389285, 0.1683543805494635]",6,,"[None, None]",insufficient_support,0.0423728813559322,True,insufficient_support,표본 부족 또는 미관측; 안전/불량 범위 확정 불가
Barrel_Temperature_2,"[-0.011452268, 0.23083499)",36,3,0.08333333333333333,"[0.02874861133599338, 0.2182669124927263]",9,,"[None, None]",insufficient_support,0.0423728813559322,True,insufficient_support,표본 부족 또는 미관측; 안전/불량 범위 확정 불가
Barrel_Temperature_2,"[-0.4961747, -0.011452268)",73,3,0.0410958904109589,"[0.01407394035392058, 0.1140009162629833]",16,,"[None, None]",insufficient_support,0.0423728813559322,False,insufficient_support,표본 부족 또는 미관측; 안전/불량 범위 확정 불가
Barrel_Temperature_2,"[-0.73853592, -0.4961747)",36,0,0.0,"[0.0, 0.09641862859446367]",10,,"[None, None]",insufficient_support,0.0423728813559322,False,insufficient_support,표본 부족 또는 미관측; 안전/불량 범위 확정 불가
Barrel_Temperature_2,"[-0.98089713, -0.73853592)",42,1,0.023809523809523808,"[0.004215404134432499, 0.12321201573766646]",15,,"[None, None]",insufficient_support,0.0423728813559322,False,insufficient_support,표본 부족 또는 미관측; 안전/불량 범위 확정 불가
Barrel_Temperature_2,"[-1.2231844, -0.98089713)",36,3,0.08333333333333333,"[0.02874861133599338, 0.2182669124927263]",10,,"[None, None]",insufficient_support,0.0423728813559322,True,insufficient_support,표본 부족 또는 미관측; 안전/불량 범위 확정 불가
Barrel_Temperature_2,"[-2.1926293, -1.2231844)",37,2,0.05405405405405406,"[0.014950976833157673, 0.17704654350813104]",3,,"[None, None]",insufficient_support,0.0423728813559322,True,insufficient_support,표본 부족 또는 미관측; 안전/불량 범위 확정 불가
Barrel_Temperature_2,"[0.23083499, 0.71555742)",69,4,0.057971014492753624,"[0.02277238888037121, 0.13979243357661653]",23,,"[None, None]",insufficient_support,0.0423728813559322,True,insufficient_support,표본 부족 또는 미관측; 안전/불량 범위 확정 불가
Barrel_Temperature_2,"[0.71555742, 0.95791864)",37,1,0.02702702702702703,"[0.004786974451940429, 0.13824069863730518]",10,,"[None, None]",insufficient_support,0.0423728813559322,False,insufficient_support,표본 부족 또는 미관측; 안전/불량 범위 확정 불가
Barrel_Temperature_2,"[0.95791864, 1.2002799)",36,2,0.05555555555555555,"[0.015369986664161853, 0.18144657208647252]",4,,"[None, None]",insufficient_support,0.0423728813559322,True,insufficient_support,표본 부족 또는 미관측; 안전/불량 범위 확정 불가
Barrel_Temperature_2,"[1.2002799, 3.1390217]",70,1,0.014285714285714285,"[0.002526246457890312, 0.07658187131208327]",19,,"[None, None]",insufficient_support,0.0423728813559322,False,insufficient_support,표본 부족 또는 미관측; 안전/불량 범위 확정 불가
Barrel_Temperature_3,"[-0.0020813215, 0.30524636)",117,6,0.05128205128205128,"[0.023712378528816566, 0.10738053424543133]",32,,"[None, None]",insufficient_support,0.0423728813559322,True,descriptive_only,관측 위험 이력 구간; 불량 발생 보장/원인 아님
Barrel_Temperature_3,"[-0.309409, -0.0020813215)",49,3,0.061224489795918366,"[0.02104014667296747, 0.16520487835726402]",10,,"[None, None]",insufficient_support,0.0423728813559322,True,insufficient_support,표본 부족 또는 미관측; 안전/불량 범위 확정 불가
Barrel_Temperature_3,"[-0.8625238, -0.309409)",26,1,0.038461538461538464,"[0.006821984993543487, 0.18892778903034757]",5,,"[None, None]",insufficient_support,0.0423728813559322,False,insufficient_support,표본 부족 또는 미관측; 안전/불량 범위 확정 불가
Barrel_Temperature_3,"[-1.5078932, -0.8625238)",47,2,0.0425531914893617,"[0.011748275966789345, 0.1424852767789945]",10,,"[None, None]",insufficient_support,0.0423728813559322,True,insufficient_support,표본 부족 또는 미관측; 안전/불량 범위 확정 불가
Barrel_Temperature_3,"[-2.4605152, -1.5078932)",48,1,0.020833333333333332,"[0.003687110977510649, 0.10899217995251861]",18,,"[None, None]",insufficient_support,0.0423728813559322,False,insufficient_support,표본 부족 또는 미관측; 안전/불량 범위 확정 불가
Barrel_Temperature_3,"[0.30524636, 0.85836116)",90,4,0.044444444444444446,"[0.01741724185270873, 0.10876855032812233]",27,,"[None, None]",insufficient_support,0.0423728813559322,True,insufficient_support,표본 부족 또는 미관측; 안전/불량 범위 확정 불가
Barrel_Temperature_3,"[0.85836116, 1.5344633)",38,3,0.07894736842105263,"[0.027214595506987724, 0.20799371457771454]",7,,"[None, None]",insufficient_support,0.0423728813559322,True,insufficient_support,표본 부족 또는 미관측; 안전/불량 범위 확정 불가
Barrel_Temperature_3,"[1.5344633, 2.4563526]",57,0,0.0,"[0.0, 0.06313883485297894]",10,,"[None, None]",insufficient_support,0.0423728813559322,False,insufficient_support,표본 부족 또는 미관측; 안전/불량 범위 확정 불가
Barrel_Temperature_4,"[-0.3909747, 0.047749263)",45,0,0.0,"[0.0, 0.07865159873288836]",13,,"[None, None]",insufficient_support,0.0423728813559322,False,insufficient_support,표본 부족 또는 미관측; 안전/불량 범위 확정 불가
Barrel_Temperature_4,"[-0.82974329, -0.3909747)",65,6,0.09230769230769231,"[0.042995089611340964, 0.1871200051596039]",14,,"[None, None]",insufficient_support,0.0423728813559322,True,descriptive_only,관측 위험 이력 구간; 불량 발생 보장/원인 아님
Barrel_Temperature_4,"[-0.97595486, -0.82974329)",33,1,0.030303030303030304,"[0.00536941053687183, 0.1531872538211892]",9,,"[None, None]",insufficient_support,0.0423728813559322,False,insufficient_support,표본 부족 또는 미관측; 안전/불량 범위 확정 불가
Barrel_Temperature_4,"[-1.2684673, -0.97595486)",47,0,0.0,"[0.0, 0.07555760416399632]",13,,"[None, None]",insufficient_support,0.0423728813559322,False,insufficient_support,표본 부족 또는 미관측; 안전/불량 범위 확정 불가
Barrel_Temperature_4,"[-2.292216, -1.2684673)",33,2,0.06060606060606061,"[0.016780883087191875, 0.1960624480864781]",14,,"[None, None]",insufficient_support,0.0423728813559322,True,insufficient_support,표본 부족 또는 미관측; 안전/불량 범위 확정 불가
Barrel_Temperature_4,"[0.047749263, 0.48651786)",53,4,0.07547169811320754,"[0.0297395550869467, 0.17858477483653223]",15,,"[None, None]",insufficient_support,0.0423728813559322,True,insufficient_support,표본 부족 또는 미관측; 안전/불량 범위 확정 불가
Barrel_Temperature_4,"[0.48651786, 0.77898562)",47,1,0.02127659574468085,"[0.0037657680385967812, 0.11112981041629329]",12,,"[None, None]",insufficient_support,0.0423728813559322,False,insufficient_support,표본 부족 또는 미관측; 안전/불량 범위 확정 불가
Barrel_Temperature_4,"[0.77898562, 1.071498)",52,1,0.019230769230769232,"[0.0034028080709451597, 0.10120511127892247]",15,,"[None, None]",insufficient_support,0.0423728813559322,False,insufficient_support,표본 부족 또는 미관측; 안전/불량 범위 확정 불가
Barrel_Temperature_4,"[1.071498, 1.3493446)",49,0,0.0,"[6.938893903907228e-18, 0.07269781922049637]",4,,"[None, None]",insufficient_support,0.0423728813559322,False,insufficient_support,표본 부족 또는 미관측; 안전/불량 범위 확정 불가
Barrel_Temperature_4,"[1.3493446, 2.0952021]",48,5,0.10416666666666667,"[0.045321719041813105, 0.2216742169438633]",10,,"[None, None]",insufficient_support,0.0423728813559322,True,descriptive_only,관측 위험 이력 구간; 불량 발생 보장/원인 아님
Barrel_Temperature_5,"[-0.030765305, 0.28272749)",90,3,0.03333333333333333,"[0.011400390222806277, 0.09347286030389873]",18,,"[None, None]",insufficient_support,0.0423728813559322,False,insufficient_support,표본 부족 또는 미관측; 안전/불량 범위 확정 불가
Barrel_Temperature_5,"[-0.3442581, -0.030765305)",65,4,0.06153846153846154,"[0.024189054966350286, 0.1478215186552319]",18,,"[None, None]",insufficient_support,0.0423728813559322,True,insufficient_support,표본 부족 또는 미관측; 안전/불량 범위 확정 불가
Barrel_Temperature_5,"[-0.6577509, -0.3442581)",56,2,0.03571428571428571,"[0.00984942514823639, 0.12118780180490107]",13,,"[None, None]",insufficient_support,0.0423728813559322,False,insufficient_support,표본 부족 또는 미관측; 안전/불량 범위 확정 불가
Barrel_Temperature_5,"[-0.97114803, -0.6577509)",49,0,0.0,"[6.938893903907228e-18, 0.07269781922049637]",11,,"[None, None]",insufficient_support,0.0423728813559322,False,insufficient_support,표본 부족 또는 미관측; 안전/불량 범위 확정 불가
Barrel_Temperature_5,"[-4.4193775, -0.97114803)",38,0,0.0,"[0.0, 0.09180986822558396]",9,,"[None, None]",insufficient_support,0.0423728813559322,False,insufficient_support,표본 부족 또는 미관측; 안전/불량 범위 확정 불가
Barrel_Temperature_5,"[0.28272749, 0.59622029)",48,3,0.0625,"[0.021483232908389285, 0.1683543805494635]",14,,"[None, None]",insufficient_support,0.0423728813559322,True,insufficient_support,표본 부족 또는 미관측; 안전/불량 범위 확정 불가
Barrel_Temperature_5,"[0.59622029, 1.2231102)",66,3,0.045454545454545456,"[0.015578274334433505, 0.1253331411324222]",13,,"[None, None]",insufficient_support,0.0423728813559322,True,insufficient_support,표본 부족 또는 미관측; 안전/불량 범위 확정 불가
Barrel_Temperature_5,"[1.2231102, 4.3578469]",60,5,0.08333333333333333,"[0.03612045660173077, 0.1806894201833441]",23,,"[None, None]",insufficient_support,0.0423728813559322,True,descriptive_only,관측 위험 이력 구간; 불량 발생 보장/원인 아님
Barrel_Temperature_6,-0.3541839203189247,62,3,0.04838709677419355,"[0.016591685850580726, 0.1328803792732396]",9,,"[None, None]",insufficient_support,0.0423728813559322,True,insufficient_support,표본 부족 또는 미관측; 안전/불량 범위 확정 불가
Barrel_Temperature_6,-0.8512966597545222,75,2,0.02666666666666667,"[0.0073436890061313945, 0.09211488187759151]",23,,"[None, None]",insufficient_support,0.0423728813559322,False,insufficient_support,표본 부족 또는 미관측; 안전/불량 범위 확정 불가
Barrel_Temperature_6,-1.3484852595196537,42,0,0.0,"[0.0, 0.08379879086570391]",11,,"[None, None]",insufficient_support,0.0423728813559322,False,insufficient_support,표본 부족 또는 미관측; 안전/불량 범위 확정 불가
Barrel_Temperature_6,-1.8455979989552511,15,1,0.06666666666666667,"[0.011866895493268553, 0.2981652987378003]",4,,"[None, None]",insufficient_support,0.0423728813559322,True,insufficient_support,표본 부족 또는 미관측; 안전/불량 범위 확정 불가
Barrel_Temperature_6,-2.3427865987203824,8,1,0.125,"[0.02241749145005667, 0.4708881822128535]",2,,"[None, None]",insufficient_support,0.0423728813559322,True,insufficient_support,표본 부족 또는 미관측; 안전/불량 범위 확정 불가
Barrel_Temperature_6,-2.8399751984855137,2,0,0.0,"[0.0, 0.6576197724933469]",0,,"[None, None]",insufficient_support,0.0423728813559322,False,insufficient_support,표본 부족 또는 미관측; 안전/불량 범위 확정 불가
Barrel_Temperature_6,0.1430046794462067,90,5,0.05555555555555555,"[0.023960971616961965, 0.12353736221799518]",23,,"[None, None]",insufficient_support,0.0423728813559322,True,descriptive_only,관측 위험 이력 구간; 불량 발생 보장/원인 아님
Barrel_Temperature_6,0.6401932792113381,88,6,0.06818181818181818,"[0.03162092817146724, 0.14086608394821237]",20,,"[None, None]",insufficient_support,0.0423728813559322,True,descriptive_only,관측 위험 이력 구간; 불량 발생 보장/원인 아님
Barrel_Temperature_6,1.1373060186469357,60,1,0.016666666666666666,"[0.0029481597947862495, 0.08855129727590061]",21,,"[None, None]",insufficient_support,0.0423728813559322,False,insufficient_support,표본 부족 또는 미관측; 안전/불량 범위 확정 불가
Barrel_Temperature_6,1.634494618412067,18,1,0.05555555555555555,"[0.009875190978303097, 0.25757300781872594]",5,,"[None, None]",insufficient_support,0.0423728813559322,True,insufficient_support,표본 부족 또는 미관측; 안전/불량 범위 확정 불가
Barrel_Temperature_6,2.1316073578476646,9,0,0.0,"[0.0, 0.2991450484195441]",1,,"[None, None]",insufficient_support,0.0423728813559322,False,insufficient_support,표본 부족 또는 미관측; 안전/불량 범위 확정 불가
Barrel_Temperature_6,2.628795957612796,3,0,0.0,"[5.551115123125783e-17, 0.5614970317550454]",0,,"[None, None]",insufficient_support,0.0423728813559322,False,insufficient_support,표본 부족 또는 미관측; 안전/불량 범위 확정 불가
Hopper_Temperature,"[-0.12180903, 0.13238951)",49,1,0.02040816326530612,"[0.0036116725898252405, 0.10693521523391616]",16,,"[None, None]",insufficient_support,0.0423728813559322,False,insufficient_support,표본 부족 또는 미관측; 안전/불량 범위 확정 불가
Hopper_Temperature,"[-0.32516476, -0.12180903)",48,2,0.041666666666666664,"[0.011501893489386586, 0.13975655870455445]",10,,"[None, None]",insufficient_support,0.0423728813559322,False,insufficient_support,표본 부족 또는 미관측; 안전/불량 범위 확정 불가
Hopper_Temperature,"[-0.73188396, -0.32516476)",49,3,0.061224489795918366,"[0.02104014667296747, 0.16520487835726402]",12,,"[None, None]",insufficient_support,0.0423728813559322,True,insufficient_support,표본 부족 또는 미관측; 안전/불량 범위 확정 불가
Hopper_Temperature,"[-1.4436445, -0.73188396)",44,1,0.022727272727272728,"[0.004023252060053224, 0.11807709698213287]",9,,"[None, None]",insufficient_support,0.0423728813559322,False,insufficient_support,표본 부족 또는 미관측; 안전/불량 범위 확정 불가
Hopper_Temperature,"[-3.0705136, -1.4436445)",46,2,0.043478260869565216,"[0.012005445598556624, 0.1453225902621907]",15,,"[None, None]",insufficient_support,0.0423728813559322,True,insufficient_support,표본 부족 또는 미관측; 안전/불량 범위 확정 불가
Hopper_Temperature,"[0.13238951, 0.38658804)",40,2,0.05,"[0.013820667386148344, 0.16503877369140962]",8,,"[None, None]",insufficient_support,0.0423728813559322,True,insufficient_support,표본 부족 또는 미관측; 안전/불량 범위 확정 불가
Hopper_Temperature,"[0.38658804, 0.69162939)",53,6,0.11320754716981132,"[0.05293030947702562, 0.22576519111992185]",12,,"[None, None]",insufficient_support,0.0423728813559322,True,descriptive_only,관측 위험 이력 구간; 불량 발생 보장/원인 아님
Hopper_Temperature,"[0.69162939, 0.89498511)",34,1,0.029411764705882353,"[0.0052109062762689395, 0.1491557329268593]",7,,"[None, None]",insufficient_support,0.0423728813559322,False,insufficient_support,표본 부족 또는 미관측; 안전/불량 범위 확정 불가
Hopper_Temperature,"[0.89498511, 1.0983408)",59,0,0.0,"[0.0, 0.061129370526788386]",18,,"[None, None]",insufficient_support,0.0423728813559322,False,insufficient_support,표본 부족 또는 미관측; 안전/불량 범위 확정 불가
Hopper_Temperature,"[1.0983408, 2.115135]",50,2,0.04,"[0.011038884327619805, 0.1346009068750702]",12,,"[None, None]",insufficient_support,0.0423728813559322,False,insufficient_support,표본 부족 또는 미관측; 안전/불량 범위 확정 불가
Mold_Temperature_3,"[-0.1966311, 0.17382533)",31,3,0.0967741935483871,"[0.03346464416319736, 0.24899938443392836]",7,,"[None, None]",insufficient_support,0.0423728813559322,True,insufficient_support,표본 부족 또는 미관측; 안전/불량 범위 확정 불가
Mold_Temperature_3,"[-0.82355464, -0.1966311)",81,8,0.09876543209876543,"[0.050900116268798354, 0.18296501401647308]",16,,"[None, None]",insufficient_support,0.0423728813559322,True,descriptive_only,관측 위험 이력 구간; 불량 발생 보장/원인 아님
Mold_Temperature_3,"[-0.96603789, -0.82355464)",28,0,0.0,"[1.3877787807814457e-17, 0.12064330476584563]",9,,"[None, None]",insufficient_support,0.0423728813559322,False,insufficient_support,표본 부족 또는 미관측; 안전/불량 범위 확정 불가
Mold_Temperature_3,"[-1.3934849, -0.96603789)",33,2,0.06060606060606061,"[0.016780883087191875, 0.1960624480864781]",2,,"[None, None]",insufficient_support,0.0423728813559322,True,insufficient_support,표본 부족 또는 미관측; 안전/불량 범위 확정 불가
Mold_Temperature_3,"[-1.9634151, -1.3934849)",47,0,0.0,"[0.0, 0.07555760416399632]",18,,"[None, None]",insufficient_support,0.0423728813559322,False,insufficient_support,표본 부족 또는 미관측; 안전/불량 범위 확정 불가
Mold_Temperature_3,"[0.17382533, 0.31630585)",32,1,0.03125,"[0.005537860164003122, 0.15744263820012558]",6,,"[None, None]",insufficient_support,0.0423728813559322,False,insufficient_support,표본 부족 또는 미관측; 안전/불량 범위 확정 불가
Mold_Temperature_3,"[0.31630585, 0.60127233)",68,1,0.014705882352941176,"[0.0026006835761068076, 0.07870973128160871]",21,,"[None, None]",insufficient_support,0.0423728813559322,False,insufficient_support,표본 부족 또는 미관측; 안전/불량 범위 확정 불가
Mold_Temperature_3,"[0.60127233, 1.0287193)",35,1,0.02857142857142857,"[0.005061491855444203, 0.14533087233613673]",9,,"[None, None]",insufficient_support,0.0423728813559322,False,insufficient_support,표본 부족 또는 미관측; 안전/불량 범위 확정 불가
Mold_Temperature_3,"[1.0287193, 1.3136858)",56,3,0.05357142857142857,"[0.018385781382109126, 0.14607309068821533]",19,,"[None, None]",insufficient_support,0.0423728813559322,True,insufficient_support,표본 부족 또는 미관측; 안전/불량 범위 확정 불가
Mold_Temperature_3,"[1.3136858, 1.5986523]",61,1,0.01639344262295082,"[0.002899730799299824, 0.08718860044641587]",12,,"[None, None]",insufficient_support,0.0423728813559322,False,insufficient_support,표본 부족 또는 미관측; 안전/불량 범위 확정 불가
Mold_Temperature_4,"[-0.3621219, -0.058641965)",54,4,0.07407407407407407,"[0.02918152776550481, 0.1755411583859995]",15,,"[None, None]",insufficient_support,0.0423728813559322,True,insufficient_support,표본 부족 또는 미관측; 안전/불량 범위 확정 불가
Mold_Temperature_4,"[-0.7262969, -0.3621219)",53,4,0.07547169811320754,"[0.0297395550869467, 0.17858477483653223]",12,,"[None, None]",insufficient_support,0.0423728813559322,True,insufficient_support,표본 부족 또는 미관측; 안전/불량 범위 확정 불가
Mold_Temperature_4,"[-0.84768934, -0.7262969)",48,3,0.0625,"[0.021483232908389285, 0.1683543805494635]",9,,"[None, None]",insufficient_support,0.0423728813559322,True,insufficient_support,표본 부족 또는 미관측; 안전/불량 범위 확정 불가
Mold_Temperature_4,"[-1.2118667, -0.84768934)",35,2,0.05714285714285714,"[0.015813161857108654, 0.1860705742016492]",7,,"[None, None]",insufficient_support,0.0423728813559322,True,insufficient_support,표본 부족 또는 미관측; 안전/불량 범위 확정 불가
Mold_Temperature_4,"[-2.0616091, -1.2118667)",46,0,0.0,"[0.0, 0.07707356308558039]",16,,"[None, None]",insufficient_support,0.0423728813559322,False,insufficient_support,표본 부족 또는 미관측; 안전/불량 범위 확정 불가
Mold_Temperature_4,"[0.0020530969, 0.24483797)",73,1,0.0136986301369863,"[0.0024222514664838588, 0.07359737270963818]",17,,"[None, None]",insufficient_support,0.0423728813559322,False,insufficient_support,표본 부족 또는 미관측; 안전/불량 범위 확정 불가
Mold_Temperature_4,"[0.24483797, 1.2159729)",61,3,0.04918032786885246,"[0.0168659826687624, 0.134911275272159]",15,,"[None, None]",insufficient_support,0.0423728813559322,True,insufficient_support,표본 부족 또는 미관측; 안전/불량 범위 확정 불가
Mold_Temperature_4,"[1.2159729, 1.4587577)",50,2,0.04,"[0.011038884327619805, 0.1346009068750702]",16,,"[None, None]",insufficient_support,0.0423728813559322,False,insufficient_support,표본 부족 또는 미관측; 안전/불량 범위 확정 불가
Mold_Temperature_4,"[1.4587577, 1.7015426]",52,1,0.019230769230769232,"[0.0034028080709451597, 0.10120511127892247]",11,,"[None, None]",insufficient_support,0.0423728813559322,False,insufficient_support,표본 부족 또는 미관측; 안전/불량 범위 확정 불가
Mold_Temperature_4,above_reference_range,0,0,,"[None, None]",1,,"[None, None]",insufficient_support,0.0423728813559322,False,insufficient_support,표본 부족 또는 미관측; 안전/불량 범위 확정 불가
Injection_Time × Filling_Time,-0.029099449053866445 / -1.1925314031676417,198,10,0.050505050505050504,"[0.027661556517076857, 0.09045817448364726]",43,,"[None, None]",insufficient_support,0.0423728813559322,True,descriptive_only,관측 위험 이력 구간; 불량 발생 보장/원인 아님
Injection_Time × Filling_Time,-0.029099449053866445 / 0.8385523411322893,269,10,0.03717472118959108,"[0.020315739634074067, 0.06706635736740196]",73,,"[None, None]",insufficient_support,0.0423728813559322,False,descriptive_only,관측 위험 이력 구간; 불량 발생 보장/원인 아님
Injection_Time × Filling_Time,-8.627730385041827 / -1.1925314031676417,1,0,0.0,"[0.0, 0.7934506856227626]",2,,"[None, None]",insufficient_support,0.0423728813559322,False,insufficient_support,표본 부족 또는 미관측; 안전/불량 범위 확정 불가
Injection_Time × Filling_Time,8.569633990700348 / 0.8385523411322893,4,0,0.0,"[0.0, 0.4898908364545973]",1,,"[None, None]",insufficient_support,0.0423728813559322,False,insufficient_support,표본 부족 또는 미관측; 안전/불량 범위 확정 불가
Max_Injection_Pressure × Mold_Temperature_3,"-0.10880187181629318 / [-0.1966311, 0.17382533)",10,2,0.2,"[0.05668215145437519, 0.5098375284633583]",1,,"[None, None]",insufficient_support,0.0423728813559322,True,insufficient_support,표본 부족 또는 미관측; 안전/불량 범위 확정 불가
Max_Injection_Pressure × Mold_Temperature_3,"-0.10880187181629318 / [-0.82355464, -0.1966311)",18,0,0.0,"[0.0, 0.17587922364665765]",4,,"[None, None]",insufficient_support,0.0423728813559322,False,insufficient_support,표본 부족 또는 미관측; 안전/불량 범위 확정 불가
Max_Injection_Pressure × Mold_Temperature_3,"-0.10880187181629318 / [-0.96603789, -0.82355464)",8,0,0.0,"[0.0, 0.32440756488388023]",0,,"[None, None]",insufficient_support,0.0423728813559322,False,insufficient_support,표본 부족 또는 미관측; 안전/불량 범위 확정 불가
Max_Injection_Pressure × Mold_Temperature_3,"-0.10880187181629318 / [-1.3934849, -0.96603789)",7,0,0.0,"[5.551115123125783e-17, 0.35433043506668743]",0,,"[None, None]",insufficient_support,0.0423728813559322,False,insufficient_support,표본 부족 또는 미관측; 안전/불량 범위 확정 불가
Max_Injection_Pressure × Mold_Temperature_3,"-0.10880187181629318 / [-1.9634151, -1.3934849)",11,0,0.0,"[0.0, 0.2588329669680317]",5,,"[None, None]",insufficient_support,0.0423728813559322,False,insufficient_support,표본 부족 또는 미관측; 안전/불량 범위 확정 불가
Max_Injection_Pressure × Mold_Temperature_3,"-0.10880187181629318 / [0.17382533, 0.31630585)",2,0,0.0,"[0.0, 0.6576197724933469]",1,,"[None, None]",insufficient_support,0.0423728813559322,False,insufficient_support,표본 부족 또는 미관측; 안전/불량 범위 확정 불가
Max_Injection_Pressure × Mold_Temperature_3,"-0.10880187181629318 / [0.31630585, 0.60127233)",17,0,0.0,"[0.0, 0.1843181350088518]",8,,"[None, None]",insufficient_support,0.0423728813559322,False,insufficient_support,표본 부족 또는 미관측; 안전/불량 범위 확정 불가
Max_Injection_Pressure × Mold_Temperature_3,"-0.10880187181629318 / [0.60127233, 1.0287193)",7,0,0.0,"[5.551115123125783e-17, 0.35433043506668743]",3,,"[None, None]",insufficient_support,0.0423728813559322,False,insufficient_support,표본 부족 또는 미관측; 안전/불량 범위 확정 불가
Max_Injection_Pressure × Mold_Temperature_3,"-0.10880187181629318 / [1.0287193, 1.3136858)",4,1,0.25,"[0.04558726080970055, 0.6993581574175981]",7,,"[None, None]",insufficient_support,0.0423728813559322,True,insufficient_support,표본 부족 또는 미관측; 안전/불량 범위 확정 불가
Max_Injection_Pressure × Mold_Temperature_3,"-0.10880187181629318 / [1.3136858, 1.5986523]",11,0,0.0,"[0.0, 0.2588329669680317]",2,,"[None, None]",insufficient_support,0.0423728813559322,False,insufficient_support,표본 부족 또는 미관측; 안전/불량 범위 확정 불가
Max_Injection_Pressure × Mold_Temperature_3,"-0.7652217551830952 / [-0.1966311, 0.17382533)",7,0,0.0,"[5.551115123125783e-17, 0.35433043506668743]",2,,"[None, None]",insufficient_support,0.0423728813559322,False,insufficient_support,표본 부족 또는 미관측; 안전/불량 범위 확정 불가
Max_Injection_Pressure × Mold_Temperature_3,"-0.7652217551830952 / [-0.82355464, -0.1966311)",15,2,0.13333333333333333,"[0.03736125910306537, 0.37881982832322364]",2,,"[None, None]",insufficient_support,0.0423728813559322,True,insufficient_support,표본 부족 또는 미관측; 안전/불량 범위 확정 불가
Max_Injection_Pressure × Mold_Temperature_3,"-0.7652217551830952 / [-0.96603789, -0.82355464)",9,0,0.0,"[0.0, 0.2991450484195441]",4,,"[None, None]",insufficient_support,0.0423728813559322,False,insufficient_support,표본 부족 또는 미관측; 안전/불량 범위 확정 불가
Max_Injection_Pressure × Mold_Temperature_3,"-0.7652217551830952 / [-1.3934849, -0.96603789)",5,1,0.2,"[0.03622410863243014, 0.6244653702374747]",1,,"[None, None]",insufficient_support,0.0423728813559322,True,insufficient_support,표본 부족 또는 미관측; 안전/불량 범위 확정 불가
Max_Injection_Pressure × Mold_Temperature_3,"-0.7652217551830952 / [-1.9634151, -1.3934849)",11,0,0.0,"[0.0, 0.2588329669680317]",1,,"[None, None]",insufficient_support,0.0423728813559322,False,insufficient_support,표본 부족 또는 미관측; 안전/불량 범위 확정 불가
Max_Injection_Pressure × Mold_Temperature_3,"-0.7652217551830952 / [0.17382533, 0.31630585)",11,1,0.09090909090909091,"[0.016232172885884855, 0.37735843645159567]",2,,"[None, None]",insufficient_support,0.0423728813559322,True,insufficient_support,표본 부족 또는 미관측; 안전/불량 범위 확정 불가
Max_Injection_Pressure × Mold_Temperature_3,"-0.7652217551830952 / [0.31630585, 0.60127233)",15,1,0.06666666666666667,"[0.011866895493268553, 0.2981652987378003]",4,,"[None, None]",insufficient_support,0.0423728813559322,True,insufficient_support,표본 부족 또는 미관측; 안전/불량 범위 확정 불가
Max_Injection_Pressure × Mold_Temperature_3,"-0.7652217551830952 / [0.60127233, 1.0287193)",3,0,0.0,"[5.551115123125783e-17, 0.5614970317550454]",3,,"[None, None]",insufficient_support,0.0423728813559322,False,insufficient_support,표본 부족 또는 미관측; 안전/불량 범위 확정 불가
Max_Injection_Pressure × Mold_Temperature_3,"-0.7652217551830952 / [1.0287193, 1.3136858)",4,0,0.0,"[0.0, 0.4898908364545973]",2,,"[None, None]",insufficient_support,0.0423728813559322,False,insufficient_support,표본 부족 또는 미관측; 안전/불량 범위 확정 불가
Max_Injection_Pressure × Mold_Temperature_3,"-0.7652217551830952 / [1.3136858, 1.5986523]",9,0,0.0,"[0.0, 0.2991450484195441]",0,,"[None, None]",insufficient_support,0.0423728813559322,False,insufficient_support,표본 부족 또는 미관측; 안전/불량 범위 확정 불가
Max_Injection_Pressure × Mold_Temperature_3,"-1.4216416385498971 / [-0.1966311, 0.17382533)",6,1,0.16666666666666666,"[0.030053369748306635, 0.5635028221864702]",1,,"[None, None]",insufficient_support,0.0423728813559322,True,insufficient_support,표본 부족 또는 미관측; 안전/불량 범위 확정 불가
Max_Injection_Pressure × Mold_Temperature_3,"-1.4216416385498971 / [-0.82355464, -0.1966311)",11,3,0.2727272727272727,"[0.09746059290024889, 0.5656453011761291]",1,,"[None, None]",insufficient_support,0.0423728813559322,True,insufficient_support,표본 부족 또는 미관측; 안전/불량 범위 확정 불가
Max_Injection_Pressure × Mold_Temperature_3,"-1.4216416385498971 / [-0.96603789, -0.82355464)",3,0,0.0,"[5.551115123125783e-17, 0.5614970317550454]",1,,"[None, None]",insufficient_support,0.0423728813559322,False,insufficient_support,표본 부족 또는 미관측; 안전/불량 범위 확정 불가
Max_Injection_Pressure × Mold_Temperature_3,"-1.4216416385498971 / [-1.3934849, -0.96603789)",5,0,0.0,"[0.0, 0.43448246478317476]",0,,"[None, None]",insufficient_support,0.0423728813559322,False,insufficient_support,표본 부족 또는 미관측; 안전/불량 범위 확정 불가
Max_Injection_Pressure × Mold_Temperature_3,"-1.4216416385498971 / [-1.9634151, -1.3934849)",12,0,0.0,"[2.7755575615628914e-17, 0.24249400665524085]",3,,"[None, None]",insufficient_support,0.0423728813559322,False,insufficient_support,표본 부족 또는 미관측; 안전/불량 범위 확정 불가
Max_Injection_Pressure × Mold_Temperature_3,"-1.4216416385498971 / [0.17382533, 0.31630585)",6,0,0.0,"[2.7755575615628914e-17, 0.3903342879021653]",1,,"[None, None]",insufficient_support,0.0423728813559322,False,insufficient_support,표본 부족 또는 미관측; 안전/불량 범위 확정 불가
Max_Injection_Pressure × Mold_Temperature_3,"-1.4216416385498971 / [0.31630585, 0.60127233)",8,0,0.0,"[0.0, 0.32440756488388023]",3,,"[None, None]",insufficient_support,0.0423728813559322,False,insufficient_support,표본 부족 또는 미관측; 안전/불량 범위 확정 불가
Max_Injection_Pressure × Mold_Temperature_3,"-1.4216416385498971 / [0.60127233, 1.0287193)",4,1,0.25,"[0.04558726080970055, 0.6993581574175981]",0,,"[None, None]",insufficient_support,0.0423728813559322,True,insufficient_support,표본 부족 또는 미관측; 안전/불량 범위 확정 불가
Max_Injection_Pressure × Mold_Temperature_3,"-1.4216416385498971 / [1.0287193, 1.3136858)",2,0,0.0,"[0.0, 0.6576197724933469]",0,,"[None, None]",insufficient_support,0.0423728813559322,False,insufficient_support,표본 부족 또는 미관측; 안전/불량 범위 확정 불가
Max_Injection_Pressure × Mold_Temperature_3,"-2.0779613663043452 / [-0.1966311, 0.17382533)",1,0,0.0,"[0.0, 0.7934506856227626]",0,,"[None, None]",insufficient_support,0.0423728813559322,False,insufficient_support,표본 부족 또는 미관측; 안전/불량 범위 확정 불가
Max_Injection_Pressure × Mold_Temperature_3,"-2.0779613663043452 / [-0.82355464, -0.1966311)",1,0,0.0,"[0.0, 0.7934506856227626]",0,,"[None, None]",insufficient_support,0.0423728813559322,False,insufficient_support,표본 부족 또는 미관측; 안전/불량 범위 확정 불가
Max_Injection_Pressure × Mold_Temperature_3,"-2.0779613663043452 / [-0.96603789, -0.82355464)",2,0,0.0,"[0.0, 0.6576197724933469]",0,,"[None, None]",insufficient_support,0.0423728813559322,False,insufficient_support,표본 부족 또는 미관측; 안전/불량 범위 확정 불가
Max_Injection_Pressure × Mold_Temperature_3,"-2.0779613663043452 / [-1.3934849, -0.96603789)",1,0,0.0,"[0.0, 0.7934506856227626]",0,,"[None, None]",insufficient_support,0.0423728813559322,False,insufficient_support,표본 부족 또는 미관측; 안전/불량 범위 확정 불가
Max_Injection_Pressure × Mold_Temperature_3,"-2.0779613663043452 / [-1.9634151, -1.3934849)",1,0,0.0,"[0.0, 0.7934506856227626]",1,,"[None, None]",insufficient_support,0.0423728813559322,False,insufficient_support,표본 부족 또는 미관측; 안전/불량 범위 확정 불가
Max_Injection_Pressure × Mold_Temperature_3,"-2.0779613663043452 / [0.17382533, 0.31630585)",2,0,0.0,"[0.0, 0.6576197724933469]",1,,"[None, None]",insufficient_support,0.0423728813559322,False,insufficient_support,표본 부족 또는 미관측; 안전/불량 범위 확정 불가
Max_Injection_Pressure × Mold_Temperature_3,"-2.0779613663043452 / [0.31630585, 0.60127233)",3,0,0.0,"[5.551115123125783e-17, 0.5614970317550454]",1,,"[None, None]",insufficient_support,0.0423728813559322,False,insufficient_support,표본 부족 또는 미관측; 안전/불량 범위 확정 불가
Max_Injection_Pressure × Mold_Temperature_3,"-2.7343812496711473 / [-0.1966311, 0.17382533)",0,0,,"[None, None]",1,,"[None, None]",insufficient_support,0.0423728813559322,False,insufficient_support,표본 부족 또는 미관측; 안전/불량 범위 확정 불가
Max_Injection_Pressure × Mold_Temperature_3,"-2.7343812496711473 / [-0.96603789, -0.82355464)",1,0,0.0,"[0.0, 0.7934506856227626]",0,,"[None, None]",insufficient_support,0.0423728813559322,False,insufficient_support,표본 부족 또는 미관측; 안전/불량 범위 확정 불가
Max_Injection_Pressure × Mold_Temperature_3,"-2.7343812496711473 / [-1.9634151, -1.3934849)",2,0,0.0,"[0.0, 0.6576197724933469]",1,,"[None, None]",insufficient_support,0.0423728813559322,False,insufficient_support,표본 부족 또는 미관측; 안전/불량 범위 확정 불가
Max_Injection_Pressure × Mold_Temperature_3,"-2.7343812496711473 / [0.17382533, 0.31630585)",1,0,0.0,"[0.0, 0.7934506856227626]",0,,"[None, None]",insufficient_support,0.0423728813559322,False,insufficient_support,표본 부족 또는 미관측; 안전/불량 범위 확정 불가
Max_Injection_Pressure × Mold_Temperature_3,"-3.3907009774255954 / [-1.9634151, -1.3934849)",1,0,0.0,"[0.0, 0.7934506856227626]",0,,"[None, None]",insufficient_support,0.0423728813559322,False,insufficient_support,표본 부족 또는 미관측; 안전/불량 범위 확정 불가
Max_Injection_Pressure × Mold_Temperature_3,"0.547517855938155 / [-0.1966311, 0.17382533)",5,0,0.0,"[0.0, 0.43448246478317476]",1,,"[None, None]",insufficient_support,0.0423728813559322,False,insufficient_support,표본 부족 또는 미관측; 안전/불량 범위 확정 불가
Max_Injection_Pressure × Mold_Temperature_3,"0.547517855938155 / [-0.82355464, -0.1966311)",18,2,0.1111111111111111,"[0.03101952264561239, 0.32799765130178804]",6,,"[None, None]",insufficient_support,0.0423728813559322,True,insufficient_support,표본 부족 또는 미관측; 안전/불량 범위 확정 불가
Max_Injection_Pressure × Mold_Temperature_3,"0.547517855938155 / [-0.96603789, -0.82355464)",5,0,0.0,"[0.0, 0.43448246478317476]",3,,"[None, None]",insufficient_support,0.0423728813559322,False,insufficient_support,표본 부족 또는 미관측; 안전/불량 범위 확정 불가
Max_Injection_Pressure × Mold_Temperature_3,"0.547517855938155 / [-1.3934849, -0.96603789)",7,0,0.0,"[5.551115123125783e-17, 0.35433043506668743]",1,,"[None, None]",insufficient_support,0.0423728813559322,False,insufficient_support,표본 부족 또는 미관측; 안전/불량 범위 확정 불가
Max_Injection_Pressure × Mold_Temperature_3,"0.547517855938155 / [-1.9634151, -1.3934849)",4,0,0.0,"[0.0, 0.4898908364545973]",3,,"[None, None]",insufficient_support,0.0423728813559322,False,insufficient_support,표본 부족 또는 미관측; 안전/불량 범위 확정 불가
Max_Injection_Pressure × Mold_Temperature_3,"0.547517855938155 / [0.17382533, 0.31630585)",9,0,0.0,"[0.0, 0.2991450484195441]",1,,"[None, None]",insufficient_support,0.0423728813559322,False,insufficient_support,표본 부족 또는 미관측; 안전/불량 범위 확정 불가
Max_Injection_Pressure × Mold_Temperature_3,"0.547517855938155 / [0.31630585, 0.60127233)",18,0,0.0,"[0.0, 0.17587922364665765]",4,,"[None, None]",insufficient_support,0.0423728813559322,False,insufficient_support,표본 부족 또는 미관측; 안전/불량 범위 확정 불가
Max_Injection_Pressure × Mold_Temperature_3,"0.547517855938155 / [0.60127233, 1.0287193)",9,0,0.0,"[0.0, 0.2991450484195441]",2,,"[None, None]",insufficient_support,0.0423728813559322,False,insufficient_support,표본 부족 또는 미관측; 안전/불량 범위 확정 불가
Max_Injection_Pressure × Mold_Temperature_3,"0.547517855938155 / [1.0287193, 1.3136858)",24,1,0.041666666666666664,"[0.0073934561655057685, 0.20241806478655938]",6,,"[None, None]",insufficient_support,0.0423728813559322,False,insufficient_support,표본 부족 또는 미관측; 안전/불량 범위 확정 불가
Max_Injection_Pressure × Mold_Temperature_3,"0.547517855938155 / [1.3136858, 1.5986523]",17,1,0.058823529411764705,"[0.010460400984997592, 0.26982030637575405]",6,,"[None, None]",insufficient_support,0.0423728813559322,True,insufficient_support,표본 부족 또는 미관측; 안전/불량 범위 확정 불가
Max_Injection_Pressure × Mold_Temperature_3,"1.203937739304957 / [-0.1966311, 0.17382533)",2,0,0.0,"[0.0, 0.6576197724933469]",1,,"[None, None]",insufficient_support,0.0423728813559322,False,insufficient_support,표본 부족 또는 미관측; 안전/불량 범위 확정 불가
Max_Injection_Pressure × Mold_Temperature_3,"1.203937739304957 / [-0.82355464, -0.1966311)",14,1,0.07142857142857142,"[0.012722215247890939, 0.31468704424151117]",2,,"[None, None]",insufficient_support,0.0423728813559322,True,insufficient_support,표본 부족 또는 미관측; 안전/불량 범위 확정 불가
Max_Injection_Pressure × Mold_Temperature_3,"1.203937739304957 / [-0.96603789, -0.82355464)",0,0,,"[None, None]",1,,"[None, None]",insufficient_support,0.0423728813559322,False,insufficient_support,표본 부족 또는 미관측; 안전/불량 범위 확정 불가
Max_Injection_Pressure × Mold_Temperature_3,"1.203937739304957 / [-1.3934849, -0.96603789)",5,0,0.0,"[0.0, 0.43448246478317476]",0,,"[None, None]",insufficient_support,0.0423728813559322,False,insufficient_support,표본 부족 또는 미관측; 안전/불량 범위 확정 불가
Max_Injection_Pressure × Mold_Temperature_3,"1.203937739304957 / [-1.9634151, -1.3934849)",5,0,0.0,"[0.0, 0.43448246478317476]",4,,"[None, None]",insufficient_support,0.0423728813559322,False,insufficient_support,표본 부족 또는 미관측; 안전/불량 범위 확정 불가
Max_Injection_Pressure × Mold_Temperature_3,"1.203937739304957 / [0.17382533, 0.31630585)",1,0,0.0,"[0.0, 0.7934506856227626]",0,,"[None, None]",insufficient_support,0.0423728813559322,False,insufficient_support,표본 부족 또는 미관측; 안전/불량 범위 확정 불가
Max_Injection_Pressure × Mold_Temperature_3,"1.203937739304957 / [0.31630585, 0.60127233)",7,0,0.0,"[5.551115123125783e-17, 0.35433043506668743]",1,,"[None, None]",insufficient_support,0.0423728813559322,False,insufficient_support,표본 부족 또는 미관측; 안전/불량 범위 확정 불가
Max_Injection_Pressure × Mold_Temperature_3,"1.203937739304957 / [0.60127233, 1.0287193)",10,0,0.0,"[0.0, 0.2775327998628892]",0,,"[None, None]",insufficient_support,0.0423728813559322,False,insufficient_support,표본 부족 또는 미관측; 안전/불량 범위 확정 불가
Max_Injection_Pressure × Mold_Temperature_3,"1.203937739304957 / [1.0287193, 1.3136858)",13,1,0.07692307692307693,"[0.013710421242556586, 0.3331395092109959]",2,,"[None, None]",insufficient_support,0.0423728813559322,True,insufficient_support,표본 부족 또는 미관측; 안전/불량 범위 확정 불가
Max_Injection_Pressure × Mold_Temperature_3,"1.203937739304957 / [1.3136858, 1.5986523]",20,0,0.0,"[0.0, 0.16112515805281938]",3,,"[None, None]",insufficient_support,0.0423728813559322,False,insufficient_support,표본 부족 또는 미관측; 안전/불량 범위 확정 불가
Max_Injection_Pressure × Mold_Temperature_3,"1.8602574670594052 / [-0.82355464, -0.1966311)",4,0,0.0,"[0.0, 0.4898908364545973]",1,,"[None, None]",insufficient_support,0.0423728813559322,False,insufficient_support,표본 부족 또는 미관측; 안전/불량 범위 확정 불가
Max_Injection_Pressure × Mold_Temperature_3,"1.8602574670594052 / [-1.3934849, -0.96603789)",3,1,0.3333333333333333,"[0.06149194472039621, 0.7923403991979522]",0,,"[None, None]",insufficient_support,0.0423728813559322,True,insufficient_support,표본 부족 또는 미관측; 안전/불량 범위 확정 불가
Max_Injection_Pressure × Mold_Temperature_3,"1.8602574670594052 / [0.60127233, 1.0287193)",2,0,0.0,"[0.0, 0.6576197724933469]",1,,"[None, None]",insufficient_support,0.0423728813559322,False,insufficient_support,표본 부족 또는 미관측; 안전/불량 범위 확정 불가
Max_Injection_Pressure × Mold_Temperature_3,"1.8602574670594052 / [1.0287193, 1.3136858)",9,0,0.0,"[0.0, 0.2991450484195441]",1,,"[None, None]",insufficient_support,0.0423728813559322,False,insufficient_support,표본 부족 또는 미관측; 안전/불량 범위 확정 불가
Max_Injection_Pressure × Mold_Temperature_3,"1.8602574670594052 / [1.3136858, 1.5986523]",4,0,0.0,"[0.0, 0.4898908364545973]",1,,"[None, None]",insufficient_support,0.0423728813559322,False,insufficient_support,표본 부족 또는 미관측; 안전/불량 범위 확정 불가
Max_Injection_Pressure × Mold_Temperature_3,"unseen / [1.0287193, 1.3136858)",0,0,,"[None, None]",1,,"[None, None]",insufficient_support,0.0423728813559322,False,insufficient_support,표본 부족 또는 미관측; 안전/불량 범위 확정 불가
