candidate_id,scenario,fold,train_rows,train_risk,validation_rows,validation_risk,n_features,n_trees,max_fitted_depth,fit_seconds
648,group_pca,0,354,15,118,5,13,300,3,0.5683502999600023
648,group_pca,1,354,15,118,5,13,300,3,0.5963739999569952
648,group_pca,2,354,15,118,5,13,300,3,0.6310541999991983
648,group_pca,3,354,15,118,5,13,300,3,0.5712111000902951
649,group_pca,0,354,15,118,5,13,300,3,0.5893408000702038
649,group_pca,1,354,15,118,5,13,300,3,0.7040542999748141
649,group_pca,2,354,15,118,5,13,300,3,0.6396658000303432
649,group_pca,3,354,15,118,5,13,300,3,0.6181075999047607
650,group_pca,0,354,15,118,5,13,300,3,0.8632412999868393
650,group_pca,1,354,15,118,5,13,300,3,0.9798862000461668
650,group_pca,2,354,15,118,5,13,300,3,0.8944685000460595
650,group_pca,3,354,15,118,5,13,300,3,0.8818589000729844
651,group_pca,0,354,15,118,5,13,300,3,0.6699099999386817
651,group_pca,1,354,15,118,5,13,300,3,0.7442075000144541
651,group_pca,2,354,15,118,5,13,300,3,0.6381278999615461
651,group_pca,3,354,15,118,5,13,300,3,0.6675057999091223
652,group_pca,0,354,15,118,5,13,300,3,0.6354524999624118
652,group_pca,1,354,15,118,5,13,300,3,0.6496759000001475
652,group_pca,2,354,15,118,5,13,300,3,0.6711346000665799
652,group_pca,3,354,15,118,5,13,300,3,0.6446491000242531
653,group_pca,0,354,15,118,5,13,300,3,0.9522310000611469
653,group_pca,1,354,15,118,5,13,300,3,0.8900933000259101
653,group_pca,2,354,15,118,5,13,300,3,0.8448470999719575
653,group_pca,3,354,15,118,5,13,300,3,0.7879030000185594
654,group_pca,0,354,15,118,5,13,300,3,0.7603123999433592
654,group_pca,1,354,15,118,5,13,300,3,0.8215558999218047
654,group_pca,2,354,15,118,5,13,300,3,0.724282699986361
654,group_pca,3,354,15,118,5,13,300,3,0.665401800069958
655,group_pca,0,354,15,118,5,13,300,3,0.732388100004755
655,group_pca,1,354,15,118,5,13,300,3,0.6973272999748588
655,group_pca,2,354,15,118,5,13,300,3,0.7081745000323281
655,group_pca,3,354,15,118,5,13,300,3,0.7022718000225723
656,group_pca,0,354,15,118,5,13,300,3,0.9150319000473246
656,group_pca,1,354,15,118,5,13,300,3,0.9291297000600025
656,group_pca,2,354,15,118,5,13,300,3,0.9602689000312239
656,group_pca,3,354,15,118,5,13,300,3,0.9101357000181451
657,group_pca,0,354,15,118,5,13,300,3,0.5672981000971049
657,group_pca,1,354,15,118,5,13,300,3,0.5661585999187082
657,group_pca,2,354,15,118,5,13,300,3,0.503118299995549
657,group_pca,3,354,15,118,5,13,300,3,0.39509630005341023
658,group_pca,0,354,15,118,5,13,300,3,0.5238578000571579
658,group_pca,1,354,15,118,5,13,300,3,0.5495868999278173
658,group_pca,2,354,15,118,5,13,300,3,0.5616412999806926
658,group_pca,3,354,15,118,5,13,300,3,0.5352583999047056
659,group_pca,0,354,15,118,5,13,300,3,0.7358627000357956
659,group_pca,1,354,15,118,5,13,300,3,0.8410600000061095
659,group_pca,2,354,15,118,5,13,300,3,0.7893558999057859
659,group_pca,3,354,15,118,5,13,300,3,0.8324415000388399
660,group_pca,0,354,15,118,5,13,300,3,0.5577110999729484
660,group_pca,1,354,15,118,5,13,300,3,0.47743139998055995
660,group_pca,2,354,15,118,5,13,300,3,0.6650421000085771
660,group_pca,3,354,15,118,5,13,300,3,0.5227453999686986
661,group_pca,0,354,15,118,5,13,300,3,0.5915525000309572
661,group_pca,1,354,15,118,5,13,300,3,0.6533617000095546
661,group_pca,2,354,15,118,5,13,300,3,0.6130651999264956
661,group_pca,3,354,15,118,5,13,300,3,0.5932490000268444
662,group_pca,0,354,15,118,5,13,300,3,0.8358629998983815
662,group_pca,1,354,15,118,5,13,300,3,0.7336723000044003
662,group_pca,2,354,15,118,5,13,300,3,0.79754350008443
662,group_pca,3,354,15,118,5,13,300,3,0.8365662998985499
663,group_pca,0,354,15,118,5,13,300,3,0.6578330000629649
663,group_pca,1,354,15,118,5,13,300,3,0.6465524999657646
663,group_pca,2,354,15,118,5,13,300,3,0.7199735000031069
663,group_pca,3,354,15,118,5,13,300,3,0.6698543999809772
664,group_pca,0,354,15,118,5,13,300,3,0.6361060000490397
664,group_pca,1,354,15,118,5,13,300,3,0.5422026999294758
664,group_pca,2,354,15,118,5,13,300,3,0.6458562000188977
664,group_pca,3,354,15,118,5,13,300,3,0.6869223999092355
665,group_pca,0,354,15,118,5,13,300,3,0.9268863999750465
665,group_pca,1,354,15,118,5,13,300,3,0.8902102999854833
665,group_pca,2,354,15,118,5,13,300,3,0.902382200001739
665,group_pca,3,354,15,118,5,13,300,3,0.9230869000311941
666,group_pca,0,354,15,118,5,13,300,3,0.5594144000206143
666,group_pca,1,354,15,118,5,13,300,3,0.5763386000180617
666,group_pca,2,354,15,118,5,13,300,3,0.5576807999750599
666,group_pca,3,354,15,118,5,13,300,3,0.5456478999694809
667,group_pca,0,354,15,118,5,13,300,3,0.588983100024052
667,group_pca,1,354,15,118,5,13,300,3,0.5592040000483394
667,group_pca,2,354,15,118,5,13,300,3,0.5970407000277191
667,group_pca,3,354,15,118,5,13,300,3,0.5418765000067651
668,group_pca,0,354,15,118,5,13,300,3,0.8109990000957623
668,group_pca,1,354,15,118,5,13,300,3,0.7768803000217304
668,group_pca,2,354,15,118,5,13,300,3,0.8377560999942943
668,group_pca,3,354,15,118,5,13,300,3,0.7754479999421164
669,group_pca,0,354,15,118,5,13,300,3,0.5430944999679923
669,group_pca,1,354,15,118,5,13,300,3,0.5759595000417903
669,group_pca,2,354,15,118,5,13,300,3,0.5965985000366345
669,group_pca,3,354,15,118,5,13,300,3,0.5377895999699831
670,group_pca,0,354,15,118,5,13,300,3,0.5812854999676347
670,group_pca,1,354,15,118,5,13,300,3,0.550089200027287
670,group_pca,2,354,15,118,5,13,300,3,0.6096989000216126
670,group_pca,3,354,15,118,5,13,300,3,0.5568320999154821
671,group_pca,0,354,15,118,5,13,300,3,0.8432639000238851
671,group_pca,1,354,15,118,5,13,300,3,0.8533839000156149
671,group_pca,2,354,15,118,5,13,300,3,0.8106022001011297
671,group_pca,3,354,15,118,5,13,300,3,0.7881509999278933
672,group_pca,0,354,15,118,5,13,300,3,0.68990009999834
672,group_pca,1,354,15,118,5,13,300,3,0.7032671000342816
672,group_pca,2,354,15,118,5,13,300,3,0.6027331999503076
672,group_pca,3,354,15,118,5,13,300,3,0.6617525999899954
673,group_pca,0,354,15,118,5,13,300,3,0.6124626999953762
673,group_pca,1,354,15,118,5,13,300,3,0.6485932000214234
673,group_pca,2,354,15,118,5,13,300,3,0.619371599983424
673,group_pca,3,354,15,118,5,13,300,3,0.6126471000025049
674,group_pca,0,354,15,118,5,13,300,3,0.9181498000398278
674,group_pca,1,354,15,118,5,13,300,3,0.8744330999907106
674,group_pca,2,354,15,118,5,13,300,3,0.9429531999630854
674,group_pca,3,354,15,118,5,13,300,3,0.7976098000071943
675,group_pca,0,354,15,118,5,13,300,3,0.4930026000365615
675,group_pca,1,354,15,118,5,13,300,3,0.44374330004211515
675,group_pca,2,354,15,118,5,13,300,3,0.47606090002227575
675,group_pca,3,354,15,118,5,13,300,3,0.46971630002371967
676,group_pca,0,354,15,118,5,13,300,3,0.5379395999480039
676,group_pca,1,354,15,118,5,13,300,3,0.5041226999601349
676,group_pca,2,354,15,118,5,13,300,3,0.47547119995579123
676,group_pca,3,354,15,118,5,13,300,3,0.3877210000064224
677,group_pca,0,354,15,118,5,13,300,3,0.7520263999467716
677,group_pca,1,354,15,118,5,13,300,3,0.6488666000077501
677,group_pca,2,354,15,118,5,13,300,3,0.6177928000688553
677,group_pca,3,354,15,118,5,13,300,3,0.6254191000480205
678,group_pca,0,354,15,118,5,13,300,3,0.4020429999800399
678,group_pca,1,354,15,118,5,13,300,3,0.437667699996382
678,group_pca,2,354,15,118,5,13,300,3,0.4686229999642819
678,group_pca,3,354,15,118,5,13,300,3,0.4320720999967307
679,group_pca,0,354,15,118,5,13,300,3,0.4866916999453679
679,group_pca,1,354,15,118,5,13,300,3,0.46770689997356385
679,group_pca,2,354,15,118,5,13,300,3,0.4924955000169575
679,group_pca,3,354,15,118,5,13,300,3,0.4874384000431746
680,group_pca,0,354,15,118,5,13,300,3,0.6478696999838576
680,group_pca,1,354,15,118,5,13,300,3,0.6635127000045031
680,group_pca,2,354,15,118,5,13,300,3,0.8677744000451639
680,group_pca,3,354,15,118,5,13,300,3,0.8816839000210166
681,group_pca,0,354,15,118,5,13,300,3,0.6437523999484256
681,group_pca,1,354,15,118,5,13,300,3,0.6335225999355316
681,group_pca,2,354,15,118,5,13,300,3,0.7214606000343338
681,group_pca,3,354,15,118,5,13,300,3,0.7077616000315174
682,group_pca,0,354,15,118,5,13,300,3,0.590334799955599
682,group_pca,1,354,15,118,5,13,300,3,0.6178737999871373
682,group_pca,2,354,15,118,5,13,300,3,0.7105076999869198
682,group_pca,3,354,15,118,5,13,300,3,0.5664217000594363
683,group_pca,0,354,15,118,5,13,300,3,0.955689600086771
683,group_pca,1,354,15,118,5,13,300,3,0.8579133999301121
683,group_pca,2,354,15,118,5,13,300,3,1.0197054999880493
683,group_pca,3,354,15,118,5,13,300,3,0.8697749000275508
684,group_pca,0,354,15,118,5,13,300,6,0.5275862000416964
684,group_pca,1,354,15,118,5,13,300,6,0.6752694000024348
684,group_pca,2,354,15,118,5,13,300,6,0.5570043000625446
684,group_pca,3,354,15,118,5,13,300,6,0.5225155000807717
685,group_pca,0,354,15,118,5,13,300,6,0.6636529000243172
685,group_pca,1,354,15,118,5,13,300,6,0.5332398000173271
685,group_pca,2,354,15,118,5,13,300,6,0.5564180000219494
685,group_pca,3,354,15,118,5,13,300,6,0.549877000041306
686,group_pca,0,354,15,118,5,13,300,6,0.8648796000052243
686,group_pca,1,354,15,118,5,13,300,6,0.7461344000184909
686,group_pca,2,354,15,118,5,13,300,6,0.8892449999693781
686,group_pca,3,354,15,118,5,13,300,6,0.7480533999623731
687,group_pca,0,354,15,118,5,13,300,6,0.6075067000929266
687,group_pca,1,354,15,118,5,13,300,6,0.6566369999200106
687,group_pca,2,354,15,118,5,13,300,6,0.5958574000978842
687,group_pca,3,354,15,118,5,13,300,6,0.5556031999876723
688,group_pca,0,354,15,118,5,13,300,6,0.5884607000043616
688,group_pca,1,354,15,118,5,13,300,6,0.6458791000768542
688,group_pca,2,354,15,118,5,13,300,6,0.5845024000154808
688,group_pca,3,354,15,118,5,13,300,6,0.5764577999943867
689,group_pca,0,354,15,118,5,13,300,6,0.7716450000880286
689,group_pca,1,354,15,118,5,13,300,6,0.7410252999980003
689,group_pca,2,354,15,118,5,13,300,6,0.9017630000598729
689,group_pca,3,354,15,118,5,13,300,6,0.8311815999913961
690,group_pca,0,354,15,118,5,13,300,6,0.6803283999906853
690,group_pca,1,354,15,118,5,13,300,6,0.8580848999554291
690,group_pca,2,354,15,118,5,13,300,6,0.7918873999733478
690,group_pca,3,354,15,118,5,13,300,6,0.8047440000809729
691,group_pca,0,354,15,118,5,13,300,6,0.7510773000540212
691,group_pca,1,354,15,118,5,13,300,6,0.6486858000280336
691,group_pca,2,354,15,118,5,13,300,6,0.6204347000457346
691,group_pca,3,354,15,118,5,13,300,6,0.7215647000120953
692,group_pca,0,354,15,118,5,13,300,6,1.0406494000926614
692,group_pca,1,354,15,118,5,13,300,6,0.916644399985671
692,group_pca,2,354,15,118,5,13,300,6,0.9178228999953717
692,group_pca,3,354,15,118,5,13,300,6,0.9163075999822468
693,group_pca,0,354,15,118,5,13,300,6,0.5550797000760213
693,group_pca,1,354,15,118,5,13,300,6,0.6194783999817446
693,group_pca,2,354,15,118,5,13,300,6,0.554441099986434
693,group_pca,3,354,15,118,5,13,300,6,0.5336325000971556
694,group_pca,0,354,15,118,5,13,300,6,0.5910359000554308
694,group_pca,1,354,15,118,5,13,300,6,0.5275953999953344
694,group_pca,2,354,15,118,5,13,300,6,0.6522283999947831
694,group_pca,3,354,15,118,5,13,300,6,0.6677704999456182
695,group_pca,0,354,15,118,5,13,300,6,0.7600412999745458
695,group_pca,1,354,15,118,5,13,300,6,0.9473450999939814
695,group_pca,2,354,15,118,5,13,300,6,0.8615797000238672
695,group_pca,3,354,15,118,5,13,300,6,0.894061499973759
696,group_pca,0,354,15,118,5,13,300,6,0.7317280999850482
696,group_pca,1,354,15,118,5,13,300,6,0.7355533000081778
696,group_pca,2,354,15,118,5,13,300,6,0.4423590999795124
696,group_pca,3,354,15,118,5,13,300,6,0.6765725000295788
697,group_pca,0,354,15,118,5,13,300,6,0.7310180999338627
697,group_pca,1,354,15,118,5,13,300,6,0.6845105000538751
697,group_pca,2,354,15,118,5,13,300,6,0.632652600063011
697,group_pca,3,354,15,118,5,13,300,6,0.6195475000422448
698,group_pca,0,354,15,118,5,13,300,6,0.7322140999604017
698,group_pca,1,354,15,118,5,13,300,6,0.7929721999680623
698,group_pca,2,354,15,118,5,13,300,6,0.8438026000512764
698,group_pca,3,354,15,118,5,13,300,6,0.7233460999559611
699,group_pca,0,354,15,118,5,13,300,6,0.7004917999729514
699,group_pca,1,354,15,118,5,13,300,6,0.7923782999860123
699,group_pca,2,354,15,118,5,13,300,6,0.709687800030224
699,group_pca,3,354,15,118,5,13,300,6,0.6269053999567404
700,group_pca,0,354,15,118,5,13,300,6,0.6028262000763789
700,group_pca,1,354,15,118,5,13,300,6,0.5952848999295384
700,group_pca,2,354,15,118,5,13,300,6,0.6158226999687031
700,group_pca,3,354,15,118,5,13,300,6,0.6163457999937236
701,group_pca,0,354,15,118,5,13,300,6,0.8798713999567553
701,group_pca,1,354,15,118,5,13,300,6,0.903015699936077
701,group_pca,2,354,15,118,5,13,300,6,0.8306639000074938
701,group_pca,3,354,15,118,5,13,300,6,0.8710651000728831
702,group_pca,0,354,15,118,5,13,300,6,0.5564470000099391
702,group_pca,1,354,15,118,5,13,300,6,0.5027973999967799
702,group_pca,2,354,15,118,5,13,300,6,0.4128086999990046
702,group_pca,3,354,15,118,5,13,300,6,0.4779049000935629
703,group_pca,0,354,15,118,5,13,300,6,0.5425157999852672
703,group_pca,1,354,15,118,5,13,300,6,0.4740476000588387
703,group_pca,2,354,15,118,5,13,300,6,0.4717321000061929
703,group_pca,3,354,15,118,5,13,300,6,0.4127322999993339
704,group_pca,0,354,15,118,5,13,300,6,0.7361251000547782
704,group_pca,1,354,15,118,5,13,300,6,0.658683400019072
704,group_pca,2,354,15,118,5,13,300,6,0.7100310999667272
704,group_pca,3,354,15,118,5,13,300,6,0.7409645000007004
705,group_pca,0,354,15,118,5,13,300,6,0.5168009999906644
705,group_pca,1,354,15,118,5,13,300,6,0.4919137000106275
705,group_pca,2,354,15,118,5,13,300,6,0.5387543000979349
705,group_pca,3,354,15,118,5,13,300,6,0.5563438000390306
706,group_pca,0,354,15,118,5,13,300,6,0.49959310004487634
706,group_pca,1,354,15,118,5,13,300,6,0.45920300006400794
706,group_pca,2,354,15,118,5,13,300,6,0.5028707000892609
706,group_pca,3,354,15,118,5,13,300,6,0.4660854999674484
707,group_pca,0,354,15,118,5,13,300,6,0.8260510000400245
707,group_pca,1,354,15,118,5,13,300,6,0.7932059000013396
707,group_pca,2,354,15,118,5,13,300,6,0.5790626000380144
707,group_pca,3,354,15,118,5,13,300,6,0.6491869000019506
708,group_pca,0,354,15,118,5,13,300,6,0.648267799988389
708,group_pca,1,354,15,118,5,13,300,6,0.5453631000127643
708,group_pca,2,354,15,118,5,13,300,6,0.6399808999849483
708,group_pca,3,354,15,118,5,13,300,6,0.5639501999830827
709,group_pca,0,354,15,118,5,13,300,6,0.4855478999670595
709,group_pca,1,354,15,118,5,13,300,6,0.5437319000484422
709,group_pca,2,354,15,118,5,13,300,6,0.4495163999963552
709,group_pca,3,354,15,118,5,13,300,6,0.5056318999268115
710,group_pca,0,354,15,118,5,13,300,6,0.6793121000519022
710,group_pca,1,354,15,118,5,13,300,6,0.6531695999437943
710,group_pca,2,354,15,118,5,13,300,6,0.677431600051932
710,group_pca,3,354,15,118,5,13,300,6,0.7065756999654695
711,group_pca,0,354,15,118,5,13,300,6,0.3959857999579981
711,group_pca,1,354,15,118,5,13,300,6,0.393320299917832
711,group_pca,2,354,15,118,5,13,300,6,0.406674399971962
711,group_pca,3,354,15,118,5,13,300,6,0.36925610003527254
712,group_pca,0,354,15,118,5,13,300,6,0.366536800051108
712,group_pca,1,354,15,118,5,13,300,6,0.3472569000441581
712,group_pca,2,354,15,118,5,13,300,6,0.4754702999489382
712,group_pca,3,354,15,118,5,13,300,6,0.46768350002821535
713,group_pca,0,354,15,118,5,13,300,6,0.5414397000567988
713,group_pca,1,354,15,118,5,13,300,6,0.6197647000662982
713,group_pca,2,354,15,118,5,13,300,6,0.5299496999941766
713,group_pca,3,354,15,118,5,13,300,6,0.5318341000238433
714,group_pca,0,354,15,118,5,13,300,6,0.4937369000399485
714,group_pca,1,354,15,118,5,13,300,6,0.481125499936752
714,group_pca,2,354,15,118,5,13,300,6,0.4672053001122549
714,group_pca,3,354,15,118,5,13,300,6,0.5384633999783546
715,group_pca,0,354,15,118,5,13,300,6,0.4650967000052333
715,group_pca,1,354,15,118,5,13,300,6,0.3932834999868646
715,group_pca,2,354,15,118,5,13,300,6,0.44860829995013773
715,group_pca,3,354,15,118,5,13,300,6,0.6701923999935389
716,group_pca,0,354,15,118,5,13,300,6,0.6926104999147356
716,group_pca,1,354,15,118,5,13,300,6,0.857690199976787
716,group_pca,2,354,15,118,5,13,300,6,0.7960226000286639
716,group_pca,3,354,15,118,5,13,300,6,0.7249696999788284
717,group_pca,0,354,15,118,5,13,300,6,0.7487642000196502
717,group_pca,1,354,15,118,5,13,300,6,0.7177431000163779
717,group_pca,2,354,15,118,5,13,300,6,0.6689003000501543
717,group_pca,3,354,15,118,5,13,300,6,0.6975547999609262
718,group_pca,0,354,15,118,5,13,300,6,0.6636606000829488
718,group_pca,1,354,15,118,5,13,300,6,0.6497258000308648
718,group_pca,2,354,15,118,5,13,300,6,0.5635680999839678
718,group_pca,3,354,15,118,5,13,300,6,0.6741863000206649
719,group_pca,0,354,15,118,5,13,300,6,0.753797100041993
719,group_pca,1,354,15,118,5,13,300,6,0.9255983999464661
719,group_pca,2,354,15,118,5,13,300,6,1.0389781999401748
719,group_pca,3,354,15,118,5,13,300,6,0.9655408000107855
720,group_pca,0,354,15,118,5,13,300,13,0.5919283999828622
720,group_pca,1,354,15,118,5,13,300,14,0.6859148000366986
720,group_pca,2,354,15,118,5,13,300,14,0.6206826000707224
720,group_pca,3,354,15,118,5,13,300,13,0.44788869994226843
721,group_pca,0,354,15,118,5,13,300,20,0.6585817999439314
721,group_pca,1,354,15,118,5,13,300,21,0.6000173001084477
721,group_pca,2,354,15,118,5,13,300,20,0.5135852000676095
721,group_pca,3,354,15,118,5,13,300,22,0.4966816999949515
722,group_pca,0,354,15,118,5,13,300,22,0.9199686000356451
722,group_pca,1,354,15,118,5,13,300,23,0.7216550000011921
722,group_pca,2,354,15,118,5,13,300,23,0.5951386999804527
722,group_pca,3,354,15,118,5,13,300,22,0.7245665000518784
723,group_pca,0,354,15,118,5,13,300,11,0.5489207999780774
723,group_pca,1,354,15,118,5,13,300,13,0.6170336999930441
723,group_pca,2,354,15,118,5,13,300,13,0.47361679992172867
723,group_pca,3,354,15,118,5,13,300,12,0.5227248999290168
724,group_pca,0,354,15,118,5,13,300,18,0.5063306000083685
724,group_pca,1,354,15,118,5,13,300,21,0.47220820002257824
724,group_pca,2,354,15,118,5,13,300,20,0.5121329000685364
724,group_pca,3,354,15,118,5,13,300,18,0.5710717999609187
725,group_pca,0,354,15,118,5,13,300,21,0.6723909999709576
725,group_pca,1,354,15,118,5,13,300,21,0.783516600029543
725,group_pca,2,354,15,118,5,13,300,22,0.6797708000522107
725,group_pca,3,354,15,118,5,13,300,19,0.6124345000134781
726,group_pca,0,354,15,118,5,13,300,11,0.5828137999633327
726,group_pca,1,354,15,118,5,13,300,13,0.8736467000562698
726,group_pca,2,354,15,118,5,13,300,12,0.6417063999688253
726,group_pca,3,354,15,118,5,13,300,12,0.5522375999717042
727,group_pca,0,354,15,118,5,13,300,20,0.7246178000932559
727,group_pca,1,354,15,118,5,13,300,24,0.600384599994868
727,group_pca,2,354,15,118,5,13,300,18,0.43021919997408986
727,group_pca,3,354,15,118,5,13,300,19,0.47810319997370243
728,group_pca,0,354,15,118,5,13,300,22,0.8021426000632346
728,group_pca,1,354,15,118,5,13,300,22,0.7332429999951273
728,group_pca,2,354,15,118,5,13,300,22,0.6672932000365108
728,group_pca,3,354,15,118,5,13,300,22,0.599186799954623
729,group_pca,0,354,15,118,5,13,300,10,0.34762150002643466
729,group_pca,1,354,15,118,5,13,300,13,0.31032160005997866
729,group_pca,2,354,15,118,5,13,300,13,0.3343637000070885
729,group_pca,3,354,15,118,5,13,300,12,0.348911999957636
730,group_pca,0,354,15,118,5,13,300,13,0.3370366001036018
730,group_pca,1,354,15,118,5,13,300,15,0.42078980000223964
730,group_pca,2,354,15,118,5,13,300,14,0.3374264999292791
730,group_pca,3,354,15,118,5,13,300,16,0.34419770003296435
731,group_pca,0,354,15,118,5,13,300,15,0.5319475999567658
731,group_pca,1,354,15,118,5,13,300,17,0.4982772000366822
731,group_pca,2,354,15,118,5,13,300,15,0.5052635000320151
731,group_pca,3,354,15,118,5,13,300,16,0.5416223000502214
732,group_pca,0,354,15,118,5,13,300,10,0.3985814000479877
732,group_pca,1,354,15,118,5,13,300,11,0.4208991000195965
732,group_pca,2,354,15,118,5,13,300,11,0.39185450004879385
732,group_pca,3,354,15,118,5,13,300,10,0.4344226000830531
733,group_pca,0,354,15,118,5,13,300,13,0.3947872999124229
733,group_pca,1,354,15,118,5,13,300,15,0.3512095999903977
733,group_pca,2,354,15,118,5,13,300,14,0.43174110003747046
733,group_pca,3,354,15,118,5,13,300,15,0.42554850003216416
734,group_pca,0,354,15,118,5,13,300,16,0.5549006999935955
734,group_pca,1,354,15,118,5,13,300,16,0.5483028999296948
734,group_pca,2,354,15,118,5,13,300,17,0.544327300041914
734,group_pca,3,354,15,118,5,13,300,16,0.5336021999828517
735,group_pca,0,354,15,118,5,13,300,10,0.4968010000884533
735,group_pca,1,354,15,118,5,13,300,11,0.5825959999347106
735,group_pca,2,354,15,118,5,13,300,10,0.5646247999975458
735,group_pca,3,354,15,118,5,13,300,9,0.5027653001016006
736,group_pca,0,354,15,118,5,13,300,15,0.40206260001286864
736,group_pca,1,354,15,118,5,13,300,16,0.46205990004818887
736,group_pca,2,354,15,118,5,13,300,15,0.5107325999997556
736,group_pca,3,354,15,118,5,13,300,15,0.4878973999293521
737,group_pca,0,354,15,118,5,13,300,16,0.6992376999696717
737,group_pca,1,354,15,118,5,13,300,17,0.6644681000616401
737,group_pca,2,354,15,118,5,13,300,15,0.6405876000644639
737,group_pca,3,354,15,118,5,13,300,14,0.6195168000413105
738,group_pca,0,354,15,118,5,13,300,10,0.32520750002004206
738,group_pca,1,354,15,118,5,13,300,12,0.3499707999872044
738,group_pca,2,354,15,118,5,13,300,10,0.3152321999659762
738,group_pca,3,354,15,118,5,13,300,9,0.3374792999820784
739,group_pca,0,354,15,118,5,13,300,12,0.3841243999777362
739,group_pca,1,354,15,118,5,13,300,14,0.3899647999787703
739,group_pca,2,354,15,118,5,13,300,11,0.35181669995654374
739,group_pca,3,354,15,118,5,13,300,13,0.3471032000379637
740,group_pca,0,354,15,118,5,13,300,12,0.48522540007252246
740,group_pca,1,354,15,118,5,13,300,14,0.5186370000010356
740,group_pca,2,354,15,118,5,13,300,13,0.5409774000290781
740,group_pca,3,354,15,118,5,13,300,14,0.43362589995376766
741,group_pca,0,354,15,118,5,13,300,8,0.43867750000208616
741,group_pca,1,354,15,118,5,13,300,9,0.41143119998741895
741,group_pca,2,354,15,118,5,13,300,10,0.4562467000214383
741,group_pca,3,354,15,118,5,13,300,8,0.39358440006617457
742,group_pca,0,354,15,118,5,13,300,12,0.4074021000415087
742,group_pca,1,354,15,118,5,13,300,13,0.3934033999685198
742,group_pca,2,354,15,118,5,13,300,11,0.3934356999816373
742,group_pca,3,354,15,118,5,13,300,11,0.33853059995453805
743,group_pca,0,354,15,118,5,13,300,13,0.4915717999683693
743,group_pca,1,354,15,118,5,13,300,14,0.6072525999043137
743,group_pca,2,354,15,118,5,13,300,13,0.46175720007158816
743,group_pca,3,354,15,118,5,13,300,13,0.5150783000281081
744,group_pca,0,354,15,118,5,13,300,9,0.5178374999668449
744,group_pca,1,354,15,118,5,13,300,9,0.595918899984099
744,group_pca,2,354,15,118,5,13,300,9,0.534803600050509
744,group_pca,3,354,15,118,5,13,300,8,0.43830289994366467
745,group_pca,0,354,15,118,5,13,300,13,0.4496766000520438
745,group_pca,1,354,15,118,5,13,300,13,0.4537165999645367
745,group_pca,2,354,15,118,5,13,300,11,0.45426040003076196
745,group_pca,3,354,15,118,5,13,300,11,0.4440802000463009
746,group_pca,0,354,15,118,5,13,300,15,0.5784088000655174
746,group_pca,1,354,15,118,5,13,300,14,0.5933550000190735
746,group_pca,2,354,15,118,5,13,300,12,0.6478737000143155
746,group_pca,3,354,15,118,5,13,300,12,0.5941897999728099
747,group_pca,0,354,15,118,5,13,300,10,0.33086890005506575
747,group_pca,1,354,15,118,5,13,300,9,0.3739165000151843
747,group_pca,2,354,15,118,5,13,300,9,0.2977155999979004
747,group_pca,3,354,15,118,5,13,300,9,0.32009980001021177
748,group_pca,0,354,15,118,5,13,300,8,0.36779399996157736
748,group_pca,1,354,15,118,5,13,300,10,0.3612825999734923
748,group_pca,2,354,15,118,5,13,300,9,0.37533289997372776
748,group_pca,3,354,15,118,5,13,300,9,0.31194189994130284
749,group_pca,0,354,15,118,5,13,300,9,0.5441787999588996
749,group_pca,1,354,15,118,5,13,300,11,0.500433300039731
749,group_pca,2,354,15,118,5,13,300,10,0.5940677999751642
749,group_pca,3,354,15,118,5,13,300,10,0.5682528000324965
750,group_pca,0,354,15,118,5,13,300,8,0.3538834999781102
750,group_pca,1,354,15,118,5,13,300,8,0.40437899995595217
750,group_pca,2,354,15,118,5,13,300,8,0.4056531999958679
750,group_pca,3,354,15,118,5,13,300,7,0.336185900028795
751,group_pca,0,354,15,118,5,13,300,8,0.3649482000619173
751,group_pca,1,354,15,118,5,13,300,9,0.3661668000277132
751,group_pca,2,354,15,118,5,13,300,9,0.3962724000448361
751,group_pca,3,354,15,118,5,13,300,9,0.39687090006191283
752,group_pca,0,354,15,118,5,13,300,9,0.473791699972935
752,group_pca,1,354,15,118,5,13,300,10,0.4806404000846669
752,group_pca,2,354,15,118,5,13,300,9,0.5055839999113232
752,group_pca,3,354,15,118,5,13,300,10,0.47801219997927547
753,group_pca,0,354,15,118,5,13,300,7,0.42339410004206
753,group_pca,1,354,15,118,5,13,300,8,0.4240838000550866
753,group_pca,2,354,15,118,5,13,300,7,0.5334403000306338
753,group_pca,3,354,15,118,5,13,300,7,0.4982457999140024
754,group_pca,0,354,15,118,5,13,300,8,0.4922155000967905
754,group_pca,1,354,15,118,5,13,300,9,0.47038710000924766
754,group_pca,2,354,15,118,5,13,300,8,0.3594898999435827
754,group_pca,3,354,15,118,5,13,300,8,0.414773799944669
755,group_pca,0,354,15,118,5,13,300,9,0.6453360000159591
755,group_pca,1,354,15,118,5,13,300,10,0.6123223999748006
755,group_pca,2,354,15,118,5,13,300,9,0.533952199970372
755,group_pca,3,354,15,118,5,13,300,8,0.4105234000599012
