random_forest,relationship,isolation_forest,mean_percentile,stacking_lr,row,label
0.3341109520502421,0.718867107577664,0.4852517815534147,0.7640036730945822,0.436241720298405,0,0
0.6681267786547314,0.8109635791163586,0.5335131720981009,0.9302112029384757,0.9648965601761946,2,0
0.4887938152232819,0.6943792194954008,0.4875529600830022,0.7796143250688705,0.7327987502158607,3,0
0.6267444017074242,0.760045598841671,0.46219672955757574,0.8034894398530762,0.8532883302117944,4,0
0.33437947968333837,0.980732083305269,0.4729615017443555,0.8870523415977963,0.6526221364446598,5,0
0.6225884999750204,0.962263741293912,0.4680360929134559,0.9072543617998163,0.9442063041973051,6,0
0.6089619734031478,0.8462456667985441,0.4633366958970988,0.8696051423324151,0.8895621302616729,7,0
0.3690881826460555,0.7441194217476821,0.49358981943660696,0.8099173553719008,0.5460246437399334,8,0
0.4285015771593501,0.8282896491488718,0.49791488781073123,0.9118457300275482,0.7631930140479612,9,0
0.3819839073010455,0.797141721655287,0.4864671132412648,0.8448117539026629,0.5525896580149278,10,0
0.4008487404068851,0.7479428410154101,0.4759221440541335,0.7777777777777778,0.5369541423075551,11,0
0.39436612264159104,0.5933098335765392,0.5070415515683545,0.7134986225895318,0.6866088237962461,12,0
0.5148259784663878,0.8070829369239081,0.4822072711416262,0.9054178145087235,0.8823327230570335,15,0
0.5541608248763644,1.0314114697153893,0.5006619180846342,0.9614325068870523,0.9148770672280294,16,0
0.34764810912510524,1.0028867657472549,0.4867073567289762,0.888888888888889,0.5812155141246317,17,0
0.1896497304361072,0.5663805198255035,0.4972136239349201,0.6161616161616162,0.3585763969958428,18,0
0.5307274723400531,0.9000314160054018,0.4868400829212347,0.9283746556473829,0.8664719735198106,19,0
0.6975897633235038,0.699950143933611,0.555256643081053,0.8530762167125804,0.9786945982259722,22,0
0.34345447568801424,0.8232814329304382,0.49243781583685153,0.866850321395776,0.5591044656686547,23,0
0.5359538813895603,0.7192106166195197,0.46498018404965946,0.7667584940312214,0.7473350747284002,24,1
0.23584211536946123,0.6596284779767854,0.4845405121036286,0.682277318640955,0.24851107717552418,25,0
0.3887154003145293,0.6227566911154137,0.48890590339961315,0.6758494031221304,0.5421298076976879,26,0
0.5475604449675129,0.8550814929791669,0.4517340465023145,0.8117539026629936,0.7403313010009309,27,0
0.534496728369802,0.7234133565322228,0.5082108623149064,0.8292011019283746,0.8513570346422827,29,0
0.7450565026965984,0.7251180502522099,0.439479693930233,0.7070707070707072,0.9348136672283726,30,0
0.6215003495944746,0.721426002652026,0.521892874724138,0.8494031221303949,0.9354364632184778,31,0
0.29662440684535596,0.7315243274915012,0.48908230864653207,0.8246097337006429,0.5768002545699557,32,0
0.500796213171348,0.604219184230152,0.48554119759987335,0.6951331496786043,0.7503141674961072,34,0
0.6263893063685894,2.1955466134804182,0.5102677029491529,0.9577594123048668,0.9753581998130667,36,0
0.4109224541267496,0.7917693029708313,0.524465847821827,0.8879706152433425,0.7456158660544004,37,0
0.7543890983022478,0.8195746861128879,0.4388899717506995,0.7594123048668503,0.9125347688583366,38,0
0.7762042788927628,0.747934656109075,0.4835882270314112,0.8365472910927455,0.9644301832787922,39,0
0.4511548078505027,0.6491924074535796,0.4658887834284207,0.7162534435261708,0.6719322163024568,40,1
0.24940877394725874,0.7811781510846445,0.4721359584381434,0.8117539026629936,0.3582950230995329,41,0
0.7413295208363262,0.7755463076003474,0.45219867436227223,0.7483930211202939,0.9252557329451675,43,0
0.6581594704333662,1.0773793103968903,0.5079644282201686,0.9724517906336088,0.9594625477192547,44,0
0.5403503687776263,1.0045463797224141,0.48365897030884125,0.9201101928374656,0.8324597206869186,45,0
0.4116282360255085,0.7347787498707288,0.47302273356723745,0.7539026629935721,0.543908513364239,46,0
0.38081988901128616,0.6644407524049025,0.4201591042321704,0.5243342516069789,0.5159057129569805,47,0
0.6905640623755859,1.0602170913745161,0.5549171802347916,0.9871441689623507,0.9828503507672653,48,1
0.5428567113290189,0.6997979669018887,0.4852671215857753,0.8034894398530762,0.8181945433683178,49,0
0.4986207884273619,0.8306476768038172,0.46590961044628487,0.8732782369146005,0.8463857055924204,52,1
0.4328757789385932,0.6383005719314708,0.45792388964457836,0.667584940312213,0.6128675301173252,53,1
0.564773946755696,0.5654955936478275,0.5095599586111567,0.6951331496786043,0.8815626853715,54,1
0.41277928343906467,0.9227060690678678,0.4990545420442672,0.9127640036730945,0.6831932742475486,55,1
0.28171700542985106,1.0185400742268498,0.49019196871424553,0.9054178145087236,0.6133063176931398,56,1
0.5335395520393361,3.1305050634506038,0.5419784532946573,0.9816345270890725,0.9934533132567435,58,1
0.7434839264794344,3.251523188714103,0.571471649002397,0.9944903581267218,0.9991270453912166,59,1
0.6899137598768995,3.2334734804793426,0.5727568539056679,0.997245179063361,0.9987402064886004,60,1
0.3786491620858093,0.6179030603125839,0.4520719758450069,0.6042240587695134,0.4871146859902285,62,0
0.601829603766903,0.8532073548064865,0.5005821264574682,0.9357208448117539,0.9158003407053656,63,0
0.7548714045198748,0.7460679430639579,0.44217629225799104,0.721763085399449,0.9123488608436604,64,0
0.6764609480057634,0.71462465219289,0.4492228274632781,0.7373737373737375,0.9427409229165722,65,0
0.6567995095606252,0.6456141784012207,0.46456450206287236,0.7052341597796143,0.8730126874635744,67,0
0.694003932150561,0.8195776717571082,0.49986049431054724,0.9256198347107438,0.9544870390201066,68,0
0.47353871400171155,0.6703163582473263,0.46906001653207624,0.7594123048668503,0.8029197864906732,69,0
0.20627399813082725,0.6701155521782086,0.47207809146228574,0.6942148760330579,0.26338474775195514,70,0
0.3971889732115619,0.776157171848903,0.4887120355832695,0.8815426997245179,0.7574521736764547,71,0
0.4134639703915626,0.9664446721323148,0.4730908895862664,0.8613406795224977,0.5925007400972219,73,0
0.6872936969094483,0.7079978907777572,0.5092118163688389,0.8319559228650139,0.9516986845207319,74,0
0.8699802145054585,0.7498897911421141,0.4811970006142589,0.8714416896235079,0.9914664888649586,77,0
0.2470461958224034,0.7429180423854774,0.4841093062684679,0.7796143250688705,0.3253694669279865,79,0
0.1715413137714613,0.7719904430879052,0.4845080623669045,0.8062442607897152,0.3321890962634821,80,0
0.24009638818431953,0.6702611569164637,0.4234695939997739,0.5133149678604224,0.2686888768527607,81,0
0.14203478289233004,0.7070641209945989,0.48909579564338423,0.7355371900826446,0.1873757959037409,82,0
0.22542532635565626,0.4844584158231397,0.4538455601429827,0.472910927456382,0.2875095744523176,83,0
0.2948761276844895,0.7220043165328689,0.46029154592467847,0.7116620752984391,0.3021871634797905,84,0
0.28912030930045746,0.7921613898446696,0.5010848450203079,0.8383838383838383,0.42642217330910714,86,0
0.1729276923981908,0.5258970617518932,0.4466905642440764,0.4471992653810836,0.09922542739575434,87,0
0.2752688869226065,0.6402535947583236,0.45350281853985436,0.5555555555555555,0.21029558144504087,88,0
0.19130521262590341,0.7393289762411449,0.4711477825715122,0.7327823691460056,0.19735018960066025,89,0
0.10728779686971304,0.6472059473057505,0.4452827880045156,0.5436179981634527,0.10305863325788525,90,0
0.3738195862348317,0.550395623773401,0.41529484221066404,0.38108356290174467,0.46176722930703384,91,0
0.2782821401393909,0.48446554248189033,0.424682799768243,0.3516988062442608,0.1346510176752656,92,0
0.15072165740616267,0.520376083337852,0.45103196580874083,0.4618916437098255,0.13088118907524499,93,0
0.3235720161552762,0.7634947894027808,0.5289091604826688,0.8475665748393021,0.6043755766765254,95,0
0.3150058202300677,0.6177038045137332,0.4379703677865843,0.5206611570247933,0.23065463637377756,96,0
0.23067921151572748,0.7579043697223157,0.4827090289264225,0.7842056932966024,0.29599919766694865,97,0
0.2848589284042876,0.7376712169906213,0.47504459602943794,0.7603305785123968,0.3501417677109034,98,0
0.18120666521582882,0.5328991347736761,0.4395125347613136,0.4095500459136823,0.19933721949330813,99,0
0.27857446787983375,0.7363840854346168,0.4728298173930518,0.7511478420569331,0.3297083516142606,100,0
0.2734488504012407,0.6299475881450353,0.4571240516391902,0.6005509641873279,0.24125542393819308,102,0
0.20669143696208975,0.8095251390165716,0.5440386317366316,0.8613406795224977,0.4430847213390841,103,0
0.08692192922299269,0.8306274066336461,0.5017521970526277,0.8383838383838383,0.24950905800511788,104,0
0.36321658599488743,0.6769768912787675,0.4648921923261337,0.6960514233241506,0.4325926246136363,106,0
0.23115850518466596,0.7377543757578641,0.46127492866886066,0.6850321395775941,0.1866665347998251,107,0
0.10568031155550395,0.7641386660259953,0.44944602076352885,0.6703397612488522,0.16000959445043356,108,0
0.15699010853151657,0.8820501869249736,0.4710555296618526,0.8200183654729108,0.29291386424717797,109,0
0.2568187066840009,0.8845670946187016,0.5179636503056894,0.8962350780532599,0.4497316731595229,110,0
0.338080404548137,0.8019776425471484,0.480298178718833,0.8595041322314049,0.5548436042285336,111,0
0.20748031673731654,0.5417770077019629,0.45981775462285773,0.4784205693296602,0.13691631523008474,115,0
0.327675011870573,0.714002471570096,0.5038634728270273,0.8025711662075299,0.5579141773841348,117,0
0.2743697195237869,0.6055235881263119,0.48110607806830136,0.6391184573002754,0.3304563901608364,118,0
0.2696725432739477,0.7212443783555619,0.4395029963917266,0.6290174471992654,0.19400272903462698,121,0
0.18798142640629015,0.5083859537232407,0.43972328972312047,0.41046831955922863,0.0962257604236515,122,0
0.0749062346813482,0.8073384954760371,0.48177962613256886,0.775941230486685,0.08842952326741599,123,0
0.10033813247917535,0.6546064176557606,0.44530398521257475,0.5509641873278237,0.13598976414800096,124,0
0.20009824492502779,0.5613062175024288,0.4556584538243129,0.5041322314049587,0.1423618208468788,125,0
0.35413480084517,0.6745308128736449,0.4669533206225998,0.731864095500459,0.6081908954051979,126,0
0.19300701453533942,0.7048256474579091,0.48894647217094855,0.7300275482093664,0.2071144569534049,127,0
0.234644635391199,0.5293660182977864,0.42001087022354705,0.33057851239669417,0.15861739753671186,128,0
0.16891337739165696,0.6492880864374038,0.4280750904859989,0.4756657483930211,0.17871561995219043,129,0
0.30646910778048364,0.5391069385679168,0.4448553294655668,0.494949494949495,0.314506955724964,130,0
0.16579190816712802,0.5206389439341361,0.4118207738288071,0.2938475665748393,0.05082395803414709,131,0
0.17538675479317647,0.5490208205916288,0.4136617023857603,0.3076216712580349,0.10143156130281206,132,0
0.12152452130352896,0.6095126265890026,0.45276222745483446,0.5325987144168963,0.11970567374803633,133,0
0.03799900924985843,0.5879553862410435,0.45526202441381614,0.4912764003673094,0.09299859726108016,134,0
0.37348846654664425,0.7769665956241432,0.4877333774762682,0.8264462809917356,0.5369320987865788,136,0
0.33989082455356806,0.5967069424060775,0.4516625767179092,0.5601469237832873,0.3154542506373558,137,0
0.3234719580868846,0.6560137111260613,0.48728597404472157,0.6951331496786043,0.4115448868778923,138,0
0.17829389608973756,0.6695922743038898,0.44584864303951316,0.5831037649219467,0.22908412756087473,139,0
0.18248966551622123,0.5793853151738453,0.46436301997275,0.5674931129476585,0.1962926674884531,140,0
0.2695025054524302,0.7110763589691085,0.4843431091903063,0.7566574839302111,0.3581338314632064,141,0
0.18750734621044363,0.583891092534362,0.4432863936408725,0.48852157943067037,0.16085435131687026,143,0
0.15609047096874856,0.6908826509379394,0.4389349153084318,0.5307621671258035,0.07677790985966856,145,0
0.2743021047311205,0.7523568108282573,0.46774871577616617,0.7548209366391184,0.3049901594810751,146,0
0.11127594628585878,0.7598644986560752,0.4816109969786932,0.7842056932966024,0.179195064248675,147,0
0.17730420829697868,0.6932720046185344,0.4671769508302166,0.6813590449954087,0.16413629664100088,150,0
0.17050549186868763,0.7365772315157084,0.4598459365634589,0.6639118457300276,0.12076093965781219,151,0
0.15416908766177329,0.597029053988395,0.49808801471814407,0.613406795224977,0.16977005012613242,153,0
0.2017534808208289,0.7326447826574176,0.45798728699712327,0.6538108356290174,0.14583015827792442,154,0
0.1701599250761748,0.6256471427601807,0.48156773848351236,0.6437098255280073,0.22780902316435697,155,0
0.27728925341025984,0.7884255815717383,0.5149509209700359,0.8484848484848485,0.4593712099015497,156,0
0.25980722928959216,0.6452347426322496,0.4514268267018144,0.5482093663911846,0.18565546109968178,157,0
0.1329051237906518,0.694269834223083,0.492020420626949,0.7171717171717171,0.1438732143249641,158,0
0.1283758286516661,0.6614372613362118,0.4497789226863707,0.5794306703397613,0.17274178472874058,159,0
0.09483442810605977,0.7202547222560564,0.4686176534083139,0.7144168962350781,0.13421640065449428,160,0
0.34636528915432774,0.5539068698437932,0.43076740974581484,0.4343434343434344,0.3425006156183689,161,0
0.3856265891882072,0.5329583619126137,0.47219685335675404,0.610651974288338,0.651812305854282,162,0
0.09371667857813905,0.7479857949223516,0.47827820423799866,0.7575757575757575,0.19607555285062248,163,0
0.2407939611502461,2.031132294285346,0.4799395541813246,0.8530762167125804,0.48391281367513855,164,0
0.24758612822078804,0.5859884697589586,0.4421145849441167,0.5078053259871442,0.3128156599373152,165,0
0.2837411164241502,0.546960941862178,0.42251203026568196,0.3691460055096419,0.22361682115116358,166,0
0.11207941784207515,0.7382068924649857,0.46713129048280566,0.7263544536271809,0.19586034220367413,167,0
0.2661840195561031,0.7758485502942036,0.47293332716004954,0.775941230486685,0.31753530829328386,168,0
0.09059637193506458,0.7548024101164722,0.44031519429180077,0.610651974288338,0.13030196758302037,169,0
0.3181857286051721,0.5790154893229029,0.4208448874923588,0.3948576675849403,0.17629962083362738,171,0
0.273106247345267,0.5002104373575194,0.4480890957066704,0.4178145087235996,0.17634893338728397,172,0
0.14292295981890282,0.6484640843788294,0.43741829012292105,0.5169880624426079,0.076121193379067,173,0
0.1921454555713391,0.6840665948462069,0.457478007310211,0.6629935720844813,0.21118727996618245,177,0
0.3218096970004213,0.56672168068541,0.45259804722960356,0.49219467401285577,0.26479149001511265,178,0
0.30083539168995643,0.5840651955712727,0.42798993311116107,0.3921028466483012,0.1696696154091561,179,0
0.1830069778848168,0.637079089356381,0.4548209404215284,0.5362718089990818,0.11437142840884125,181,0
0.22243221977300634,0.7572142554766607,0.49029527964558045,0.7823691460055096,0.2608437387494999,182,0
0.2263129554341504,0.48487952559303504,0.4344817618849352,0.38567493112947654,0.11209304536331005,183,0
0.2356865727110091,0.5723543934174559,0.4193384844936163,0.3838383838383838,0.23608120978988367,184,0
0.22155854265404734,0.6898274192379693,0.4232494380283386,0.48484848484848486,0.09773540355946876,186,0
0.21179056424607157,0.5334087499754675,0.4064410576954194,0.2975206611570248,0.11706526236948042,187,0
0.0046875,0.5218113331775993,0.429015442789749,0.22130394857667587,0.01788903426227983,188,0
0.010344827586206896,0.6752979221704964,0.45629204374060994,0.5316804407713499,0.032827662007535854,189,0
0.0,0.7202096880589507,0.4378868444276436,0.40587695133149676,0.06450590333615137,190,0
0.0,0.6641184436126759,0.4427916757948404,0.38016528925619836,0.06514931716342341,191,0
0.0046875,0.7456284466992439,0.4703775898428932,0.595959595959596,0.0415735258543891,192,0
0.0,0.8821011539672248,0.4814651129134761,0.6565656565656566,0.12003368994020783,193,0
0.006583567415730337,0.9698010524413696,0.49103518888773595,0.7704315886134068,0.12331452369529083,194,0
0.005208333333333333,0.7230713448604291,0.4966883289150888,0.6400367309458219,0.062299683101065165,195,0
0.005208333333333333,0.5576162613350854,0.4835343441349148,0.4527089072543618,0.044719214029376814,196,0
0.005859375,0.6620927782707856,0.43712170842892173,0.43663911845730025,0.02840323929892391,197,0
0.005208333333333333,0.7428165635345835,0.4622922661058966,0.5720844811753903,0.03657847723773852,198,0
0.0,0.6186613871329534,0.4625179419154211,0.41414141414141414,0.07866499342352314,199,0
0.0,0.641791463110263,0.4753316948690566,0.4660238751147842,0.05363946470670567,200,0
0.0,0.6977303048237479,0.44630958848093255,0.39853076216712585,0.026193704174907958,202,0
0.0,0.7658871965410776,0.4293598513052572,0.38659320477502296,0.020929242428781313,204,0
0.026929803709202838,0.645110409009716,0.44748944169055355,0.5261707988980716,0.06044615888852916,206,0
0.16238226865923175,0.7432461796923105,0.5130583201355431,0.8218549127640037,0.3256483144541682,207,0
0.006655092592592593,0.6311155233927669,0.4837034740214458,0.5748393021120294,0.10570140780692236,208,0
0.11514951865584527,0.6374227859429661,0.49966038799054874,0.6841138659320478,0.17712116072551595,209,0
0.0,0.6953227599835394,0.4570825691620108,0.4706152433425161,0.040424094478841904,210,0
0.011681985294117648,0.5972134824641359,0.5010729260269542,0.5785123966942148,0.08833845420171706,211,0
0.0059375,0.7069081382180507,0.43892513788103865,0.4977043158861341,0.030593610618976575,212,0
0.006310096153846154,0.9344225703268234,0.42744403425835875,0.5583103764921947,0.030491009820517695,213,0
0.0,0.8569283638869498,0.454796573966919,0.5697887970615244,0.044783890683282986,216,0
0.029481532804078538,0.6717749389914188,0.44374208138192706,0.549127640036731,0.06028354497658631,217,0
0.005859375,0.7645642850663004,0.4362224950065293,0.4931129476584022,0.06855417636362979,218,0
0.005859375,0.7045435832254187,0.436555182688236,0.44995408631772266,0.06547004895364775,220,0
0.0067708333333333336,0.6639573344458414,0.4490320552454763,0.48943985307621674,0.07355336481106382,221,0
0.0,0.6705593787544385,0.4103291430869677,0.25757575757575757,0.016660171203438053,222,0
0.0,0.6858341969717534,0.49098018940592786,0.5573921028466483,0.08983924583853989,223,0
0.0,0.9180255299002098,0.46241773495735683,0.6046831955922864,0.054243008571577676,224,0
0.005208333333333333,0.6686231891439547,0.4508932424505969,0.45362718089990817,0.02874841848990004,225,0
0.0,0.6007168425507406,0.44238362826078875,0.31267217630853994,0.028353848715230754,226,0
0.0,0.6243723237406767,0.4729721530577671,0.44168962350780533,0.06755664184569997,231,0
0.007211538461538462,0.7000620478968794,0.4434374863673742,0.5298438934802571,0.0527118130392431,232,0
0.014590010683760684,0.4873269411063528,0.4703037092960948,0.480257116620753,0.06314052075319335,233,0
0.04059444670948194,0.711673028373747,0.4867578546553068,0.7180899908172634,0.09284732565450689,234,0
0.0,0.6596231473810563,0.45291305894260897,0.41827364554637275,0.03628247031380729,235,0
0.0,0.6517075331123181,0.4233812400311723,0.2415059687786961,0.017373801082100154,236,0
0.012054581447963801,0.7238196328895354,0.44324348601950103,0.5601469237832873,0.03517561546886756,237,0
0.0,0.6680035994032414,0.4312943789801485,0.32598714416896235,0.041416494378633685,238,0
0.0,0.6964104191889573,0.45559496686882733,0.48209366391184566,0.05826121635135354,239,0
0.0,0.6475647123150456,0.4407060340159802,0.3581267217630854,0.04580984541040036,241,0
0.005208333333333333,0.8706427157534251,0.4924606349484082,0.7346189164370983,0.06500746135501921,242,0
0.0,0.5517455217886192,0.43161589623385505,0.2029384756657484,0.05206704858591571,243,0
0.0292002890366274,0.5883918856517463,0.44038009902514463,0.4389348025711662,0.05298647113312577,245,0
0.0292002890366274,0.5991519592866608,0.459301653721669,0.5390266299357208,0.06812207355578406,246,0
0.01471572000359777,0.8484928651244799,0.5036873974508136,0.8135904499540864,0.13487106468642132,247,0
0.007161458333333333,0.7268731697457232,0.4576639750566204,0.5922865013774105,0.08567210711527373,248,0
0.054250852141900834,0.43519544449821457,0.4240550057056005,0.3039485766758494,0.025998090685312447,249,0
0.0,0.6079028031047257,0.4155199752426705,0.1818181818181818,0.03169586433449623,250,0
0.0,0.5936668079684424,0.4452780861299492,0.3085399449035813,0.06322527224215609,251,0
0.0,0.7283611067123884,0.45550321148829837,0.5160697887970614,0.06009430045660218,252,0
0.0,0.5567949903705426,0.4205377261478072,0.16758494031221305,0.018164684378422342,253,0
0.0,0.4433270571683415,0.4361776098222693,0.19237832874196512,0.021912514978286366,254,0
0.0,0.6502537831588928,0.4412997273783103,0.3650137741046832,0.029065311262103766,256,0
0.02000864883997077,0.7556582540383369,0.4302752467530667,0.5344352617079889,0.07051746550386977,258,0
0.0,0.7078055053340827,0.43845743094889417,0.36730945821854916,0.023224445775612584,259,0
0.007373046875,0.7969881103550619,0.45169436472303415,0.6418732782369146,0.064631621107054,260,0
0.0,0.5688833637568442,0.4502154251525991,0.30808080808080807,0.031825932261532276,261,0
0.0,0.7262581163647939,0.4305527174049162,0.3962350780532599,0.025529331201715733,262,0
0.0,0.6960066563595557,0.430371956971667,0.34894398530762166,0.057940365869021807,263,0
0.0,0.5834841838302306,0.43860384131698044,0.27869605142332415,0.02603226424625985,264,0
0.0,0.8548300279260664,0.4298097427771722,0.443526170798898,0.022577933488979976,267,0
0.0,0.7157394869170975,0.44450774277234245,0.4003673094582186,0.025789790979996004,268,0
0.0,0.7123818005589233,0.42756835684753663,0.3516988062442608,0.04130039004902764,269,0
0.0,0.5419206907545916,0.4028254188421236,0.1019283746556474,0.03675724004111369,270,0
0.0,0.5713924572826141,0.41849977614583395,0.14325068870523416,0.015066770352489031,271,0
0.005859375,0.42225100263095,0.4240129473005417,0.1919191919191919,0.04458825001419883,272,0
0.0,0.7181432627306062,0.4380426668039308,0.41827364554637275,0.029102764317049785,273,0
0.0,0.5578270769976535,0.4105559576054074,0.12672176308539948,0.028194278343954597,275,0
0.0,0.5706248467142312,0.41694973504866345,0.15059687786960516,0.031071786566764664,276,0
0.0,0.6124435793522807,0.4142199339931433,0.17998163452708907,0.03130766216328473,277,0
0.0,0.8482047807961041,0.4461332141638763,0.5344352617079889,0.060176345285781856,278,0
0.01226790450928382,0.837164655549339,0.43711976025309157,0.5803489439853077,0.027631003750559466,279,0
0.0,0.5337767885730333,0.4534199726267802,0.3007346189164371,0.032705902560452436,280,0
0.010344827586206896,0.7306811989288072,0.45612510906359893,0.5775941230486685,0.03414771326787463,282,0
0.0046875,0.6876784490155162,0.44305323873325947,0.44077134986225897,0.025573634338125296,285,0
0.0,0.7614654701167005,0.4211887909432609,0.34710743801652894,0.018243144420868235,286,0
0.0,0.5739822586330958,0.40543480775666807,0.1322314049586777,0.038970365794823485,288,0
0.0,0.6425217658538618,0.40263114200328554,0.20385674931129474,0.027743171191829653,289,0
0.006869612068965517,0.6905875594673293,0.4329220766608997,0.4618916437098255,0.027173043132602354,291,0
0.0,0.4475372465060403,0.4539657170285051,0.2667584940312213,0.030565647774432606,292,0
0.012065972222222221,0.6462442550668218,0.4606828711040413,0.556473829201102,0.06437980397601728,293,0
0.00439453125,0.5449081387916085,0.4255952411779015,0.22865013774104684,0.049855673168674834,294,0
0.014177744425385934,0.49593759657302044,0.44571903051684203,0.38292011019283745,0.04637413653747613,295,0
0.006869612068965517,0.7922875837996703,0.43859438682012697,0.5684113865932048,0.03306592849961377,296,0
0.0,0.45003142047893685,0.4124221902555689,0.07713498622589532,0.025829343202325585,297,0
0.0,0.6176998412947434,0.41898753583187415,0.18824609733700645,0.015743053967086137,298,0
0.0,0.45440702150834344,0.4391498175933309,0.2066115702479339,0.03682820697828273,299,0
0.007378472222222222,0.535274868727231,0.4204824107768954,0.2396694214876033,0.03311363626464028,300,0
0.007589285714285714,0.7125722618917378,0.4344301260811352,0.5004591368227732,0.04768254974624807,301,0
0.0,0.4030358376265667,0.42063304377677574,0.09733700642791553,0.027403485262731873,303,0
0.0,0.5869741276439014,0.42704389021740335,0.18824609733700645,0.017550520468147347,304,0
0.010344827586206896,0.6577664101392973,0.43241110746557676,0.4022038567493113,0.021963079427090186,305,0
0.0,0.5136323641633889,0.43254085128678343,0.2024793388429752,0.021834725723625718,307,0
0.0,0.6995295933275525,0.43716822373480163,0.3562901744719927,0.022596179931990302,308,0
0.0,0.5488506661154854,0.44738625378069147,0.2805325987144169,0.0296700817528813,310,0
0.007378472222222222,0.6664559236110027,0.45409923432962007,0.5445362718089991,0.05845502942025623,311,0
0.0,0.5132053962266988,0.4175153821926241,0.11478420569329661,0.04268988326399212,312,0
0.0,0.7065729436950656,0.45547183725527635,0.4462809917355372,0.030603945059915014,313,0
0.04032917493512038,0.5033212786579163,0.46536825963077255,0.48852157943067037,0.07227868696714108,314,0
0.025348062094155844,0.5165029730763767,0.4343526617772586,0.325068870523416,0.06301914239761326,315,0
0.0,0.4519544444570516,0.4147692501907805,0.09963269054178144,0.014817079100320004,316,0
0.006869612068965517,0.6205270733889187,0.4435120332359078,0.42975206611570244,0.03100594919581178,317,0
0.005859375,0.6933244070857605,0.41941210936999773,0.36639118457300274,0.05314595042655733,318,0
0.0,0.5356429771458493,0.40846544694706427,0.1019283746556474,0.01241956242904142,319,0
0.005859375,0.7239668394466905,0.40436802442629177,0.35169880624426075,0.045713767479838394,320,0
0.0,0.5547498165073728,0.4172118122579145,0.12672176308539945,0.014561398923631659,321,0
0.0,0.6913072604834483,0.4187902990939328,0.28191000918273645,0.016612236712217347,323,0
0.0046875,0.5602990033843662,0.46534660435598885,0.3957759412304867,0.03331768248441333,324,0
0.02838022626557964,1.0138969581494766,0.4802137740842463,0.8108356290174471,0.13058547799789993,325,0
0.014933035714285715,0.8397300100676174,0.4263515409893721,0.5445362718089991,0.05155997189670594,326,0
0.0,0.6925126709959747,0.43449266247480894,0.3700642791551882,0.044263637114523545,328,0
0.0,0.6216627288326196,0.39817358850567514,0.17447199265381083,0.025600374822459138,330,0
0.0,0.7009543292688167,0.4269251918762423,0.32966023875114786,0.04048006376227368,331,0
0.005657327586206897,0.5829019113167956,0.4237870680947977,0.24793388429752064,0.017343380436520395,332,0
0.0,0.8365736799623792,0.4185354649684304,0.4003673094582185,0.056805969918312556,333,0
0.006610576923076923,0.6476142942212522,0.41080415190726066,0.325068870523416,0.01729399568721727,334,0
0.0,0.6497582039952409,0.4365728073414705,0.34022038567493107,0.026624532693234074,335,0
0.0,0.7920135134365622,0.42961144797093115,0.42240587695133147,0.06223652126460112,336,0
0.0,0.8632136884243427,0.42453134679940785,0.4315886134067952,0.062276014477909244,337,0
0.021070914252797893,0.582122071613045,0.42755071004125067,0.3480257116620753,0.05960592163752651,338,0
0.0,0.5198665045248295,0.4198706839557875,0.1446280991735537,0.01734462451087176,339,0
0.0,0.7698311335882628,0.4588494686599815,0.549127640036731,0.08538663876183067,340,0
0.0,0.7190554556747832,0.4602399759613684,0.5270890725436179,0.06322388001114071,342,0
0.025092030997906946,0.7362661587792582,0.4433332148184046,0.5987144168962351,0.08357938193181307,343,0
0.0,0.7113017243204255,0.43634761434946945,0.4022038567493113,0.04621463991854508,345,0
0.0,0.5880995340524197,0.4266175925520493,0.23186409550045914,0.020931233133444166,346,0
0.0,0.5956481979944085,0.42344473768560853,0.20018365472910926,0.03471333907138456,347,0
0.0,0.7747939105755007,0.4280211352330899,0.4067952249770432,0.04428386245324055,348,0
0.006944444444444444,0.8256393663965697,0.418409055872157,0.4940312213039486,0.023491831360992057,349,0
0.0,0.5741189406280334,0.4034046195502622,0.1322314049586777,0.038046816638291035,350,0
0.0,0.8712987185073837,0.4440746030855103,0.5243342516069789,0.0784653440614639,352,0
0.006610576923076923,0.6060610227153657,0.4191322783740925,0.30303030303030304,0.019446080339793087,354,0
0.006610576923076923,0.6941635847604011,0.4201150229527035,0.39118457300275483,0.05392403960401741,355,0
0.0,0.8828548419134578,0.47344465979712397,0.6409550045913682,0.11002683625750888,356,0
0.0,0.7078970297573732,0.4256387966519368,0.3461891643709825,0.05538304519477647,358,0
0.0,0.6370501046934453,0.43012052704345816,0.2892561983471074,0.05497899760467833,360,0
0.0,0.7922661031525037,0.463411353291547,0.5803489439853076,0.09153706622550564,361,0
0.03710181225000677,0.6401521336772431,0.4949738156221396,0.6290174471992654,0.07252986241567594,362,0
0.028339650787393103,0.6117120230238919,0.4822091650166439,0.5959595959595959,0.0911887655620245,363,0
0.15769169916654066,0.8946548849415075,0.4946646902369374,0.8604224058769514,0.36054174266703654,364,0
0.04893858665595737,0.726343455855575,0.47720482081647,0.7263544536271809,0.14221127747902013,365,0
0.018903775452488687,0.6647652882377066,0.45059262274751594,0.5445362718089991,0.08184263527856211,366,0
0.0,0.7094920798557917,0.46205665503177346,0.49908172635445364,0.04481233530812062,367,0
0.0,0.6451974251596743,0.4430837389731588,0.3627180899908173,0.0643474446741842,368,0
0.014590010683760684,0.756006007591368,0.4157578690777642,0.47566574839302117,0.04119171468022356,369,0
0.0,0.7904308839071111,0.4216492231228582,0.393939393939394,0.056664556398883334,370,0
0.007378472222222222,0.7393220826909908,0.4453745580539639,0.588613406795225,0.056288870782839284,371,0
0.0,0.722342431377372,0.4402938689898135,0.4380165289256199,0.049173747454173376,372,0
0.0,0.7556663313776839,0.4436769810215638,0.4931129476584022,0.05312161362124405,374,0
0.040736111389040694,0.8555979659047497,0.4679657034364838,0.7768595041322314,0.1346120241142345,375,0
0.011414930555555557,0.6125920815112849,0.46713118164842876,0.5316804407713498,0.06722487794143697,376,0
0.0,0.5844824515496861,0.445564358811767,0.26078971533516987,0.023723772927719065,377,0
0.0,0.7274961084378943,0.43120999123915155,0.38567493112947665,0.04396930232173337,378,0
0.006869612068965517,0.8434194524162149,0.4371702500495879,0.5858585858585859,0.033728929410458144,379,0
0.0,0.8273353042722329,0.440411139493291,0.49954086317722685,0.054779199091793795,381,0
0.005533854166666667,0.9749773752662902,0.4373145731122794,0.5858585858585859,0.03768462027706525,382,0
0.0,0.7728166824229991,0.4565951489859483,0.5303030303030304,0.04293403952301116,383,0
0.0,0.731962223460578,0.42845532541461584,0.3746556473829201,0.042624246101608865,384,0
0.00439453125,0.762219860629793,0.43713948537984537,0.48943985307621674,0.06840552323311394,385,0
0.012469951923076924,0.8697003151375705,0.4297072345073964,0.5849403122130395,0.031379284661582754,387,0
0.0,0.7247700089700722,0.44782899144393246,0.4205693296602388,0.02741114511060485,388,0
0.0,0.7303295853186978,0.4445456379200106,0.4517906336088154,0.07023454177931536,389,0
0.03321099142373773,0.9066752649556747,0.46870421356056985,0.7713498622589533,0.07607456272135472,390,0
0.006583567415730337,0.7615815848799846,0.40930467712589463,0.42424242424242425,0.03594044715525449,391,0
0.0,0.9189213240332897,0.4249924009857756,0.4586776859504132,0.027428356176445866,394,0
0.0,0.7295057838420801,0.4241308570338352,0.32782369146005513,0.018678762987011318,395,0
0.017723599137931034,0.8829082576718007,0.470784641611053,0.7548209366391184,0.06930545289498309,396,0
0.0,0.9518187917446794,0.4463249272128687,0.5316804407713499,0.031814699533306526,397,0
0.0,0.7331387164678449,0.42178701830318455,0.3516988062442608,0.05408545474084146,398,0
0.0,0.7267419495065945,0.41236924503013817,0.29109274563820015,0.015362576531623769,400,0
0.0,0.7505469892245445,0.4058896230535057,0.3140495867768595,0.04554811824308124,402,0
0.006583567415730337,0.7850541300150495,0.4272268756957312,0.48943985307621674,0.04644922227723675,404,0
0.006583567415730337,0.8783485426776024,0.4217687590967977,0.4940312213039486,0.04761263569137883,406,0
0.0,0.5868068414079749,0.45846257156877757,0.32415059687786957,0.0293183866455411,407,0
0.0,0.9237059594111664,0.5067701722813617,0.6841138659320478,0.0811378834136314,408,0
0.006167763157894737,0.5246186207088447,0.4617594369269494,0.37281910009182734,0.030950983024088864,409,0
0.0,0.794175456450885,0.41256442789342895,0.35353535353535354,0.03696458237447079,410,0
0.006583567415730337,0.6610408290609914,0.41546005632162425,0.32782369146005513,0.035108604217719185,411,0
0.005533854166666667,0.571829828425129,0.41085374021029175,0.21854912764003676,0.016020634060870127,412,0
0.0,0.6834916833095687,0.4147905373090314,0.2754820936639119,0.047780461410469675,413,0
0.0,0.5990227406583929,0.43924182185343924,0.29660238751147844,0.042775438214902345,414,0
0.0,0.7763198857406907,0.4386419624094916,0.42240587695133147,0.024553227081192633,416,0
0.0,0.7663838031240678,0.43329434923607346,0.39669421487603307,0.0223291103495859,417,0
0.014518494897959183,0.5530674358252546,0.4169408622677124,0.26905417814508725,0.0489324956637045,418,0
0.0,0.5857265370958934,0.4329005987511741,0.23324150596877868,0.05439094861278927,419,0
0.0,0.9290415135882673,0.4434510741240584,0.5367309458218549,0.03884979971618688,421,0
0.03594137881141805,0.8772250904186853,0.45115475622723705,0.711662075298439,0.08488639528549446,422,0
0.0,0.623819665725485,0.43715578253921666,0.2598714416896235,0.02131282484496032,423,0
0.0,0.9506523667786596,0.4594137018423817,0.5982552800734618,0.05289030330430345,424,0
0.0,0.8126519760106868,0.4156569973602159,0.3663911845730028,0.03922025951965123,425,0
0.013203125,0.83137790445678,0.4245837108601586,0.5408631772268137,0.06689806500953287,426,0
0.0,0.6483374973156412,0.4284710308807793,0.2892561983471074,0.054445508648305115,428,0
0.006869612068965517,0.5555306842097316,0.4452189260802713,0.3737373737373737,0.03017358064626183,429,0
0.0,0.7029404983064867,0.42023577503018983,0.2975206611570248,0.01716545714071028,430,0
0.0,0.7532727169684944,0.45057765403503647,0.4931129476584022,0.07669050926796683,433,0
0.006655092592592593,0.6193224833319169,0.4113399397230408,0.29476584022038566,0.01702727131584883,434,0
0.006167763157894737,0.4715138628044906,0.411009938973349,0.1717171717171717,0.012942412564447451,435,0
0.0,0.5341766073180975,0.39982391074648416,0.10284664830119376,0.02388210371941755,436,0
0.0,0.7710040070720661,0.4036733854546825,0.3328741965105601,0.01612937819890995,437,0
0.0,0.7983589192992514,0.44840231080919607,0.527089072543618,0.05890971564432574,438,0
0.014933035714285715,0.7600829622662312,0.4551736596276937,0.6786042240587696,0.06865762900441708,439,0
0.0,0.7960153361774176,0.46188863987688394,0.5445362718089991,0.036338063730263236,440,0
0.014011892712550607,0.7684841697363485,0.4472160046961734,0.6124885215794307,0.08275228295592722,442,0
0.0,0.6611045244145716,0.4425852547142558,0.3875114784205693,0.04758548191619121,443,0
0.0,0.6392989338631876,0.44056201497845265,0.2910927456382002,0.02280356051087229,445,0
0.0,0.6255455834257486,0.453119505304213,0.3379247015610652,0.027689145529601528,446,0
0.0,0.4798737742494549,0.4478245620184371,0.2157943067033976,0.022714080382861566,447,0
0.0,0.6143719755111627,0.4269098302128682,0.24334251606978882,0.05195168788026637,448,0
0.005756578947368421,0.6951936761988741,0.4453006457897018,0.4857667584940312,0.07178355802894458,450,0
0.004616477272727273,0.7314460582908564,0.44151274808075175,0.5179063360881543,0.052111553315532445,451,0
0.012364227207977207,0.6109403255624605,0.4292342630731726,0.379247015610652,0.02459506095613636,452,0
0.0,0.5384327248711731,0.43828567504876337,0.19283746556473827,0.0203283231143773,453,0
0.0,0.6789481561813618,0.4286181420665461,0.3411386593204775,0.02359532576158881,454,0
0.0,0.7030771120880457,0.4704640195728818,0.5362718089990817,0.07079157689173808,455,0
0.007366071428571428,0.7531837189054509,0.463427028967422,0.6483011937557391,0.09351409454996086,456,0
0.00734375,0.7634154117764826,0.4255251471371175,0.48393021120293844,0.06119766707122677,457,0
0.0,0.5889551733441788,0.4729232454431514,0.4159779614325069,0.06516924195424592,458,0
0.0,0.729711656290454,0.4399810509968714,0.43847566574839303,0.030477550887558002,459,0
0.0,0.8207245398381503,0.45790383622113945,0.5812672176308541,0.06794901879057222,460,0
0.022042387689210855,0.6772980692468823,0.4829729993379004,0.6556473829201103,0.055138058326085496,461,0
0.012152777777777778,0.6235100509129764,0.41353842315601413,0.29843893480257117,0.03430414174436193,463,0
0.0,0.7417215508880108,0.4170505763299538,0.3388429752066116,0.03712765676218319,464,0
0.0,0.7088927917015195,0.42631638310268216,0.359504132231405,0.02323305561604471,465,0
0.0,0.7408123029810525,0.442467859164774,0.41138659320477505,0.025431034596339264,466,0
0.0,0.5914831841563026,0.4358676588869928,0.25436179981634527,0.05657915635349114,467,0
0.0,0.5448837289592756,0.43462490989646524,0.22451790633608815,0.023350258349457392,470,0
0.0,0.6814298775362445,0.4638195132779252,0.4527089072543618,0.034364641965754596,471,0
0.0,0.7163379989401186,0.422515260699593,0.34159779614325064,0.05378091300896796,474,0
0.0,0.6297789148884931,0.42307213968527807,0.2130394857667585,0.01699509934822175,476,0
0.0,0.6309867645918011,0.42673455876819694,0.24426078971533519,0.037578388434414876,477,0
0.0,0.647715826403748,0.45462393053769407,0.3654729109274564,0.028859394060151804,478,0
0.0057444852941176475,0.9313328519332126,0.4575420210652789,0.667584940312213,0.0524016640598807,479,0
0.0,0.889984454251174,0.4125812475536534,0.39990817263544537,0.021228036114384976,481,0
0.0,0.7997693079435377,0.4453262064549968,0.5160697887970616,0.05672612047007903,482,0
0.0,0.8367516418408404,0.4200398546672399,0.4067952249770432,0.057818032009746216,483,0
0.0,0.6994488282310205,0.4503503808003818,0.4540863177226813,0.03587892879062738,484,0
0.0,0.7000356911924019,0.4491754511348298,0.44674012855831036,0.03513359331206039,486,0
0.0,0.6914501748011314,0.41168662252098037,0.27548209366391185,0.046379171009155506,487,0
0.01171875,0.734050540597662,0.43985553628919405,0.559228650137741,0.05382054061853253,491,0
0.004774305555555556,0.6217782141312261,0.4567809104678348,0.45638200183654726,0.05676112990079218,492,0
0.0,0.7531803416912961,0.44400081554875187,0.4912764003673094,0.05320822714436387,493,0
0.0,0.716196008337491,0.4322307471337745,0.3755739210284665,0.06021516331902126,494,0
0.0,0.7098554610866994,0.41354822469598396,0.30348943985307625,0.018338621337857665,495,0
0.0,0.6719169187566142,0.4225001084312776,0.29292929292929293,0.0517940278694606,496,0
0.0,0.6484073058963662,0.42490563242890483,0.29155188246097336,0.021420622761948515,497,0
0.0,0.8759508374209883,0.434676984152425,0.4898989898989899,0.03154007195279749,499,0
0.0,0.6736546280360198,0.4303685236818382,0.32323232323232326,0.05686122405204474,500,0
0.0,0.7619891586650377,0.42488823184351254,0.3820018365472911,0.05745361095496221,501,0
0.0,0.665612543233942,0.42897038128945575,0.31129476584022037,0.055565523380774445,502,0
0.0,0.5136421082010532,0.4170175285131682,0.11478420569329661,0.02931479303153421,504,0
0.0,0.7792694667507011,0.42059624477649404,0.379247015610652,0.04040884068400909,507,0
0.0,0.5893541728608502,0.4146341192211708,0.14876033057851243,0.014335443655904936,508,0
0.015974350244013166,0.6548880078149181,0.4110963974485036,0.357208448117539,0.035292418307394234,509,0
0.0,0.5511134422364702,0.44033952043617314,0.2598714416896235,0.04130998426055346,510,0
0.0,0.9111899634344505,0.47825620937993363,0.6584022038567493,0.11859226869743185,511,0
0.0,0.6773896686476474,0.44836040422606177,0.4178145087235996,0.07023195228285685,513,0
0.0,0.7428512869850712,0.448341609211167,0.44168962350780533,0.028025554161045144,514,0
0.0,0.7201965729266967,0.44288776849404554,0.393939393939394,0.02520397023962678,515,0
0.0,0.5280976644852615,0.4207646639205008,0.15381083562901746,0.01776954552315525,516,0
0.0,0.9710636616987298,0.48348960015189013,0.6666666666666666,0.058471435415012596,517,0
0.005533854166666667,0.6178156037880028,0.44958211183288976,0.433425160697888,0.03424063134227921,519,0
0.0,0.6675204041149033,0.409263017350026,0.2548209366391185,0.016286357538336616,520,0
0.0,0.6676110519315176,0.45736865046139413,0.41230486685032136,0.030635266828735866,521,0
0.0,0.7398783723999331,0.45658819245726334,0.4765840220385675,0.03196362470889422,523,0
0.0,0.9066800093820397,0.4590677134649417,0.6124885215794307,0.07509258967134559,525,0
0.0,0.6674384365851724,0.4360547959480026,0.3149678604224059,0.021647336711889262,526,0
0.03257271846625081,0.5936465859180948,0.4219002228841368,0.3507805325987144,0.061384817351231594,527,0
0.011496171652421651,0.6404304854853415,0.464527911176764,0.5472910927456383,0.04791332122380349,528,0
0.0,0.5889462587621658,0.425390318645357,0.18365472910927458,0.017106188439413316,529,0
0.0,0.6270026635872515,0.4360174507511427,0.29660238751147844,0.058392866830842646,530,0
0.0,0.6437331599518227,0.41511057124585077,0.2401285583103765,0.017773720163669085,532,0
0.0,0.5486669534255451,0.4591975752122042,0.29660238751147844,0.028818193315920664,533,0
0.0,0.6051133379581614,0.41706819537861123,0.20110192837465565,0.04591993576244183,534,0
0.0,0.7569589370688539,0.4314255265849645,0.40128558310376494,0.06172397743640443,535,0
0.0,0.6331062819344863,0.43375690237615144,0.29476584022038566,0.05716928174448772,536,0
0.007595486111111111,0.6252418452388668,0.4385851832555339,0.379247015610652,0.02318714474491543,537,0
0.0,0.6493911033928806,0.4216627260768549,0.2681359044995409,0.05032137117123662,538,0
0.0,0.6273558937447246,0.43184202445265363,0.2460973370064279,0.019589738261477335,539,0
0.0,0.6310321747184086,0.4140090035051281,0.2235996326905418,0.01721112767880696,541,0
0.0,0.7166905338207646,0.4534540973491207,0.47474747474747475,0.0768989924307526,542,0
0.0,0.5487835712457535,0.41336070348895604,0.12396694214876032,0.028978899907070012,543,0
0.0,0.7654217554401832,0.46669469614833475,0.5720844811753902,0.09292987398533935,544,0
0.0,0.635950634154704,0.42957615422255013,0.30165289256198347,0.023097809242091556,545,0
0.01171875,0.6091058774918939,0.4722196095328104,0.5381083562901745,0.07157506720925173,546,0
0.03758569612705982,0.9382349498246108,0.454932777152381,0.7272727272727272,0.12206864901164823,547,0
0.012364227207977207,0.6786301064514909,0.4794109656892397,0.6299357208448116,0.06510176314150368,548,0
0.02537057002875081,0.5946642013353914,0.43694232538056876,0.40955004591368227,0.06930112282645384,549,0
0.0,0.5488740242983311,0.41615536897490746,0.13957759412304868,0.043305831537426294,550,0
0.0,0.5713794340192991,0.4147614805447913,0.1313131313131313,0.014166661620290207,551,0
0.0,0.608462837449645,0.4394406035645719,0.3108356290174472,0.02704311681772541,553,0
0.0,0.624014129757677,0.450622039076415,0.3213957759412305,0.026555672521081018,555,0
0.0,0.6236283780483426,0.4188594647356284,0.20569329660238753,0.033654176627384465,556,0
0.0,0.579399203023044,0.4219096387669235,0.17722681359044998,0.03345792655300887,557,0
0.0057444852941176475,0.5827880814192967,0.4375209592592108,0.3452708907254362,0.026609175863391753,558,0
0.004616477272727273,0.5313311175989033,0.4228174971474916,0.20385674931129474,0.03332162988810059,559,0
0.0,0.650585253205062,0.4364050606815111,0.3314967860422406,0.043467784652374206,560,0
0.0046875,0.8429060688796691,0.4197831301439685,0.4646464646464646,0.01970058594599211,561,0
0.0,0.6035119795817466,0.43393394342027974,0.22773186409550047,0.01990357552681319,562,0
0.0,0.5653380916864015,0.4153477213636802,0.14508723599632692,0.043500490403521906,563,0
0.0,0.5869142951992624,0.4165831784794576,0.1662075298438935,0.031449198006014374,564,0
0.0,0.745088719883155,0.4387743994667402,0.43067033976124885,0.06653307503468446,566,0
0.014687070741758242,0.9477487728365304,0.4808873185849066,0.7924701561065198,0.06165829428420968,567,0
0.03758569612705982,0.7127889137169372,0.4800104485825784,0.7208448117539027,0.13422565365256064,568,0
0.01171875,0.6855950814067531,0.470556451701774,0.62534435261708,0.07561760149112536,569,0
0.006610576923076923,0.6182909230631883,0.4372991489144646,0.37924701561065194,0.06179549251652894,570,0
0.0,0.5709096619911687,0.43345029013000524,0.236455463728191,0.023393939039600138,571,0
0.0,0.6518559848755038,0.4345648700004899,0.32231404958677684,0.04250007731806334,572,0
0.0,0.9588323687707299,0.4428336457678645,0.5376492194674013,0.03945159918320971,573,0
0.0,0.8639573354306633,0.4839467584806531,0.6602387511478421,0.12157205361815826,575,0
0.0,0.5993503359537988,0.41437584692665574,0.18962350780532597,0.016834380209821552,576,0
0.02636278256881491,0.6446778089615549,0.44615134177812055,0.519742883379247,0.08080902030500657,578,0
0.007401315789473684,0.9216376932204114,0.4581593463069451,0.6896235078053259,0.10099424150391997,579,0
0.0,0.8806645381046241,0.43950100145370696,0.49954086317722685,0.07505500751948446,580,0
0.0,0.713955290036659,0.4368323536676109,0.4077134986225895,0.04663042577831299,581,0
0.0,0.6781792499482883,0.4258210078306225,0.30027548209366395,0.03898135780873516,582,0
0.0,0.5246959800931684,0.41477747181298175,0.11202938475665747,0.028793746556490973,583,0
0.0,0.623085097765692,0.4303677010026899,0.28787878787878785,0.02316692802685822,584,0
0.0,0.597845171233469,0.4319090835703743,0.21854912764003676,0.01916974847939699,585,0
0.0,0.6191583363360934,0.4182574920709107,0.22176308539944903,0.018429322522313375,586,0
0.015147204715219421,0.7846365256989518,0.47222931325730816,0.7006427915518825,0.04779258744860393,587,0
0.0,0.7483188739935004,0.4528654061516405,0.5009182736455463,0.03924745204437367,590,0
0.0,0.791824426711432,0.4494198615895879,0.5188246097337007,0.0781211078449636,592,0
0.0,0.768551956443778,0.39852679440334127,0.3370064279155189,0.029963395056652065,593,0
0.0,0.6304219590623755,0.4402481864475019,0.32782369146005513,0.04474975253282667,594,0
0.006869612068965517,0.889830060480897,0.44226654900851975,0.6189164370982553,0.03860053920251792,595,0
0.0,0.555890487966437,0.46836532216656274,0.3314967860422406,0.033616623519529376,596,0
0.01171875,0.6053988071329793,0.43425409022158323,0.37924701561065194,0.0439355518656101,597,0
0.0,0.4951550995612021,0.44188525053719024,0.18824609733700645,0.020855258623471783,598,0
0.0046875,0.5354666828249405,0.43259216389426824,0.2405876951331497,0.01917157103635493,599,0
0.006196120689655173,0.8205358708144903,0.4861773243104304,0.71900826446281,0.12566616058935381,601,0
0.0,0.7584488595375407,0.46727126597746693,0.566574839302112,0.09300659705619309,602,0
0.03913716756691648,1.3700940519846256,0.6741446084897927,0.8833792470156107,0.8676852350239024,604,0
0.10674003357864488,2.538461195749324,0.7520328312226219,0.9026629935720845,0.9782100091182186,605,0
