fold,model,k,positives,expected_TP,min_TP,max_TP
train_fold_0,random_forest,13,2,2.0,2,2
train_fold_0,relationship,13,2,2.0,2,2
train_fold_0,isolation_forest,13,2,1.0,1,1
train_fold_0,mean_percentile,13,2,2.0,2,2
train_fold_0,stacking_lr,13,2,1.0,1,1
train_fold_1,random_forest,13,3,3.0,3,3
train_fold_1,relationship,13,3,1.0,1,1
train_fold_1,isolation_forest,13,3,1.0,1,1
train_fold_1,mean_percentile,13,3,2.0,2,2
train_fold_1,stacking_lr,13,3,3.0,3,3
train_fold_2,random_forest,13,3,2.0,2,2
train_fold_2,relationship,13,3,2.0,2,2
train_fold_2,isolation_forest,13,3,2.0,2,2
train_fold_2,mean_percentile,13,3,3.0,3,3
train_fold_2,stacking_lr,13,3,3.0,3,3
train_fold_3,random_forest,13,3,3.0,3,3
train_fold_3,relationship,13,3,1.0,1,1
train_fold_3,isolation_forest,13,3,2.0,2,2
train_fold_3,mean_percentile,13,3,1.0,1,1
train_fold_3,stacking_lr,13,3,3.0,3,3
